[0.000000] (-) TimerEvent: {}
[0.000446] (hiveflight_interfaces) JobQueued: {'identifier': 'hiveflight_interfaces', 'dependencies': OrderedDict()}
[0.000672] (hiveflight_sim) JobQueued: {'identifier': 'hiveflight_sim', 'dependencies': OrderedDict([('hiveflight_interfaces', '/mnt/c/work/ubuntu_work/HiveFlight/ros2_ws/install')])}
[0.000875] (hiveflight_sim_node) JobQueued: {'identifier': 'hiveflight_sim_node', 'dependencies': OrderedDict([('hiveflight_interfaces', '/mnt/c/work/ubuntu_work/HiveFlight/ros2_ws/install'), ('hiveflight_sim', '/mnt/c/work/ubuntu_work/HiveFlight/ros2_ws/install')])}
[0.001075] (hiveflight_interfaces) JobStarted: {'identifier': 'hiveflight_interfaces'}
[0.099519] (-) TimerEvent: {}
[0.162986] (hiveflight_interfaces) JobProgress: {'identifier': 'hiveflight_interfaces', 'progress': 'cmake'}
[0.199555] (-) TimerEvent: {}
[0.215597] (hiveflight_interfaces) Command: {'cmd': ['/usr/bin/cmake', '/mnt/c/work/ubuntu_work/HiveFlight/ros2_ws/src/hiveflight_interfaces', '-DCMAKE_INSTALL_PREFIX=/mnt/c/work/ubuntu_work/HiveFlight/ros2_ws/install'], 'cwd': '/mnt/c/work/ubuntu_work/HiveFlight/ros2_ws/build/hiveflight_interfaces', 'env': OrderedDict([('LESSOPEN', '| /usr/bin/lesspipe %s'), ('USER', 'ivano'), ('SHLVL', '2'), ('LD_LIBRARY_PATH', '/opt/ros/humble/opt/rviz_ogre_vendor/lib:/opt/ros/humble/lib/x86_64-linux-gnu:/opt/ros/humble/lib'), ('MOTD_SHOWN', 'update-motd'), ('HOME', '/home/ivano'), ('ROS_PYTHON_VERSION', '3'), ('DBUS_SESSION_BUS_ADDRESS', 'unix:path=/run/user/1000/bus'), ('WSL_DISTRO_NAME', 'Ubuntu-22.04'), ('WAYLAND_DISPLAY', 'wayland-0'), ('ROS_DISTRO', 'humble'), ('LOGNAME', 'ivano'), ('NAME', 'LAPTOP-7K9MEH4D'), ('WSL_INTEROP', '/run/WSL/331_interop'), ('PULSE_SERVER', 'unix:/mnt/wslg/PulseServer'), ('_', '/usr/bin/colcon'), ('ROS_VERSION', '2'), ('TERM', 'xterm-256color'), ('ROS_LOCALHOST_ONLY', '0'), ('PATH', '/opt/ros/humble/bin:/usr/local/sbin:/usr/local/bin:/usr/sbin:/usr/bin:/sbin:/bin:/usr/games:/usr/local/games:/usr/lib/wsl/lib:/mnt/c/Users/ivano/AppData/Roaming/Code/User/globalStorage/github.copilot-chat/debugCommand:/mnt/c/Users/ivano/AppData/Roaming/Code/User/globalStorage/github.copilot-chat/copilotCli:/mnt/c/windows/system32:/mnt/c/windows:/mnt/c/windows/System32/Wbem:/mnt/c/windows/System32/WindowsPowerShell/v1.0/:/mnt/c/windows/System32/OpenSSH/:/mnt/c/Program Files/HP/1E.Performance.Assist/Extensibility/NomadBranch:/mnt/c/Program Files/CMake/bin:/mnt/c/Program Files (x86)/Windows Kits/10/Windows Performance Toolkit/:/mnt/c/Program Files/Git/cmd:/mnt/c/windows/system32:/mnt/c/windows:/mnt/c/windows/System32/Wbem:/mnt/c/windows/System32/WindowsPowerShell/v1.0/:/mnt/c/windows/System32/OpenSSH/:/mnt/c/Program Files/HP/1E.Performance.Assist/Extensibility/NomadBranch:/mnt/c/Program Files/CMake/bin:/mnt/c/Program Files (x86)/Windows Kits/10/Windows Performance Toolkit/:/mnt/c/Program Files/Git/cmd:/mnt/c/vcpkg:/mnt/c/Users/ivano/AppData/Local/Programs/Microsoft VS Code/bin:/snap/bin'), ('XDG_RUNTIME_DIR', '/run/user/1000'), ('DISPLAY', ':0'), ('LANG', 'C.UTF-8'), ('LS_COLORS', 'rs=0:di=01;34:ln=01;36:mh=00:pi=40;33:so=01;35:do=01;35:bd=40;33;01:cd=40;33;01:or=40;31;01:mi=00:su=37;41:sg=30;43:ca=30;41:tw=30;42:ow=34;42:st=37;44:ex=01;32:*.tar=01;31:*.tgz=01;31:*.arc=01;31:*.arj=01;31:*.taz=01;31:*.lha=01;31:*.lz4=01;31:*.lzh=01;31:*.lzma=01;31:*.tlz=01;31:*.txz=01;31:*.tzo=01;31:*.t7z=01;31:*.zip=01;31:*.z=01;31:*.dz=01;31:*.gz=01;31:*.lrz=01;31:*.lz=01;31:*.lzo=01;31:*.xz=01;31:*.zst=01;31:*.tzst=01;31:*.bz2=01;31:*.bz=01;31:*.tbz=01;31:*.tbz2=01;31:*.tz=01;31:*.deb=01;31:*.rpm=01;31:*.jar=01;31:*.war=01;31:*.ear=01;31:*.sar=01;31:*.rar=01;31:*.alz=01;31:*.ace=01;31:*.zoo=01;31:*.cpio=01;31:*.7z=01;31:*.rz=01;31:*.cab=01;31:*.wim=01;31:*.swm=01;31:*.dwm=01;31:*.esd=01;31:*.jpg=01;35:*.jpeg=01;35:*.mjpg=01;35:*.mjpeg=01;35:*.gif=01;35:*.bmp=01;35:*.pbm=01;35:*.pgm=01;35:*.ppm=01;35:*.tga=01;35:*.xbm=01;35:*.xpm=01;35:*.tif=01;35:*.tiff=01;35:*.png=01;35:*.svg=01;35:*.svgz=01;35:*.mng=01;35:*.pcx=01;35:*.mov=01;35:*.mpg=01;35:*.mpeg=01;35:*.m2v=01;35:*.mkv=01;35:*.webm=01;35:*.webp=01;35:*.ogm=01;35:*.mp4=01;35:*.m4v=01;35:*.mp4v=01;35:*.vob=01;35:*.qt=01;35:*.nuv=01;35:*.wmv=01;35:*.asf=01;35:*.rm=01;35:*.rmvb=01;35:*.flc=01;35:*.avi=01;35:*.fli=01;35:*.flv=01;35:*.gl=01;35:*.dl=01;35:*.xcf=01;35:*.xwd=01;35:*.yuv=01;35:*.cgm=01;35:*.emf=01;35:*.ogv=01;35:*.ogx=01;35:*.aac=00;36:*.au=00;36:*.flac=00;36:*.m4a=00;36:*.mid=00;36:*.midi=00;36:*.mka=00;36:*.mp3=00;36:*.mpc=00;36:*.ogg=00;36:*.ra=00;36:*.wav=00;36:*.oga=00;36:*.opus=00;36:*.spx=00;36:*.xspf=00;36:'), ('AMENT_PREFIX_PATH', '/opt/ros/humble'), ('SHELL', '/bin/bash'), ('LESSCLOSE', '/usr/bin/lesspipe %s %s'), ('PWD', '/mnt/c/work/ubuntu_work/HiveFlight/ros2_ws/build/hiveflight_interfaces'), ('XDG_DATA_DIRS', '/usr/local/share:/usr/share:/var/lib/snapd/desktop'), ('PYTHONPATH', '/opt/ros/humble/lib/python3.10/site-packages:/opt/ros/humble/local/lib/python3.10/dist-packages'), ('COLCON', '1'), ('WSL2_GUI_APPS_ENABLED', '1'), ('HOSTTYPE', 'x86_64'), ('WSLENV', ''), ('CMAKE_PREFIX_PATH', '/opt/ros/humble')]), 'shell': False}
[0.384197] (-) TimerEvent: {}
[0.484637] (-) TimerEvent: {}
[0.585144] (-) TimerEvent: {}
[0.685913] (-) TimerEvent: {}
[0.786536] (-) TimerEvent: {}
[0.787398] (hiveflight_interfaces) StdoutLine: {'line': b'-- The C compiler identification is GNU 11.4.0\n'}
[0.886655] (-) TimerEvent: {}
[0.987232] (-) TimerEvent: {}
[1.087834] (-) TimerEvent: {}
[1.188454] (-) TimerEvent: {}
[1.289060] (-) TimerEvent: {}
[1.320188] (hiveflight_interfaces) StdoutLine: {'line': b'-- The CXX compiler identification is GNU 11.4.0\n'}
[1.389203] (-) TimerEvent: {}
[1.489764] (-) TimerEvent: {}
[1.590352] (-) TimerEvent: {}
[1.613353] (hiveflight_interfaces) StdoutLine: {'line': b'-- Detecting C compiler ABI info\n'}
[1.690496] (-) TimerEvent: {}
[1.791233] (-) TimerEvent: {}
[1.891864] (-) TimerEvent: {}
[1.992359] (-) TimerEvent: {}
[2.092940] (-) TimerEvent: {}
[2.154104] (hiveflight_interfaces) StdoutLine: {'line': b'-- Detecting C compiler ABI info - done\n'}
[2.175800] (hiveflight_interfaces) StdoutLine: {'line': b'-- Check for working C compiler: /usr/bin/cc - skipped\n'}
[2.177570] (hiveflight_interfaces) StdoutLine: {'line': b'-- Detecting C compile features\n'}
[2.178612] (hiveflight_interfaces) StdoutLine: {'line': b'-- Detecting C compile features - done\n'}
[2.193070] (-) TimerEvent: {}
[2.236700] (hiveflight_interfaces) StdoutLine: {'line': b'-- Detecting CXX compiler ABI info\n'}
[2.293211] (-) TimerEvent: {}
[2.393791] (-) TimerEvent: {}
[2.494403] (-) TimerEvent: {}
[2.595173] (-) TimerEvent: {}
[2.695768] (-) TimerEvent: {}
[2.780887] (hiveflight_interfaces) StdoutLine: {'line': b'-- Detecting CXX compiler ABI info - done\n'}
[2.795852] (-) TimerEvent: {}
[2.802549] (hiveflight_interfaces) StdoutLine: {'line': b'-- Check for working CXX compiler: /usr/bin/c++ - skipped\n'}
[2.803816] (hiveflight_interfaces) StdoutLine: {'line': b'-- Detecting CXX compile features\n'}
[2.804684] (hiveflight_interfaces) StdoutLine: {'line': b'-- Detecting CXX compile features - done\n'}
[2.855613] (hiveflight_interfaces) StdoutLine: {'line': b'-- Found ament_cmake: 1.3.14 (/opt/ros/humble/share/ament_cmake/cmake)\n'}
[2.896000] (-) TimerEvent: {}
[2.963939] (hiveflight_interfaces) StdoutLine: {'line': b'-- Found Python3: /usr/bin/python3 (found version "3.10.12") found components: Interpreter \n'}
[2.996139] (-) TimerEvent: {}
[3.096747] (-) TimerEvent: {}
[3.133280] (hiveflight_interfaces) StdoutLine: {'line': b'-- Found geometry_msgs: 4.9.1 (/opt/ros/humble/share/geometry_msgs/cmake)\n'}
[3.196887] (-) TimerEvent: {}
[3.276870] (hiveflight_interfaces) StdoutLine: {'line': b'-- Found rosidl_generator_c: 3.1.8 (/opt/ros/humble/share/rosidl_generator_c/cmake)\n'}
[3.281965] (hiveflight_interfaces) StdoutLine: {'line': b'-- Found rosidl_adapter: 3.1.8 (/opt/ros/humble/share/rosidl_adapter/cmake)\n'}
[3.292460] (hiveflight_interfaces) StdoutLine: {'line': b'-- Found rosidl_generator_cpp: 3.1.8 (/opt/ros/humble/share/rosidl_generator_cpp/cmake)\n'}
[3.296976] (-) TimerEvent: {}
[3.308851] (hiveflight_interfaces) StdoutLine: {'line': b'-- Using all available rosidl_typesupport_c: rosidl_typesupport_fastrtps_c;rosidl_typesupport_introspection_c\n'}
[3.327435] (hiveflight_interfaces) StdoutLine: {'line': b'-- Using all available rosidl_typesupport_cpp: rosidl_typesupport_fastrtps_cpp;rosidl_typesupport_introspection_cpp\n'}
[3.369412] (hiveflight_interfaces) StdoutLine: {'line': b'-- Found rosidl_default_generators: 1.2.1 (/opt/ros/humble/share/rosidl_default_generators/cmake)\n'}
[3.397069] (-) TimerEvent: {}
[3.497790] (-) TimerEvent: {}
[3.598372] (-) TimerEvent: {}
[3.698958] (-) TimerEvent: {}
[3.800039] (-) TimerEvent: {}
[3.900670] (-) TimerEvent: {}
[4.001490] (-) TimerEvent: {}
[4.102054] (-) TimerEvent: {}
[4.182096] (hiveflight_interfaces) StdoutLine: {'line': b'-- Found ament_cmake_ros: 0.10.0 (/opt/ros/humble/share/ament_cmake_ros/cmake)\n'}
[4.202196] (-) TimerEvent: {}
[4.302995] (-) TimerEvent: {}
[4.403576] (-) TimerEvent: {}
[4.504072] (-) TimerEvent: {}
[4.604633] (-) TimerEvent: {}
[4.705235] (-) TimerEvent: {}
[4.805875] (-) TimerEvent: {}
[4.906480] (-) TimerEvent: {}
[5.007173] (-) TimerEvent: {}
[5.108088] (-) TimerEvent: {}
[5.208650] (-) TimerEvent: {}
[5.309168] (-) TimerEvent: {}
[5.409742] (-) TimerEvent: {}
[5.510403] (-) TimerEvent: {}
[5.611085] (-) TimerEvent: {}
[5.711820] (-) TimerEvent: {}
[5.812305] (-) TimerEvent: {}
[5.912892] (-) TimerEvent: {}
[6.013504] (-) TimerEvent: {}
[6.114201] (-) TimerEvent: {}
[6.214755] (-) TimerEvent: {}
[6.315489] (-) TimerEvent: {}
[6.318611] (hiveflight_interfaces) StdoutLine: {'line': b'-- Using all available rosidl_typesupport_c: rosidl_typesupport_fastrtps_c;rosidl_typesupport_introspection_c\n'}
[6.415607] (-) TimerEvent: {}
[6.516168] (-) TimerEvent: {}
[6.616783] (-) TimerEvent: {}
[6.717274] (-) TimerEvent: {}
[6.817870] (-) TimerEvent: {}
[6.918382] (-) TimerEvent: {}
[7.018905] (-) TimerEvent: {}
[7.080716] (hiveflight_interfaces) StdoutLine: {'line': b'-- Using all available rosidl_typesupport_cpp: rosidl_typesupport_fastrtps_cpp;rosidl_typesupport_introspection_cpp\n'}
[7.119073] (-) TimerEvent: {}
[7.193490] (hiveflight_interfaces) StdoutLine: {'line': b'-- Found PythonInterp: /usr/bin/python3 (found suitable version "3.10.12", minimum required is "3.6") \n'}
[7.195509] (hiveflight_interfaces) StdoutLine: {'line': b'-- Found python_cmake_module: 0.10.0 (/opt/ros/humble/share/python_cmake_module/cmake)\n'}
[7.219217] (-) TimerEvent: {}
[7.319789] (-) TimerEvent: {}
[7.420475] (-) TimerEvent: {}
[7.500692] (hiveflight_interfaces) StdoutLine: {'line': b'-- Found PythonLibs: /usr/lib/x86_64-linux-gnu/libpython3.10.so (found suitable version "3.10.12", minimum required is "3.5") \n'}
[7.502008] (hiveflight_interfaces) StdoutLine: {'line': b'-- Using PYTHON_EXECUTABLE: /usr/bin/python3\n'}
[7.503154] (hiveflight_interfaces) StdoutLine: {'line': b'-- Using PYTHON_INCLUDE_DIRS: /usr/include/python3.10\n'}
[7.504104] (hiveflight_interfaces) StdoutLine: {'line': b'-- Using PYTHON_LIBRARIES: /usr/lib/x86_64-linux-gnu/libpython3.10.so\n'}
[7.517623] (hiveflight_interfaces) StdoutLine: {'line': b'-- Found PythonExtra: .so  \n'}
[7.520591] (-) TimerEvent: {}
[7.621103] (-) TimerEvent: {}
[7.721638] (-) TimerEvent: {}
[7.822205] (-) TimerEvent: {}
[7.922768] (-) TimerEvent: {}
[8.023617] (-) TimerEvent: {}
[8.124215] (-) TimerEvent: {}
[8.224806] (-) TimerEvent: {}
[8.325479] (-) TimerEvent: {}
[8.426184] (-) TimerEvent: {}
[8.527135] (-) TimerEvent: {}
[8.628037] (-) TimerEvent: {}
[8.728520] (-) TimerEvent: {}
[8.829125] (-) TimerEvent: {}
[8.929968] (-) TimerEvent: {}
[9.030591] (-) TimerEvent: {}
[9.131123] (-) TimerEvent: {}
[9.213897] (hiveflight_interfaces) StdoutLine: {'line': b'-- Configuring done\n'}
[9.231218] (-) TimerEvent: {}
[9.331743] (-) TimerEvent: {}
[9.432320] (-) TimerEvent: {}
[9.532954] (-) TimerEvent: {}
[9.633523] (-) TimerEvent: {}
[9.734238] (-) TimerEvent: {}
[9.834855] (-) TimerEvent: {}
[9.935446] (-) TimerEvent: {}
[10.035995] (-) TimerEvent: {}
[10.136559] (-) TimerEvent: {}
[10.237183] (-) TimerEvent: {}
[10.337961] (-) TimerEvent: {}
[10.438613] (-) TimerEvent: {}
[10.539164] (-) TimerEvent: {}
[10.639783] (-) TimerEvent: {}
[10.740435] (-) TimerEvent: {}
[10.840942] (-) TimerEvent: {}
[10.941737] (-) TimerEvent: {}
[11.042298] (-) TimerEvent: {}
[11.109541] (hiveflight_interfaces) StdoutLine: {'line': b'-- Generating done\n'}
[11.142465] (-) TimerEvent: {}
[11.243108] (-) TimerEvent: {}
[11.343712] (-) TimerEvent: {}
[11.444286] (-) TimerEvent: {}
[11.544831] (-) TimerEvent: {}
[11.645407] (-) TimerEvent: {}
[11.746008] (-) TimerEvent: {}
[11.770886] (hiveflight_interfaces) StdoutLine: {'line': b'-- Build files have been written to: /mnt/c/work/ubuntu_work/HiveFlight/ros2_ws/build/hiveflight_interfaces\n'}
[11.780980] (hiveflight_interfaces) CommandEnded: {'returncode': 0}
[11.786674] (hiveflight_interfaces) JobProgress: {'identifier': 'hiveflight_interfaces', 'progress': 'build'}
[11.793390] (hiveflight_interfaces) Command: {'cmd': ['/usr/bin/cmake', '--build', '/mnt/c/work/ubuntu_work/HiveFlight/ros2_ws/build/hiveflight_interfaces', '--', '-j16', '-l16'], 'cwd': '/mnt/c/work/ubuntu_work/HiveFlight/ros2_ws/build/hiveflight_interfaces', 'env': OrderedDict([('LESSOPEN', '| /usr/bin/lesspipe %s'), ('USER', 'ivano'), ('SHLVL', '2'), ('LD_LIBRARY_PATH', '/opt/ros/humble/opt/rviz_ogre_vendor/lib:/opt/ros/humble/lib/x86_64-linux-gnu:/opt/ros/humble/lib'), ('MOTD_SHOWN', 'update-motd'), ('HOME', '/home/ivano'), ('ROS_PYTHON_VERSION', '3'), ('DBUS_SESSION_BUS_ADDRESS', 'unix:path=/run/user/1000/bus'), ('WSL_DISTRO_NAME', 'Ubuntu-22.04'), ('WAYLAND_DISPLAY', 'wayland-0'), ('ROS_DISTRO', 'humble'), ('LOGNAME', 'ivano'), ('NAME', 'LAPTOP-7K9MEH4D'), ('WSL_INTEROP', '/run/WSL/331_interop'), ('PULSE_SERVER', 'unix:/mnt/wslg/PulseServer'), ('_', '/usr/bin/colcon'), ('ROS_VERSION', '2'), ('TERM', 'xterm-256color'), ('ROS_LOCALHOST_ONLY', '0'), ('PATH', '/opt/ros/humble/bin:/usr/local/sbin:/usr/local/bin:/usr/sbin:/usr/bin:/sbin:/bin:/usr/games:/usr/local/games:/usr/lib/wsl/lib:/mnt/c/Users/ivano/AppData/Roaming/Code/User/globalStorage/github.copilot-chat/debugCommand:/mnt/c/Users/ivano/AppData/Roaming/Code/User/globalStorage/github.copilot-chat/copilotCli:/mnt/c/windows/system32:/mnt/c/windows:/mnt/c/windows/System32/Wbem:/mnt/c/windows/System32/WindowsPowerShell/v1.0/:/mnt/c/windows/System32/OpenSSH/:/mnt/c/Program Files/HP/1E.Performance.Assist/Extensibility/NomadBranch:/mnt/c/Program Files/CMake/bin:/mnt/c/Program Files (x86)/Windows Kits/10/Windows Performance Toolkit/:/mnt/c/Program Files/Git/cmd:/mnt/c/windows/system32:/mnt/c/windows:/mnt/c/windows/System32/Wbem:/mnt/c/windows/System32/WindowsPowerShell/v1.0/:/mnt/c/windows/System32/OpenSSH/:/mnt/c/Program Files/HP/1E.Performance.Assist/Extensibility/NomadBranch:/mnt/c/Program Files/CMake/bin:/mnt/c/Program Files (x86)/Windows Kits/10/Windows Performance Toolkit/:/mnt/c/Program Files/Git/cmd:/mnt/c/vcpkg:/mnt/c/Users/ivano/AppData/Local/Programs/Microsoft VS Code/bin:/snap/bin'), ('XDG_RUNTIME_DIR', '/run/user/1000'), ('DISPLAY', ':0'), ('LANG', 'C.UTF-8'), ('LS_COLORS', 'rs=0:di=01;34:ln=01;36:mh=00:pi=40;33:so=01;35:do=01;35:bd=40;33;01:cd=40;33;01:or=40;31;01:mi=00:su=37;41:sg=30;43:ca=30;41:tw=30;42:ow=34;42:st=37;44:ex=01;32:*.tar=01;31:*.tgz=01;31:*.arc=01;31:*.arj=01;31:*.taz=01;31:*.lha=01;31:*.lz4=01;31:*.lzh=01;31:*.lzma=01;31:*.tlz=01;31:*.txz=01;31:*.tzo=01;31:*.t7z=01;31:*.zip=01;31:*.z=01;31:*.dz=01;31:*.gz=01;31:*.lrz=01;31:*.lz=01;31:*.lzo=01;31:*.xz=01;31:*.zst=01;31:*.tzst=01;31:*.bz2=01;31:*.bz=01;31:*.tbz=01;31:*.tbz2=01;31:*.tz=01;31:*.deb=01;31:*.rpm=01;31:*.jar=01;31:*.war=01;31:*.ear=01;31:*.sar=01;31:*.rar=01;31:*.alz=01;31:*.ace=01;31:*.zoo=01;31:*.cpio=01;31:*.7z=01;31:*.rz=01;31:*.cab=01;31:*.wim=01;31:*.swm=01;31:*.dwm=01;31:*.esd=01;31:*.jpg=01;35:*.jpeg=01;35:*.mjpg=01;35:*.mjpeg=01;35:*.gif=01;35:*.bmp=01;35:*.pbm=01;35:*.pgm=01;35:*.ppm=01;35:*.tga=01;35:*.xbm=01;35:*.xpm=01;35:*.tif=01;35:*.tiff=01;35:*.png=01;35:*.svg=01;35:*.svgz=01;35:*.mng=01;35:*.pcx=01;35:*.mov=01;35:*.mpg=01;35:*.mpeg=01;35:*.m2v=01;35:*.mkv=01;35:*.webm=01;35:*.webp=01;35:*.ogm=01;35:*.mp4=01;35:*.m4v=01;35:*.mp4v=01;35:*.vob=01;35:*.qt=01;35:*.nuv=01;35:*.wmv=01;35:*.asf=01;35:*.rm=01;35:*.rmvb=01;35:*.flc=01;35:*.avi=01;35:*.fli=01;35:*.flv=01;35:*.gl=01;35:*.dl=01;35:*.xcf=01;35:*.xwd=01;35:*.yuv=01;35:*.cgm=01;35:*.emf=01;35:*.ogv=01;35:*.ogx=01;35:*.aac=00;36:*.au=00;36:*.flac=00;36:*.m4a=00;36:*.mid=00;36:*.midi=00;36:*.mka=00;36:*.mp3=00;36:*.mpc=00;36:*.ogg=00;36:*.ra=00;36:*.wav=00;36:*.oga=00;36:*.opus=00;36:*.spx=00;36:*.xspf=00;36:'), ('AMENT_PREFIX_PATH', '/opt/ros/humble'), ('SHELL', '/bin/bash'), ('LESSCLOSE', '/usr/bin/lesspipe %s %s'), ('PWD', '/mnt/c/work/ubuntu_work/HiveFlight/ros2_ws/build/hiveflight_interfaces'), ('XDG_DATA_DIRS', '/usr/local/share:/usr/share:/var/lib/snapd/desktop'), ('PYTHONPATH', '/opt/ros/humble/lib/python3.10/site-packages:/opt/ros/humble/local/lib/python3.10/dist-packages'), ('COLCON', '1'), ('WSL2_GUI_APPS_ENABLED', '1'), ('HOSTTYPE', 'x86_64'), ('WSLENV', ''), ('CMAKE_PREFIX_PATH', '/opt/ros/humble')]), 'shell': False}
[11.846133] (-) TimerEvent: {}
[11.939188] (hiveflight_interfaces) StderrLine: {'line': b"gmake[1]: Warning: File 'CMakeFiles/Makefile2' has modification time 0.032 s in the future\n"}
[11.946234] (-) TimerEvent: {}
[11.983477] (hiveflight_interfaces) StdoutLine: {'line': b'[  3%] \x1b[34m\x1b[1mGenerating C code for ROS interfaces\x1b[0m\n'}
[12.013807] (hiveflight_interfaces) StdoutLine: {'line': b'[  6%] \x1b[34m\x1b[1mGenerating C++ code for ROS interfaces\x1b[0m\n'}
[12.023784] (hiveflight_interfaces) StdoutLine: {'line': b'[  9%] \x1b[34m\x1b[1mGenerating Rust code for ROS interfaces\x1b[0m\n'}
[12.046372] (-) TimerEvent: {}
[12.050374] (hiveflight_interfaces) StdoutLine: {'line': b'[  9%] Built target ament_cmake_python_copy_hiveflight_interfaces\n'}
[12.146509] (-) TimerEvent: {}
[12.247194] (-) TimerEvent: {}
[12.248199] (hiveflight_interfaces) StdoutLine: {'line': b'[  9%] Built target hiveflight_interfaces__cpp\n'}
[12.264289] (hiveflight_interfaces) StdoutLine: {'line': b'[  9%] Built target hiveflight_interfaces__rs\n'}
[12.284579] (hiveflight_interfaces) StdoutLine: {'line': b'running egg_info\n'}
[12.285894] (hiveflight_interfaces) StdoutLine: {'line': b'creating hiveflight_interfaces.egg-info\n'}
[12.288358] (hiveflight_interfaces) StdoutLine: {'line': b'writing hiveflight_interfaces.egg-info/PKG-INFO\n'}
[12.289731] (hiveflight_interfaces) StdoutLine: {'line': b'[ 15%] \x1b[34m\x1b[1mGenerating C++ introspection for ROS interfaces\x1b[0m\n'}
[12.291214] (hiveflight_interfaces) StdoutLine: {'line': b'[ 15%] \x1b[34m\x1b[1mGenerating C++ type support dispatch for ROS interfaces\x1b[0m\n'}
[12.294313] (hiveflight_interfaces) StdoutLine: {'line': b'writing dependency_links to hiveflight_interfaces.egg-info/dependency_links.txt\n'}
[12.297567] (hiveflight_interfaces) StdoutLine: {'line': b'[ 18%] \x1b[34m\x1b[1mGenerating C++ type support for eProsima Fast-RTPS\x1b[0m\n'}
[12.307761] (hiveflight_interfaces) StdoutLine: {'line': b'writing top-level names to hiveflight_interfaces.egg-info/top_level.txt\n'}
[12.311670] (hiveflight_interfaces) StderrLine: {'line': b"gmake[2]: Warning: File 'rosidl_generator_c/hiveflight_interfaces/msg/detail/drone_message__functions.c' has modification time 0.59 s in the future\n"}
[12.315879] (hiveflight_interfaces) StdoutLine: {'line': b"writing manifest file 'hiveflight_interfaces.egg-info/SOURCES.txt'\n"}
[12.343977] (hiveflight_interfaces) StdoutLine: {'line': b'[ 21%] \x1b[32mBuilding C object CMakeFiles/hiveflight_interfaces__rosidl_generator_c.dir/rosidl_generator_c/hiveflight_interfaces/msg/detail/drone_message__functions.c.o\x1b[0m\n'}
[12.347240] (-) TimerEvent: {}
[12.351113] (hiveflight_interfaces) StdoutLine: {'line': b"reading manifest file 'hiveflight_interfaces.egg-info/SOURCES.txt'\n"}
[12.384832] (hiveflight_interfaces) StdoutLine: {'line': b"writing manifest file 'hiveflight_interfaces.egg-info/SOURCES.txt'\n"}
[12.426741] (hiveflight_interfaces) StdoutLine: {'line': b'[ 21%] Built target ament_cmake_python_build_hiveflight_interfaces_egg\n'}
[12.447370] (-) TimerEvent: {}
[12.511086] (hiveflight_interfaces) StderrLine: {'line': b"gmake[2]: Warning: File 'rosidl_typesupport_cpp/hiveflight_interfaces/msg/drone_message__type_support.cpp' has modification time 0.63 s in the future\n"}
[12.528267] (hiveflight_interfaces) StdoutLine: {'line': b'[ 25%] \x1b[32mBuilding CXX object CMakeFiles/hiveflight_interfaces__rosidl_typesupport_cpp.dir/rosidl_typesupport_cpp/hiveflight_interfaces/msg/drone_message__type_support.cpp.o\x1b[0m\n'}
[12.547528] (-) TimerEvent: {}
[12.563194] (hiveflight_interfaces) StderrLine: {'line': b"gmake[2]: Warning: File 'rosidl_typesupport_introspection_cpp/hiveflight_interfaces/msg/detail/drone_message__type_support.cpp' has modification time 0.64 s in the future\n"}
[12.585806] (hiveflight_interfaces) StdoutLine: {'line': b'[ 28%] \x1b[32mBuilding CXX object CMakeFiles/hiveflight_interfaces__rosidl_typesupport_introspection_cpp.dir/rosidl_typesupport_introspection_cpp/hiveflight_interfaces/msg/detail/drone_message__type_support.cpp.o\x1b[0m\n'}
[12.593149] (hiveflight_interfaces) StderrLine: {'line': b"gmake[2]: Warning: File 'rosidl_typesupport_fastrtps_cpp/hiveflight_interfaces/msg/detail/dds_fastrtps/drone_message__type_support.cpp' has modification time 0.6 s in the future\n"}
[12.602744] (hiveflight_interfaces) StdoutLine: {'line': b'[ 31%] \x1b[32m\x1b[1mLinking C shared library libhiveflight_interfaces__rosidl_generator_c.so\x1b[0m\n'}
[12.611310] (hiveflight_interfaces) StdoutLine: {'line': b'[ 34%] \x1b[32mBuilding CXX object CMakeFiles/hiveflight_interfaces__rosidl_typesupport_fastrtps_cpp.dir/rosidl_typesupport_fastrtps_cpp/hiveflight_interfaces/msg/detail/dds_fastrtps/drone_message__type_support.cpp.o\x1b[0m\n'}
[12.647655] (-) TimerEvent: {}
[12.748337] (-) TimerEvent: {}
[12.794817] (hiveflight_interfaces) StderrLine: {'line': b'gmake[2]: warning:  Clock skew detected.  Your build may be incomplete.\n'}
[12.819332] (hiveflight_interfaces) StdoutLine: {'line': b'[ 34%] Built target hiveflight_interfaces__rosidl_generator_c\n'}
[12.848425] (-) TimerEvent: {}
[12.871906] (hiveflight_interfaces) StdoutLine: {'line': b'[ 43%] \x1b[34m\x1b[1mGenerating C type support dispatch for ROS interfaces\x1b[0m\n'}
[12.873506] (hiveflight_interfaces) StdoutLine: {'line': b'[ 43%] \x1b[34m\x1b[1mGenerating C type support for eProsima Fast-RTPS\x1b[0m\n'}
[12.874893] (hiveflight_interfaces) StdoutLine: {'line': b'[ 43%] \x1b[34m\x1b[1mGenerating C introspection for ROS interfaces\x1b[0m\n'}
[12.948510] (-) TimerEvent: {}
[12.990411] (hiveflight_interfaces) StdoutLine: {'line': b'[ 46%] \x1b[32m\x1b[1mLinking CXX shared library libhiveflight_interfaces__rosidl_typesupport_cpp.so\x1b[0m\n'}
[13.048662] (-) TimerEvent: {}
[13.072781] (hiveflight_interfaces) StderrLine: {'line': b"gmake[2]: Warning: File 'rosidl_typesupport_c/hiveflight_interfaces/msg/drone_message__type_support.cpp' has modification time 0.67 s in the future\n"}
[13.092480] (hiveflight_interfaces) StdoutLine: {'line': b'[ 50%] \x1b[32mBuilding CXX object CMakeFiles/hiveflight_interfaces__rosidl_typesupport_c.dir/rosidl_typesupport_c/hiveflight_interfaces/msg/drone_message__type_support.cpp.o\x1b[0m\n'}
[13.122499] (hiveflight_interfaces) StderrLine: {'line': b"gmake[2]: Warning: File 'rosidl_typesupport_introspection_c/hiveflight_interfaces/msg/detail/drone_message__type_support.c' has modification time 0.67 s in the future\n"}
[13.125091] (hiveflight_interfaces) StderrLine: {'line': b"gmake[2]: Warning: File 'rosidl_typesupport_fastrtps_c/hiveflight_interfaces/msg/detail/drone_message__type_support_c.cpp' has modification time 0.67 s in the future\n"}
[13.144366] (hiveflight_interfaces) StdoutLine: {'line': b'[ 56%] \x1b[32mBuilding C object CMakeFiles/hiveflight_interfaces__rosidl_typesupport_introspection_c.dir/rosidl_typesupport_introspection_c/hiveflight_interfaces/msg/detail/drone_message__type_support.c.o\x1b[0m\n'}
[13.146881] (hiveflight_interfaces) StdoutLine: {'line': b'[ 56%] \x1b[32mBuilding CXX object CMakeFiles/hiveflight_interfaces__rosidl_typesupport_fastrtps_c.dir/rosidl_typesupport_fastrtps_c/hiveflight_interfaces/msg/detail/drone_message__type_support_c.cpp.o\x1b[0m\n'}
[13.148799] (-) TimerEvent: {}
[13.220936] (hiveflight_interfaces) StderrLine: {'line': b'gmake[2]: warning:  Clock skew detected.  Your build may be incomplete.\n'}
[13.245962] (hiveflight_interfaces) StdoutLine: {'line': b'[ 56%] Built target hiveflight_interfaces__rosidl_typesupport_cpp\n'}
[13.248909] (-) TimerEvent: {}
[13.271362] (hiveflight_interfaces) StdoutLine: {'line': b'[ 59%] \x1b[32m\x1b[1mLinking CXX shared library libhiveflight_interfaces__rosidl_typesupport_c.so\x1b[0m\n'}
[13.302540] (hiveflight_interfaces) StdoutLine: {'line': b'[ 62%] \x1b[32m\x1b[1mLinking CXX shared library libhiveflight_interfaces__rosidl_typesupport_introspection_cpp.so\x1b[0m\n'}
[13.349144] (-) TimerEvent: {}
[13.429527] (hiveflight_interfaces) StdoutLine: {'line': b'[ 65%] \x1b[32m\x1b[1mLinking CXX shared library libhiveflight_interfaces__rosidl_typesupport_fastrtps_cpp.so\x1b[0m\n'}
[13.449251] (-) TimerEvent: {}
[13.451432] (hiveflight_interfaces) StdoutLine: {'line': b'[ 68%] \x1b[32m\x1b[1mLinking C shared library libhiveflight_interfaces__rosidl_typesupport_introspection_c.so\x1b[0m\n'}
[13.494392] (hiveflight_interfaces) StderrLine: {'line': b'gmake[2]: warning:  Clock skew detected.  Your build may be incomplete.\n'}
[13.517935] (hiveflight_interfaces) StdoutLine: {'line': b'[ 68%] Built target hiveflight_interfaces__rosidl_typesupport_c\n'}
[13.547316] (hiveflight_interfaces) StderrLine: {'line': b'gmake[2]: warning:  Clock skew detected.  Your build may be incomplete.\n'}
[13.549318] (-) TimerEvent: {}
[13.568302] (hiveflight_interfaces) StdoutLine: {'line': b'[ 68%] Built target hiveflight_interfaces__rosidl_typesupport_introspection_cpp\n'}
[13.641438] (hiveflight_interfaces) StderrLine: {'line': b'gmake[2]: warning:  Clock skew detected.  Your build may be incomplete.\n'}
[13.649433] (-) TimerEvent: {}
[13.655392] (hiveflight_interfaces) StderrLine: {'line': b'gmake[2]: warning:  Clock skew detected.  Your build may be incomplete.\n'}
[13.661830] (hiveflight_interfaces) StdoutLine: {'line': b'[ 68%] Built target hiveflight_interfaces__rosidl_typesupport_introspection_c\n'}
[13.675268] (hiveflight_interfaces) StdoutLine: {'line': b'[ 68%] Built target hiveflight_interfaces__rosidl_typesupport_fastrtps_cpp\n'}
[13.749601] (-) TimerEvent: {}
[13.836623] (hiveflight_interfaces) StdoutLine: {'line': b'[ 71%] \x1b[32m\x1b[1mLinking CXX shared library libhiveflight_interfaces__rosidl_typesupport_fastrtps_c.so\x1b[0m\n'}
[13.849709] (-) TimerEvent: {}
[13.950190] (-) TimerEvent: {}
[14.004425] (hiveflight_interfaces) StderrLine: {'line': b'gmake[2]: warning:  Clock skew detected.  Your build may be incomplete.\n'}
[14.022100] (hiveflight_interfaces) StdoutLine: {'line': b'[ 71%] Built target hiveflight_interfaces__rosidl_typesupport_fastrtps_c\n'}
[14.050317] (-) TimerEvent: {}
[14.070679] (hiveflight_interfaces) StdoutLine: {'line': b'[ 71%] Built target hiveflight_interfaces\n'}
[14.133530] (hiveflight_interfaces) StdoutLine: {'line': b'[ 75%] \x1b[34m\x1b[1mGenerating Python code for ROS interfaces\x1b[0m\n'}
[14.150415] (-) TimerEvent: {}
[14.251021] (-) TimerEvent: {}
[14.351533] (-) TimerEvent: {}
[14.362367] (hiveflight_interfaces) StdoutLine: {'line': b'[ 75%] Built target hiveflight_interfaces__py\n'}
[14.420143] (hiveflight_interfaces) StderrLine: {'line': b"gmake[2]: Warning: File 'rosidl_generator_py/hiveflight_interfaces/msg/_drone_message_s.c' has modification time 0.74 s in the future\n"}
[14.436679] (hiveflight_interfaces) StdoutLine: {'line': b'[ 78%] \x1b[32mBuilding C object CMakeFiles/hiveflight_interfaces__rosidl_generator_py.dir/rosidl_generator_py/hiveflight_interfaces/msg/_drone_message_s.c.o\x1b[0m\n'}
[14.451699] (-) TimerEvent: {}
[14.552356] (-) TimerEvent: {}
[14.652949] (-) TimerEvent: {}
[14.753486] (-) TimerEvent: {}
[14.764877] (hiveflight_interfaces) StdoutLine: {'line': b'[ 81%] \x1b[32m\x1b[1mLinking C shared library rosidl_generator_py/hiveflight_interfaces/libhiveflight_interfaces__rosidl_generator_py.so\x1b[0m\n'}
[14.853621] (-) TimerEvent: {}
[14.944833] (hiveflight_interfaces) StderrLine: {'line': b'gmake[2]: warning:  Clock skew detected.  Your build may be incomplete.\n'}
[14.953720] (-) TimerEvent: {}
[14.961155] (hiveflight_interfaces) StdoutLine: {'line': b'[ 81%] Built target hiveflight_interfaces__rosidl_generator_py\n'}
[15.021463] (hiveflight_interfaces) StderrLine: {'line': b"gmake[2]: Warning: File 'rosidl_generator_py/hiveflight_interfaces/_hiveflight_interfaces_s.ep.rosidl_typesupport_c.c' has modification time 0.13 s in the future\n"}
[15.022618] (hiveflight_interfaces) StderrLine: {'line': b"gmake[2]: Warning: File 'rosidl_generator_py/hiveflight_interfaces/_hiveflight_interfaces_s.ep.rosidl_typesupport_introspection_c.c' has modification time 0.13 s in the future\n"}
[15.023853] (hiveflight_interfaces) StderrLine: {'line': b"gmake[2]: Warning: File 'rosidl_generator_py/hiveflight_interfaces/_hiveflight_interfaces_s.ep.rosidl_typesupport_fastrtps_c.c' has modification time 0.095 s in the future\n"}
[15.037587] (hiveflight_interfaces) StdoutLine: {'line': b'[ 90%] \x1b[32mBuilding C object CMakeFiles/hiveflight_interfaces__rosidl_typesupport_fastrtps_c__pyext.dir/rosidl_generator_py/hiveflight_interfaces/_hiveflight_interfaces_s.ep.rosidl_typesupport_fastrtps_c.c.o\x1b[0m\n'}
[15.038776] (hiveflight_interfaces) StdoutLine: {'line': b'[ 90%] \x1b[32mBuilding C object CMakeFiles/hiveflight_interfaces__rosidl_typesupport_c__pyext.dir/rosidl_generator_py/hiveflight_interfaces/_hiveflight_interfaces_s.ep.rosidl_typesupport_c.c.o\x1b[0m\n'}
[15.039854] (hiveflight_interfaces) StdoutLine: {'line': b'[ 90%] \x1b[32mBuilding C object CMakeFiles/hiveflight_interfaces__rosidl_typesupport_introspection_c__pyext.dir/rosidl_generator_py/hiveflight_interfaces/_hiveflight_interfaces_s.ep.rosidl_typesupport_introspection_c.c.o\x1b[0m\n'}
[15.053894] (-) TimerEvent: {}
[15.154471] (-) TimerEvent: {}
[15.255293] (-) TimerEvent: {}
[15.339504] (hiveflight_interfaces) StdoutLine: {'line': b'[ 93%] \x1b[32m\x1b[1mLinking C shared library rosidl_generator_py/hiveflight_interfaces/hiveflight_interfaces_s__rosidl_typesupport_c.cpython-310-x86_64-linux-gnu.so\x1b[0m\n'}
[15.355431] (-) TimerEvent: {}
[15.397267] (hiveflight_interfaces) StdoutLine: {'line': b'[100%] \x1b[32m\x1b[1mLinking C shared library rosidl_generator_py/hiveflight_interfaces/hiveflight_interfaces_s__rosidl_typesupport_fastrtps_c.cpython-310-x86_64-linux-gnu.so\x1b[0m\n'}
[15.398877] (hiveflight_interfaces) StdoutLine: {'line': b'[100%] \x1b[32m\x1b[1mLinking C shared library rosidl_generator_py/hiveflight_interfaces/hiveflight_interfaces_s__rosidl_typesupport_introspection_c.cpython-310-x86_64-linux-gnu.so\x1b[0m\n'}
[15.455559] (-) TimerEvent: {}
[15.543713] (hiveflight_interfaces) StderrLine: {'line': b'gmake[2]: warning:  Clock skew detected.  Your build may be incomplete.\n'}
[15.547714] (hiveflight_interfaces) StderrLine: {'line': b'gmake[2]: warning:  Clock skew detected.  Your build may be incomplete.\n'}
[15.555691] (-) TimerEvent: {}
[15.559958] (hiveflight_interfaces) StdoutLine: {'line': b'[100%] Built target hiveflight_interfaces__rosidl_typesupport_c__pyext\n'}
[15.562973] (hiveflight_interfaces) StdoutLine: {'line': b'[100%] Built target hiveflight_interfaces__rosidl_typesupport_introspection_c__pyext\n'}
[15.582210] (hiveflight_interfaces) StderrLine: {'line': b'gmake[2]: warning:  Clock skew detected.  Your build may be incomplete.\n'}
[15.598138] (hiveflight_interfaces) StdoutLine: {'line': b'[100%] Built target hiveflight_interfaces__rosidl_typesupport_fastrtps_c__pyext\n'}
[15.599298] (hiveflight_interfaces) StderrLine: {'line': b'gmake[1]: warning:  Clock skew detected.  Your build may be incomplete.\n'}
[15.655839] (-) TimerEvent: {}
[15.718997] (hiveflight_interfaces) CommandEnded: {'returncode': 0}
[15.737317] (hiveflight_interfaces) JobProgress: {'identifier': 'hiveflight_interfaces', 'progress': 'install'}
[15.749521] (hiveflight_interfaces) Command: {'cmd': ['/usr/bin/cmake', '--install', '/mnt/c/work/ubuntu_work/HiveFlight/ros2_ws/build/hiveflight_interfaces'], 'cwd': '/mnt/c/work/ubuntu_work/HiveFlight/ros2_ws/build/hiveflight_interfaces', 'env': OrderedDict([('LESSOPEN', '| /usr/bin/lesspipe %s'), ('USER', 'ivano'), ('SHLVL', '2'), ('LD_LIBRARY_PATH', '/opt/ros/humble/opt/rviz_ogre_vendor/lib:/opt/ros/humble/lib/x86_64-linux-gnu:/opt/ros/humble/lib'), ('MOTD_SHOWN', 'update-motd'), ('HOME', '/home/ivano'), ('ROS_PYTHON_VERSION', '3'), ('DBUS_SESSION_BUS_ADDRESS', 'unix:path=/run/user/1000/bus'), ('WSL_DISTRO_NAME', 'Ubuntu-22.04'), ('WAYLAND_DISPLAY', 'wayland-0'), ('ROS_DISTRO', 'humble'), ('LOGNAME', 'ivano'), ('NAME', 'LAPTOP-7K9MEH4D'), ('WSL_INTEROP', '/run/WSL/331_interop'), ('PULSE_SERVER', 'unix:/mnt/wslg/PulseServer'), ('_', '/usr/bin/colcon'), ('ROS_VERSION', '2'), ('TERM', 'xterm-256color'), ('ROS_LOCALHOST_ONLY', '0'), ('PATH', '/opt/ros/humble/bin:/usr/local/sbin:/usr/local/bin:/usr/sbin:/usr/bin:/sbin:/bin:/usr/games:/usr/local/games:/usr/lib/wsl/lib:/mnt/c/Users/ivano/AppData/Roaming/Code/User/globalStorage/github.copilot-chat/debugCommand:/mnt/c/Users/ivano/AppData/Roaming/Code/User/globalStorage/github.copilot-chat/copilotCli:/mnt/c/windows/system32:/mnt/c/windows:/mnt/c/windows/System32/Wbem:/mnt/c/windows/System32/WindowsPowerShell/v1.0/:/mnt/c/windows/System32/OpenSSH/:/mnt/c/Program Files/HP/1E.Performance.Assist/Extensibility/NomadBranch:/mnt/c/Program Files/CMake/bin:/mnt/c/Program Files (x86)/Windows Kits/10/Windows Performance Toolkit/:/mnt/c/Program Files/Git/cmd:/mnt/c/windows/system32:/mnt/c/windows:/mnt/c/windows/System32/Wbem:/mnt/c/windows/System32/WindowsPowerShell/v1.0/:/mnt/c/windows/System32/OpenSSH/:/mnt/c/Program Files/HP/1E.Performance.Assist/Extensibility/NomadBranch:/mnt/c/Program Files/CMake/bin:/mnt/c/Program Files (x86)/Windows Kits/10/Windows Performance Toolkit/:/mnt/c/Program Files/Git/cmd:/mnt/c/vcpkg:/mnt/c/Users/ivano/AppData/Local/Programs/Microsoft VS Code/bin:/snap/bin'), ('XDG_RUNTIME_DIR', '/run/user/1000'), ('DISPLAY', ':0'), ('LANG', 'C.UTF-8'), ('LS_COLORS', 'rs=0:di=01;34:ln=01;36:mh=00:pi=40;33:so=01;35:do=01;35:bd=40;33;01:cd=40;33;01:or=40;31;01:mi=00:su=37;41:sg=30;43:ca=30;41:tw=30;42:ow=34;42:st=37;44:ex=01;32:*.tar=01;31:*.tgz=01;31:*.arc=01;31:*.arj=01;31:*.taz=01;31:*.lha=01;31:*.lz4=01;31:*.lzh=01;31:*.lzma=01;31:*.tlz=01;31:*.txz=01;31:*.tzo=01;31:*.t7z=01;31:*.zip=01;31:*.z=01;31:*.dz=01;31:*.gz=01;31:*.lrz=01;31:*.lz=01;31:*.lzo=01;31:*.xz=01;31:*.zst=01;31:*.tzst=01;31:*.bz2=01;31:*.bz=01;31:*.tbz=01;31:*.tbz2=01;31:*.tz=01;31:*.deb=01;31:*.rpm=01;31:*.jar=01;31:*.war=01;31:*.ear=01;31:*.sar=01;31:*.rar=01;31:*.alz=01;31:*.ace=01;31:*.zoo=01;31:*.cpio=01;31:*.7z=01;31:*.rz=01;31:*.cab=01;31:*.wim=01;31:*.swm=01;31:*.dwm=01;31:*.esd=01;31:*.jpg=01;35:*.jpeg=01;35:*.mjpg=01;35:*.mjpeg=01;35:*.gif=01;35:*.bmp=01;35:*.pbm=01;35:*.pgm=01;35:*.ppm=01;35:*.tga=01;35:*.xbm=01;35:*.xpm=01;35:*.tif=01;35:*.tiff=01;35:*.png=01;35:*.svg=01;35:*.svgz=01;35:*.mng=01;35:*.pcx=01;35:*.mov=01;35:*.mpg=01;35:*.mpeg=01;35:*.m2v=01;35:*.mkv=01;35:*.webm=01;35:*.webp=01;35:*.ogm=01;35:*.mp4=01;35:*.m4v=01;35:*.mp4v=01;35:*.vob=01;35:*.qt=01;35:*.nuv=01;35:*.wmv=01;35:*.asf=01;35:*.rm=01;35:*.rmvb=01;35:*.flc=01;35:*.avi=01;35:*.fli=01;35:*.flv=01;35:*.gl=01;35:*.dl=01;35:*.xcf=01;35:*.xwd=01;35:*.yuv=01;35:*.cgm=01;35:*.emf=01;35:*.ogv=01;35:*.ogx=01;35:*.aac=00;36:*.au=00;36:*.flac=00;36:*.m4a=00;36:*.mid=00;36:*.midi=00;36:*.mka=00;36:*.mp3=00;36:*.mpc=00;36:*.ogg=00;36:*.ra=00;36:*.wav=00;36:*.oga=00;36:*.opus=00;36:*.spx=00;36:*.xspf=00;36:'), ('AMENT_PREFIX_PATH', '/opt/ros/humble'), ('SHELL', '/bin/bash'), ('LESSCLOSE', '/usr/bin/lesspipe %s %s'), ('PWD', '/mnt/c/work/ubuntu_work/HiveFlight/ros2_ws/build/hiveflight_interfaces'), ('XDG_DATA_DIRS', '/usr/local/share:/usr/share:/var/lib/snapd/desktop'), ('PYTHONPATH', '/opt/ros/humble/lib/python3.10/site-packages:/opt/ros/humble/local/lib/python3.10/dist-packages'), ('COLCON', '1'), ('WSL2_GUI_APPS_ENABLED', '1'), ('HOSTTYPE', 'x86_64'), ('WSLENV', ''), ('CMAKE_PREFIX_PATH', '/opt/ros/humble')]), 'shell': False}
[15.755882] (-) TimerEvent: {}
[15.759720] (hiveflight_interfaces) StdoutLine: {'line': b'-- Install configuration: ""\n'}
[15.790192] (hiveflight_interfaces) StdoutLine: {'line': b'-- Installing: /mnt/c/work/ubuntu_work/HiveFlight/ros2_ws/install/share/ament_index/resource_index/rosidl_interfaces/hiveflight_interfaces\n'}
[15.856032] (-) TimerEvent: {}
[15.858260] (hiveflight_interfaces) StdoutLine: {'line': b'-- Installing: /mnt/c/work/ubuntu_work/HiveFlight/ros2_ws/install/include/hiveflight_interfaces/hiveflight_interfaces\n'}
[15.879393] (hiveflight_interfaces) StdoutLine: {'line': b'-- Installing: /mnt/c/work/ubuntu_work/HiveFlight/ros2_ws/install/include/hiveflight_interfaces/hiveflight_interfaces/msg\n'}
[15.906277] (hiveflight_interfaces) StdoutLine: {'line': b'-- Installing: /mnt/c/work/ubuntu_work/HiveFlight/ros2_ws/install/include/hiveflight_interfaces/hiveflight_interfaces/msg/detail\n'}
[15.943380] (hiveflight_interfaces) StdoutLine: {'line': b'-- Installing: /mnt/c/work/ubuntu_work/HiveFlight/ros2_ws/install/include/hiveflight_interfaces/hiveflight_interfaces/msg/detail/drone_message__functions.c\n'}
[15.956107] (-) TimerEvent: {}
[16.029433] (hiveflight_interfaces) StdoutLine: {'line': b'-- Installing: /mnt/c/work/ubuntu_work/HiveFlight/ros2_ws/install/include/hiveflight_interfaces/hiveflight_interfaces/msg/detail/drone_message__functions.h\n'}
[16.056222] (-) TimerEvent: {}
[16.117328] (hiveflight_interfaces) StdoutLine: {'line': b'-- Installing: /mnt/c/work/ubuntu_work/HiveFlight/ros2_ws/install/include/hiveflight_interfaces/hiveflight_interfaces/msg/detail/drone_message__struct.h\n'}
[16.156353] (-) TimerEvent: {}
[16.205810] (hiveflight_interfaces) StdoutLine: {'line': b'-- Installing: /mnt/c/work/ubuntu_work/HiveFlight/ros2_ws/install/include/hiveflight_interfaces/hiveflight_interfaces/msg/detail/drone_message__type_support.h\n'}
[16.256494] (-) TimerEvent: {}
[16.287225] (hiveflight_interfaces) StdoutLine: {'line': b'-- Installing: /mnt/c/work/ubuntu_work/HiveFlight/ros2_ws/install/include/hiveflight_interfaces/hiveflight_interfaces/msg/drone_message.h\n'}
[16.356655] (-) TimerEvent: {}
[16.362335] (hiveflight_interfaces) StdoutLine: {'line': b'-- Installing: /mnt/c/work/ubuntu_work/HiveFlight/ros2_ws/install/include/hiveflight_interfaces/hiveflight_interfaces/msg/rosidl_generator_c__visibility_control.h\n'}
[16.431399] (hiveflight_interfaces) StdoutLine: {'line': b'-- Installing: /mnt/c/work/ubuntu_work/HiveFlight/ros2_ws/install/share/hiveflight_interfaces/environment/library_path.sh\n'}
[16.456723] (-) TimerEvent: {}
[16.481946] (hiveflight_interfaces) StdoutLine: {'line': b'-- Installing: /mnt/c/work/ubuntu_work/HiveFlight/ros2_ws/install/share/hiveflight_interfaces/environment/library_path.dsv\n'}
[16.539224] (hiveflight_interfaces) StdoutLine: {'line': b'-- Installing: /mnt/c/work/ubuntu_work/HiveFlight/ros2_ws/install/lib/libhiveflight_interfaces__rosidl_generator_c.so\n'}
[16.556828] (-) TimerEvent: {}
[16.622206] (hiveflight_interfaces) StdoutLine: {'line': b'-- Set runtime path of "/mnt/c/work/ubuntu_work/HiveFlight/ros2_ws/install/lib/libhiveflight_interfaces__rosidl_generator_c.so" to ""\n'}
[16.631112] (hiveflight_interfaces) StdoutLine: {'line': b'-- Up-to-date: /mnt/c/work/ubuntu_work/HiveFlight/ros2_ws/install/include/hiveflight_interfaces/hiveflight_interfaces\n'}
[16.650581] (hiveflight_interfaces) StdoutLine: {'line': b'-- Up-to-date: /mnt/c/work/ubuntu_work/HiveFlight/ros2_ws/install/include/hiveflight_interfaces/hiveflight_interfaces/msg\n'}
[16.656916] (-) TimerEvent: {}
[16.674993] (hiveflight_interfaces) StdoutLine: {'line': b'-- Up-to-date: /mnt/c/work/ubuntu_work/HiveFlight/ros2_ws/install/include/hiveflight_interfaces/hiveflight_interfaces/msg/detail\n'}
[16.705744] (hiveflight_interfaces) StdoutLine: {'line': b'-- Installing: /mnt/c/work/ubuntu_work/HiveFlight/ros2_ws/install/include/hiveflight_interfaces/hiveflight_interfaces/msg/detail/drone_message__rosidl_typesupport_fastrtps_c.h\n'}
[16.757061] (-) TimerEvent: {}
[16.784799] (hiveflight_interfaces) StdoutLine: {'line': b'-- Installing: /mnt/c/work/ubuntu_work/HiveFlight/ros2_ws/install/include/hiveflight_interfaces/hiveflight_interfaces/msg/rosidl_typesupport_fastrtps_c__visibility_control.h\n'}
[16.852944] (hiveflight_interfaces) StdoutLine: {'line': b'-- Installing: /mnt/c/work/ubuntu_work/HiveFlight/ros2_ws/install/lib/libhiveflight_interfaces__rosidl_typesupport_fastrtps_c.so\n'}
[16.857154] (-) TimerEvent: {}
[16.933450] (hiveflight_interfaces) StdoutLine: {'line': b'-- Set runtime path of "/mnt/c/work/ubuntu_work/HiveFlight/ros2_ws/install/lib/libhiveflight_interfaces__rosidl_typesupport_fastrtps_c.so" to ""\n'}
[16.941917] (hiveflight_interfaces) StdoutLine: {'line': b'-- Up-to-date: /mnt/c/work/ubuntu_work/HiveFlight/ros2_ws/install/include/hiveflight_interfaces/hiveflight_interfaces\n'}
[16.957260] (-) TimerEvent: {}
[16.962543] (hiveflight_interfaces) StdoutLine: {'line': b'-- Up-to-date: /mnt/c/work/ubuntu_work/HiveFlight/ros2_ws/install/include/hiveflight_interfaces/hiveflight_interfaces/msg\n'}
[16.985712] (hiveflight_interfaces) StdoutLine: {'line': b'-- Up-to-date: /mnt/c/work/ubuntu_work/HiveFlight/ros2_ws/install/include/hiveflight_interfaces/hiveflight_interfaces/msg/detail\n'}
[17.017308] (hiveflight_interfaces) StdoutLine: {'line': b'-- Installing: /mnt/c/work/ubuntu_work/HiveFlight/ros2_ws/install/include/hiveflight_interfaces/hiveflight_interfaces/msg/detail/drone_message__builder.hpp\n'}
[17.057405] (-) TimerEvent: {}
[17.099659] (hiveflight_interfaces) StdoutLine: {'line': b'-- Installing: /mnt/c/work/ubuntu_work/HiveFlight/ros2_ws/install/include/hiveflight_interfaces/hiveflight_interfaces/msg/detail/drone_message__struct.hpp\n'}
[17.157563] (-) TimerEvent: {}
[17.184891] (hiveflight_interfaces) StdoutLine: {'line': b'-- Installing: /mnt/c/work/ubuntu_work/HiveFlight/ros2_ws/install/include/hiveflight_interfaces/hiveflight_interfaces/msg/detail/drone_message__traits.hpp\n'}
[17.257698] (-) TimerEvent: {}
[17.267418] (hiveflight_interfaces) StdoutLine: {'line': b'-- Installing: /mnt/c/work/ubuntu_work/HiveFlight/ros2_ws/install/include/hiveflight_interfaces/hiveflight_interfaces/msg/detail/drone_message__type_support.hpp\n'}
[17.343779] (hiveflight_interfaces) StdoutLine: {'line': b'-- Installing: /mnt/c/work/ubuntu_work/HiveFlight/ros2_ws/install/include/hiveflight_interfaces/hiveflight_interfaces/msg/drone_message.hpp\n'}
[17.357759] (-) TimerEvent: {}
[17.417140] (hiveflight_interfaces) StdoutLine: {'line': b'-- Installing: /mnt/c/work/ubuntu_work/HiveFlight/ros2_ws/install/include/hiveflight_interfaces/hiveflight_interfaces/msg/rosidl_generator_cpp__visibility_control.hpp\n'}
[17.457922] (-) TimerEvent: {}
[17.481208] (hiveflight_interfaces) StdoutLine: {'line': b'-- Up-to-date: /mnt/c/work/ubuntu_work/HiveFlight/ros2_ws/install/include/hiveflight_interfaces/hiveflight_interfaces\n'}
[17.499617] (hiveflight_interfaces) StdoutLine: {'line': b'-- Up-to-date: /mnt/c/work/ubuntu_work/HiveFlight/ros2_ws/install/include/hiveflight_interfaces/hiveflight_interfaces/msg\n'}
[17.524365] (hiveflight_interfaces) StdoutLine: {'line': b'-- Up-to-date: /mnt/c/work/ubuntu_work/HiveFlight/ros2_ws/install/include/hiveflight_interfaces/hiveflight_interfaces/msg/detail\n'}
[17.550517] (hiveflight_interfaces) StdoutLine: {'line': b'-- Installing: /mnt/c/work/ubuntu_work/HiveFlight/ros2_ws/install/include/hiveflight_interfaces/hiveflight_interfaces/msg/detail/dds_fastrtps\n'}
[17.558024] (-) TimerEvent: {}
[17.594214] (hiveflight_interfaces) StdoutLine: {'line': b'-- Installing: /mnt/c/work/ubuntu_work/HiveFlight/ros2_ws/install/include/hiveflight_interfaces/hiveflight_interfaces/msg/detail/drone_message__rosidl_typesupport_fastrtps_cpp.hpp\n'}
[17.658170] (-) TimerEvent: {}
[17.688443] (hiveflight_interfaces) StdoutLine: {'line': b'-- Installing: /mnt/c/work/ubuntu_work/HiveFlight/ros2_ws/install/include/hiveflight_interfaces/hiveflight_interfaces/msg/rosidl_typesupport_fastrtps_cpp__visibility_control.h\n'}
[17.755757] (hiveflight_interfaces) StdoutLine: {'line': b'-- Installing: /mnt/c/work/ubuntu_work/HiveFlight/ros2_ws/install/lib/libhiveflight_interfaces__rosidl_typesupport_fastrtps_cpp.so\n'}
[17.758205] (-) TimerEvent: {}
[17.839607] (hiveflight_interfaces) StdoutLine: {'line': b'-- Set runtime path of "/mnt/c/work/ubuntu_work/HiveFlight/ros2_ws/install/lib/libhiveflight_interfaces__rosidl_typesupport_fastrtps_cpp.so" to ""\n'}
[17.847498] (hiveflight_interfaces) StdoutLine: {'line': b'-- Up-to-date: /mnt/c/work/ubuntu_work/HiveFlight/ros2_ws/install/include/hiveflight_interfaces/hiveflight_interfaces\n'}
[17.858323] (-) TimerEvent: {}
[17.866976] (hiveflight_interfaces) StdoutLine: {'line': b'-- Up-to-date: /mnt/c/work/ubuntu_work/HiveFlight/ros2_ws/install/include/hiveflight_interfaces/hiveflight_interfaces/msg\n'}
[17.890936] (hiveflight_interfaces) StdoutLine: {'line': b'-- Up-to-date: /mnt/c/work/ubuntu_work/HiveFlight/ros2_ws/install/include/hiveflight_interfaces/hiveflight_interfaces/msg/detail\n'}
[17.923414] (hiveflight_interfaces) StdoutLine: {'line': b'-- Installing: /mnt/c/work/ubuntu_work/HiveFlight/ros2_ws/install/include/hiveflight_interfaces/hiveflight_interfaces/msg/detail/drone_message__rosidl_typesupport_introspection_c.h\n'}
[17.958497] (-) TimerEvent: {}
[18.009732] (hiveflight_interfaces) StdoutLine: {'line': b'-- Installing: /mnt/c/work/ubuntu_work/HiveFlight/ros2_ws/install/include/hiveflight_interfaces/hiveflight_interfaces/msg/detail/drone_message__type_support.c\n'}
[18.058641] (-) TimerEvent: {}
[18.096611] (hiveflight_interfaces) StdoutLine: {'line': b'-- Installing: /mnt/c/work/ubuntu_work/HiveFlight/ros2_ws/install/include/hiveflight_interfaces/hiveflight_interfaces/msg/rosidl_typesupport_introspection_c__visibility_control.h\n'}
[18.158803] (-) TimerEvent: {}
[18.168442] (hiveflight_interfaces) StdoutLine: {'line': b'-- Installing: /mnt/c/work/ubuntu_work/HiveFlight/ros2_ws/install/lib/libhiveflight_interfaces__rosidl_typesupport_introspection_c.so\n'}
[18.253243] (hiveflight_interfaces) StdoutLine: {'line': b'-- Set runtime path of "/mnt/c/work/ubuntu_work/HiveFlight/ros2_ws/install/lib/libhiveflight_interfaces__rosidl_typesupport_introspection_c.so" to ""\n'}
[18.258886] (-) TimerEvent: {}
[18.264603] (hiveflight_interfaces) StdoutLine: {'line': b'-- Installing: /mnt/c/work/ubuntu_work/HiveFlight/ros2_ws/install/lib/libhiveflight_interfaces__rosidl_typesupport_c.so\n'}
[18.341530] (hiveflight_interfaces) StdoutLine: {'line': b'-- Set runtime path of "/mnt/c/work/ubuntu_work/HiveFlight/ros2_ws/install/lib/libhiveflight_interfaces__rosidl_typesupport_c.so" to ""\n'}
[18.349501] (hiveflight_interfaces) StdoutLine: {'line': b'-- Up-to-date: /mnt/c/work/ubuntu_work/HiveFlight/ros2_ws/install/include/hiveflight_interfaces/hiveflight_interfaces\n'}
[18.359066] (-) TimerEvent: {}
[18.368849] (hiveflight_interfaces) StdoutLine: {'line': b'-- Up-to-date: /mnt/c/work/ubuntu_work/HiveFlight/ros2_ws/install/include/hiveflight_interfaces/hiveflight_interfaces/msg\n'}
[18.393101] (hiveflight_interfaces) StdoutLine: {'line': b'-- Up-to-date: /mnt/c/work/ubuntu_work/HiveFlight/ros2_ws/install/include/hiveflight_interfaces/hiveflight_interfaces/msg/detail\n'}
[18.424466] (hiveflight_interfaces) StdoutLine: {'line': b'-- Installing: /mnt/c/work/ubuntu_work/HiveFlight/ros2_ws/install/include/hiveflight_interfaces/hiveflight_interfaces/msg/detail/drone_message__rosidl_typesupport_introspection_cpp.hpp\n'}
[18.459171] (-) TimerEvent: {}
[18.508308] (hiveflight_interfaces) StdoutLine: {'line': b'-- Installing: /mnt/c/work/ubuntu_work/HiveFlight/ros2_ws/install/include/hiveflight_interfaces/hiveflight_interfaces/msg/detail/drone_message__type_support.cpp\n'}
[18.559306] (-) TimerEvent: {}
[18.583266] (hiveflight_interfaces) StdoutLine: {'line': b'-- Installing: /mnt/c/work/ubuntu_work/HiveFlight/ros2_ws/install/lib/libhiveflight_interfaces__rosidl_typesupport_introspection_cpp.so\n'}
[18.656271] (hiveflight_interfaces) StdoutLine: {'line': b'-- Set runtime path of "/mnt/c/work/ubuntu_work/HiveFlight/ros2_ws/install/lib/libhiveflight_interfaces__rosidl_typesupport_introspection_cpp.so" to ""\n'}
[18.659399] (-) TimerEvent: {}
[18.666462] (hiveflight_interfaces) StdoutLine: {'line': b'-- Installing: /mnt/c/work/ubuntu_work/HiveFlight/ros2_ws/install/lib/libhiveflight_interfaces__rosidl_typesupport_cpp.so\n'}
[18.742551] (hiveflight_interfaces) StdoutLine: {'line': b'-- Set runtime path of "/mnt/c/work/ubuntu_work/HiveFlight/ros2_ws/install/lib/libhiveflight_interfaces__rosidl_typesupport_cpp.so" to ""\n'}
[18.756659] (hiveflight_interfaces) StdoutLine: {'line': b'-- Installing: /mnt/c/work/ubuntu_work/HiveFlight/ros2_ws/install/share/hiveflight_interfaces/environment/pythonpath.sh\n'}
[18.759503] (-) TimerEvent: {}
[18.819879] (hiveflight_interfaces) StdoutLine: {'line': b'-- Installing: /mnt/c/work/ubuntu_work/HiveFlight/ros2_ws/install/share/hiveflight_interfaces/environment/pythonpath.dsv\n'}
[18.859636] (-) TimerEvent: {}
[18.870482] (hiveflight_interfaces) StdoutLine: {'line': b'-- Installing: /mnt/c/work/ubuntu_work/HiveFlight/ros2_ws/install/local/lib/python3.10/dist-packages/hiveflight_interfaces-0.0.1-py3.10.egg-info\n'}
[18.905212] (hiveflight_interfaces) StdoutLine: {'line': b'-- Installing: /mnt/c/work/ubuntu_work/HiveFlight/ros2_ws/install/local/lib/python3.10/dist-packages/hiveflight_interfaces-0.0.1-py3.10.egg-info/dependency_links.txt\n'}
[18.959781] (-) TimerEvent: {}
[18.988965] (hiveflight_interfaces) StdoutLine: {'line': b'-- Installing: /mnt/c/work/ubuntu_work/HiveFlight/ros2_ws/install/local/lib/python3.10/dist-packages/hiveflight_interfaces-0.0.1-py3.10.egg-info/PKG-INFO\n'}
[19.059928] (-) TimerEvent: {}
[19.066967] (hiveflight_interfaces) StdoutLine: {'line': b'-- Installing: /mnt/c/work/ubuntu_work/HiveFlight/ros2_ws/install/local/lib/python3.10/dist-packages/hiveflight_interfaces-0.0.1-py3.10.egg-info/SOURCES.txt\n'}
[19.142848] (hiveflight_interfaces) StdoutLine: {'line': b'-- Installing: /mnt/c/work/ubuntu_work/HiveFlight/ros2_ws/install/local/lib/python3.10/dist-packages/hiveflight_interfaces-0.0.1-py3.10.egg-info/top_level.txt\n'}
[19.159988] (-) TimerEvent: {}
[19.215191] (hiveflight_interfaces) StdoutLine: {'line': b'-- Installing: /mnt/c/work/ubuntu_work/HiveFlight/ros2_ws/install/local/lib/python3.10/dist-packages/hiveflight_interfaces\n'}
[19.247282] (hiveflight_interfaces) StdoutLine: {'line': b'-- Installing: /mnt/c/work/ubuntu_work/HiveFlight/ros2_ws/install/local/lib/python3.10/dist-packages/hiveflight_interfaces/hiveflight_interfaces_s__rosidl_typesupport_c.cpython-310-x86_64-linux-gnu.so\n'}
[19.260079] (-) TimerEvent: {}
[19.322190] (hiveflight_interfaces) StdoutLine: {'line': b'-- Installing: /mnt/c/work/ubuntu_work/HiveFlight/ros2_ws/install/local/lib/python3.10/dist-packages/hiveflight_interfaces/hiveflight_interfaces_s__rosidl_typesupport_fastrtps_c.cpython-310-x86_64-linux-gnu.so\n'}
[19.360168] (-) TimerEvent: {}
[19.397939] (hiveflight_interfaces) StdoutLine: {'line': b'-- Installing: /mnt/c/work/ubuntu_work/HiveFlight/ros2_ws/install/local/lib/python3.10/dist-packages/hiveflight_interfaces/hiveflight_interfaces_s__rosidl_typesupport_introspection_c.cpython-310-x86_64-linux-gnu.so\n'}
[19.460317] (-) TimerEvent: {}
[19.472295] (hiveflight_interfaces) StdoutLine: {'line': b'-- Installing: /mnt/c/work/ubuntu_work/HiveFlight/ros2_ws/install/local/lib/python3.10/dist-packages/hiveflight_interfaces/libhiveflight_interfaces__rosidl_generator_py.so\n'}
[19.543621] (hiveflight_interfaces) StdoutLine: {'line': b'-- Installing: /mnt/c/work/ubuntu_work/HiveFlight/ros2_ws/install/local/lib/python3.10/dist-packages/hiveflight_interfaces/msg\n'}
[19.560378] (-) TimerEvent: {}
[19.582737] (hiveflight_interfaces) StdoutLine: {'line': b'-- Installing: /mnt/c/work/ubuntu_work/HiveFlight/ros2_ws/install/local/lib/python3.10/dist-packages/hiveflight_interfaces/msg/_drone_message.py\n'}
[19.660528] (-) TimerEvent: {}
[19.665920] (hiveflight_interfaces) StdoutLine: {'line': b'-- Installing: /mnt/c/work/ubuntu_work/HiveFlight/ros2_ws/install/local/lib/python3.10/dist-packages/hiveflight_interfaces/msg/_drone_message_s.c\n'}
[19.749592] (hiveflight_interfaces) StdoutLine: {'line': b'-- Installing: /mnt/c/work/ubuntu_work/HiveFlight/ros2_ws/install/local/lib/python3.10/dist-packages/hiveflight_interfaces/msg/__init__.py\n'}
[19.760602] (-) TimerEvent: {}
[19.831293] (hiveflight_interfaces) StdoutLine: {'line': b'-- Installing: /mnt/c/work/ubuntu_work/HiveFlight/ros2_ws/install/local/lib/python3.10/dist-packages/hiveflight_interfaces/_hiveflight_interfaces_s.ep.rosidl_typesupport_c.c\n'}
[19.860751] (-) TimerEvent: {}
[19.907120] (hiveflight_interfaces) StdoutLine: {'line': b'-- Installing: /mnt/c/work/ubuntu_work/HiveFlight/ros2_ws/install/local/lib/python3.10/dist-packages/hiveflight_interfaces/_hiveflight_interfaces_s.ep.rosidl_typesupport_fastrtps_c.c\n'}
[19.960893] (-) TimerEvent: {}
[19.982435] (hiveflight_interfaces) StdoutLine: {'line': b'-- Installing: /mnt/c/work/ubuntu_work/HiveFlight/ros2_ws/install/local/lib/python3.10/dist-packages/hiveflight_interfaces/_hiveflight_interfaces_s.ep.rosidl_typesupport_introspection_c.c\n'}
[20.054703] (hiveflight_interfaces) StdoutLine: {'line': b'-- Installing: /mnt/c/work/ubuntu_work/HiveFlight/ros2_ws/install/local/lib/python3.10/dist-packages/hiveflight_interfaces/__init__.py\n'}
[20.060977] (-) TimerEvent: {}
[20.161518] (-) TimerEvent: {}
[20.262046] (-) TimerEvent: {}
[20.362618] (-) TimerEvent: {}
[20.368447] (hiveflight_interfaces) StdoutLine: {'line': b"Listing '/mnt/c/work/ubuntu_work/HiveFlight/ros2_ws/install/local/lib/python3.10/dist-packages/hiveflight_interfaces'...\n"}
[20.369482] (hiveflight_interfaces) StdoutLine: {'line': b"Compiling '/mnt/c/work/ubuntu_work/HiveFlight/ros2_ws/install/local/lib/python3.10/dist-packages/hiveflight_interfaces/__init__.py'...\n"}
[20.370758] (hiveflight_interfaces) StdoutLine: {'line': b"Listing '/mnt/c/work/ubuntu_work/HiveFlight/ros2_ws/install/local/lib/python3.10/dist-packages/hiveflight_interfaces/msg'...\n"}
[20.372318] (hiveflight_interfaces) StdoutLine: {'line': b"Compiling '/mnt/c/work/ubuntu_work/HiveFlight/ros2_ws/install/local/lib/python3.10/dist-packages/hiveflight_interfaces/msg/__init__.py'...\n"}
[20.373298] (hiveflight_interfaces) StdoutLine: {'line': b"Compiling '/mnt/c/work/ubuntu_work/HiveFlight/ros2_ws/install/local/lib/python3.10/dist-packages/hiveflight_interfaces/msg/_drone_message.py'...\n"}
[20.430211] (hiveflight_interfaces) StdoutLine: {'line': b'-- Installing: /mnt/c/work/ubuntu_work/HiveFlight/ros2_ws/install/local/lib/python3.10/dist-packages/hiveflight_interfaces/hiveflight_interfaces_s__rosidl_typesupport_fastrtps_c.cpython-310-x86_64-linux-gnu.so\n'}
[20.462668] (-) TimerEvent: {}
[20.553635] (hiveflight_interfaces) StdoutLine: {'line': b'-- Set runtime path of "/mnt/c/work/ubuntu_work/HiveFlight/ros2_ws/install/local/lib/python3.10/dist-packages/hiveflight_interfaces/hiveflight_interfaces_s__rosidl_typesupport_fastrtps_c.cpython-310-x86_64-linux-gnu.so" to ""\n'}
[20.562760] (-) TimerEvent: {}
[20.613506] (hiveflight_interfaces) StdoutLine: {'line': b'-- Installing: /mnt/c/work/ubuntu_work/HiveFlight/ros2_ws/install/local/lib/python3.10/dist-packages/hiveflight_interfaces/hiveflight_interfaces_s__rosidl_typesupport_introspection_c.cpython-310-x86_64-linux-gnu.so\n'}
[20.662919] (-) TimerEvent: {}
[20.748262] (hiveflight_interfaces) StdoutLine: {'line': b'-- Set runtime path of "/mnt/c/work/ubuntu_work/HiveFlight/ros2_ws/install/local/lib/python3.10/dist-packages/hiveflight_interfaces/hiveflight_interfaces_s__rosidl_typesupport_introspection_c.cpython-310-x86_64-linux-gnu.so" to ""\n'}
[20.762999] (-) TimerEvent: {}
[20.826530] (hiveflight_interfaces) StdoutLine: {'line': b'-- Installing: /mnt/c/work/ubuntu_work/HiveFlight/ros2_ws/install/local/lib/python3.10/dist-packages/hiveflight_interfaces/hiveflight_interfaces_s__rosidl_typesupport_c.cpython-310-x86_64-linux-gnu.so\n'}
[20.863151] (-) TimerEvent: {}
[20.952832] (hiveflight_interfaces) StdoutLine: {'line': b'-- Set runtime path of "/mnt/c/work/ubuntu_work/HiveFlight/ros2_ws/install/local/lib/python3.10/dist-packages/hiveflight_interfaces/hiveflight_interfaces_s__rosidl_typesupport_c.cpython-310-x86_64-linux-gnu.so" to ""\n'}
[20.963223] (-) TimerEvent: {}
[20.970280] (hiveflight_interfaces) StdoutLine: {'line': b'-- Installing: /mnt/c/work/ubuntu_work/HiveFlight/ros2_ws/install/lib/libhiveflight_interfaces__rosidl_generator_py.so\n'}
[21.056331] (hiveflight_interfaces) StdoutLine: {'line': b'-- Set runtime path of "/mnt/c/work/ubuntu_work/HiveFlight/ros2_ws/install/lib/libhiveflight_interfaces__rosidl_generator_py.so" to ""\n'}
[21.063321] (-) TimerEvent: {}
[21.088838] (hiveflight_interfaces) StdoutLine: {'line': b'-- Installing: /mnt/c/work/ubuntu_work/HiveFlight/ros2_ws/install/share/ament_index/resource_index/rust_packages/hiveflight_interfaces\n'}
[21.156137] (hiveflight_interfaces) StdoutLine: {'line': b'-- Installing: /mnt/c/work/ubuntu_work/HiveFlight/ros2_ws/install/share/hiveflight_interfaces/rust\n'}
[21.163416] (-) TimerEvent: {}
[21.182979] (hiveflight_interfaces) StdoutLine: {'line': b'-- Installing: /mnt/c/work/ubuntu_work/HiveFlight/ros2_ws/install/share/hiveflight_interfaces/rust/build.rs\n'}
[21.244404] (hiveflight_interfaces) StdoutLine: {'line': b'-- Installing: /mnt/c/work/ubuntu_work/HiveFlight/ros2_ws/install/share/hiveflight_interfaces/rust/Cargo.toml\n'}
[21.263487] (-) TimerEvent: {}
[21.303343] (hiveflight_interfaces) StdoutLine: {'line': b'-- Installing: /mnt/c/work/ubuntu_work/HiveFlight/ros2_ws/install/share/hiveflight_interfaces/rust/src\n'}
[21.336891] (hiveflight_interfaces) StdoutLine: {'line': b'-- Installing: /mnt/c/work/ubuntu_work/HiveFlight/ros2_ws/install/share/hiveflight_interfaces/rust/src/lib.rs\n'}
[21.363624] (-) TimerEvent: {}
[21.407676] (hiveflight_interfaces) StdoutLine: {'line': b'-- Installing: /mnt/c/work/ubuntu_work/HiveFlight/ros2_ws/install/share/hiveflight_interfaces/rust/src/msg\n'}
[21.447230] (hiveflight_interfaces) StdoutLine: {'line': b'-- Installing: /mnt/c/work/ubuntu_work/HiveFlight/ros2_ws/install/share/hiveflight_interfaces/rust/src/msg/rmw.rs\n'}
[21.463796] (-) TimerEvent: {}
[21.532371] (hiveflight_interfaces) StdoutLine: {'line': b'-- Installing: /mnt/c/work/ubuntu_work/HiveFlight/ros2_ws/install/share/hiveflight_interfaces/rust/src/msg.rs\n'}
[21.563916] (-) TimerEvent: {}
[21.614203] (hiveflight_interfaces) StdoutLine: {'line': b'-- Installing: /mnt/c/work/ubuntu_work/HiveFlight/ros2_ws/install/share/hiveflight_interfaces/msg/DroneMessage.idl\n'}
[21.664062] (-) TimerEvent: {}
[21.680091] (hiveflight_interfaces) StdoutLine: {'line': b'-- Installing: /mnt/c/work/ubuntu_work/HiveFlight/ros2_ws/install/share/hiveflight_interfaces/msg/DroneMessage.msg\n'}
[21.763940] (hiveflight_interfaces) StdoutLine: {'line': b'-- Installing: /mnt/c/work/ubuntu_work/HiveFlight/ros2_ws/install/share/ament_index/resource_index/package_run_dependencies/hiveflight_interfaces\n'}
[21.765156] (-) TimerEvent: {}
[21.855617] (hiveflight_interfaces) StdoutLine: {'line': b'-- Installing: /mnt/c/work/ubuntu_work/HiveFlight/ros2_ws/install/share/ament_index/resource_index/parent_prefix_path/hiveflight_interfaces\n'}
[21.865238] (-) TimerEvent: {}
[21.924890] (hiveflight_interfaces) StdoutLine: {'line': b'-- Installing: /mnt/c/work/ubuntu_work/HiveFlight/ros2_ws/install/share/hiveflight_interfaces/environment/ament_prefix_path.sh\n'}
[21.965396] (-) TimerEvent: {}
[21.976488] (hiveflight_interfaces) StdoutLine: {'line': b'-- Installing: /mnt/c/work/ubuntu_work/HiveFlight/ros2_ws/install/share/hiveflight_interfaces/environment/ament_prefix_path.dsv\n'}
[22.031353] (hiveflight_interfaces) StdoutLine: {'line': b'-- Installing: /mnt/c/work/ubuntu_work/HiveFlight/ros2_ws/install/share/hiveflight_interfaces/environment/path.sh\n'}
[22.065535] (-) TimerEvent: {}
[22.082584] (hiveflight_interfaces) StdoutLine: {'line': b'-- Installing: /mnt/c/work/ubuntu_work/HiveFlight/ros2_ws/install/share/hiveflight_interfaces/environment/path.dsv\n'}
[22.137473] (hiveflight_interfaces) StdoutLine: {'line': b'-- Installing: /mnt/c/work/ubuntu_work/HiveFlight/ros2_ws/install/share/hiveflight_interfaces/local_setup.bash\n'}
[22.165590] (-) TimerEvent: {}
[22.188417] (hiveflight_interfaces) StdoutLine: {'line': b'-- Installing: /mnt/c/work/ubuntu_work/HiveFlight/ros2_ws/install/share/hiveflight_interfaces/local_setup.sh\n'}
[22.237965] (hiveflight_interfaces) StdoutLine: {'line': b'-- Installing: /mnt/c/work/ubuntu_work/HiveFlight/ros2_ws/install/share/hiveflight_interfaces/local_setup.zsh\n'}
[22.265659] (-) TimerEvent: {}
[22.288812] (hiveflight_interfaces) StdoutLine: {'line': b'-- Installing: /mnt/c/work/ubuntu_work/HiveFlight/ros2_ws/install/share/hiveflight_interfaces/local_setup.dsv\n'}
[22.337850] (hiveflight_interfaces) StdoutLine: {'line': b'-- Installing: /mnt/c/work/ubuntu_work/HiveFlight/ros2_ws/install/share/hiveflight_interfaces/package.dsv\n'}
[22.365731] (-) TimerEvent: {}
[22.406834] (hiveflight_interfaces) StdoutLine: {'line': b'-- Installing: /mnt/c/work/ubuntu_work/HiveFlight/ros2_ws/install/share/ament_index/resource_index/packages/hiveflight_interfaces\n'}
[22.465900] (-) TimerEvent: {}
[22.497865] (hiveflight_interfaces) StdoutLine: {'line': b'-- Installing: /mnt/c/work/ubuntu_work/HiveFlight/ros2_ws/install/share/hiveflight_interfaces/cmake/export_hiveflight_interfaces__rosidl_generator_cExport.cmake\n'}
[22.566033] (-) TimerEvent: {}
[22.573199] (hiveflight_interfaces) StdoutLine: {'line': b'-- Installing: /mnt/c/work/ubuntu_work/HiveFlight/ros2_ws/install/share/hiveflight_interfaces/cmake/export_hiveflight_interfaces__rosidl_generator_cExport-noconfig.cmake\n'}
[22.649438] (hiveflight_interfaces) StdoutLine: {'line': b'-- Installing: /mnt/c/work/ubuntu_work/HiveFlight/ros2_ws/install/share/hiveflight_interfaces/cmake/export_hiveflight_interfaces__rosidl_typesupport_fastrtps_cExport.cmake\n'}
[22.666106] (-) TimerEvent: {}
[22.727081] (hiveflight_interfaces) StdoutLine: {'line': b'-- Installing: /mnt/c/work/ubuntu_work/HiveFlight/ros2_ws/install/share/hiveflight_interfaces/cmake/export_hiveflight_interfaces__rosidl_typesupport_fastrtps_cExport-noconfig.cmake\n'}
[22.766336] (-) TimerEvent: {}
[22.806831] (hiveflight_interfaces) StdoutLine: {'line': b'-- Installing: /mnt/c/work/ubuntu_work/HiveFlight/ros2_ws/install/share/hiveflight_interfaces/cmake/export_hiveflight_interfaces__rosidl_generator_cppExport.cmake\n'}
[22.866476] (-) TimerEvent: {}
[22.886882] (hiveflight_interfaces) StdoutLine: {'line': b'-- Installing: /mnt/c/work/ubuntu_work/HiveFlight/ros2_ws/install/share/hiveflight_interfaces/cmake/export_hiveflight_interfaces__rosidl_typesupport_fastrtps_cppExport.cmake\n'}
[22.961823] (hiveflight_interfaces) StdoutLine: {'line': b'-- Installing: /mnt/c/work/ubuntu_work/HiveFlight/ros2_ws/install/share/hiveflight_interfaces/cmake/export_hiveflight_interfaces__rosidl_typesupport_fastrtps_cppExport-noconfig.cmake\n'}
[22.966575] (-) TimerEvent: {}
[23.038142] (hiveflight_interfaces) StdoutLine: {'line': b'-- Installing: /mnt/c/work/ubuntu_work/HiveFlight/ros2_ws/install/share/hiveflight_interfaces/cmake/hiveflight_interfaces__rosidl_typesupport_introspection_cExport.cmake\n'}
[23.066673] (-) TimerEvent: {}
[23.115432] (hiveflight_interfaces) StdoutLine: {'line': b'-- Installing: /mnt/c/work/ubuntu_work/HiveFlight/ros2_ws/install/share/hiveflight_interfaces/cmake/hiveflight_interfaces__rosidl_typesupport_introspection_cExport-noconfig.cmake\n'}
[23.166803] (-) TimerEvent: {}
[23.193059] (hiveflight_interfaces) StdoutLine: {'line': b'-- Installing: /mnt/c/work/ubuntu_work/HiveFlight/ros2_ws/install/share/hiveflight_interfaces/cmake/hiveflight_interfaces__rosidl_typesupport_cExport.cmake\n'}
[23.266957] (-) TimerEvent: {}
[23.268221] (hiveflight_interfaces) StdoutLine: {'line': b'-- Installing: /mnt/c/work/ubuntu_work/HiveFlight/ros2_ws/install/share/hiveflight_interfaces/cmake/hiveflight_interfaces__rosidl_typesupport_cExport-noconfig.cmake\n'}
[23.344202] (hiveflight_interfaces) StdoutLine: {'line': b'-- Installing: /mnt/c/work/ubuntu_work/HiveFlight/ros2_ws/install/share/hiveflight_interfaces/cmake/hiveflight_interfaces__rosidl_typesupport_introspection_cppExport.cmake\n'}
[23.367005] (-) TimerEvent: {}
[23.423085] (hiveflight_interfaces) StdoutLine: {'line': b'-- Installing: /mnt/c/work/ubuntu_work/HiveFlight/ros2_ws/install/share/hiveflight_interfaces/cmake/hiveflight_interfaces__rosidl_typesupport_introspection_cppExport-noconfig.cmake\n'}
[23.467166] (-) TimerEvent: {}
[23.503330] (hiveflight_interfaces) StdoutLine: {'line': b'-- Installing: /mnt/c/work/ubuntu_work/HiveFlight/ros2_ws/install/share/hiveflight_interfaces/cmake/hiveflight_interfaces__rosidl_typesupport_cppExport.cmake\n'}
[23.567309] (-) TimerEvent: {}
[23.579619] (hiveflight_interfaces) StdoutLine: {'line': b'-- Installing: /mnt/c/work/ubuntu_work/HiveFlight/ros2_ws/install/share/hiveflight_interfaces/cmake/hiveflight_interfaces__rosidl_typesupport_cppExport-noconfig.cmake\n'}
[23.655994] (hiveflight_interfaces) StdoutLine: {'line': b'-- Installing: /mnt/c/work/ubuntu_work/HiveFlight/ros2_ws/install/share/hiveflight_interfaces/cmake/export_hiveflight_interfaces__rosidl_generator_pyExport.cmake\n'}
[23.667449] (-) TimerEvent: {}
[23.733133] (hiveflight_interfaces) StdoutLine: {'line': b'-- Installing: /mnt/c/work/ubuntu_work/HiveFlight/ros2_ws/install/share/hiveflight_interfaces/cmake/export_hiveflight_interfaces__rosidl_generator_pyExport-noconfig.cmake\n'}
[23.767592] (-) TimerEvent: {}
[23.802569] (hiveflight_interfaces) StdoutLine: {'line': b'-- Installing: /mnt/c/work/ubuntu_work/HiveFlight/ros2_ws/install/share/hiveflight_interfaces/cmake/rosidl_cmake-extras.cmake\n'}
[23.858778] (hiveflight_interfaces) StdoutLine: {'line': b'-- Installing: /mnt/c/work/ubuntu_work/HiveFlight/ros2_ws/install/share/hiveflight_interfaces/cmake/ament_cmake_export_dependencies-extras.cmake\n'}
[23.867665] (-) TimerEvent: {}
[23.916563] (hiveflight_interfaces) StdoutLine: {'line': b'-- Installing: /mnt/c/work/ubuntu_work/HiveFlight/ros2_ws/install/share/hiveflight_interfaces/cmake/ament_cmake_export_include_directories-extras.cmake\n'}
[23.967806] (-) TimerEvent: {}
[23.972554] (hiveflight_interfaces) StdoutLine: {'line': b'-- Installing: /mnt/c/work/ubuntu_work/HiveFlight/ros2_ws/install/share/hiveflight_interfaces/cmake/ament_cmake_export_libraries-extras.cmake\n'}
[24.029134] (hiveflight_interfaces) StdoutLine: {'line': b'-- Installing: /mnt/c/work/ubuntu_work/HiveFlight/ros2_ws/install/share/hiveflight_interfaces/cmake/ament_cmake_export_targets-extras.cmake\n'}
[24.067948] (-) TimerEvent: {}
[24.087813] (hiveflight_interfaces) StdoutLine: {'line': b'-- Installing: /mnt/c/work/ubuntu_work/HiveFlight/ros2_ws/install/share/hiveflight_interfaces/cmake/rosidl_cmake_export_typesupport_targets-extras.cmake\n'}
[24.161337] (hiveflight_interfaces) StdoutLine: {'line': b'-- Installing: /mnt/c/work/ubuntu_work/HiveFlight/ros2_ws/install/share/hiveflight_interfaces/cmake/rosidl_cmake_export_typesupport_libraries-extras.cmake\n'}
[24.168037] (-) TimerEvent: {}
[24.219435] (hiveflight_interfaces) StdoutLine: {'line': b'-- Installing: /mnt/c/work/ubuntu_work/HiveFlight/ros2_ws/install/share/hiveflight_interfaces/cmake/hiveflight_interfacesConfig.cmake\n'}
[24.268294] (-) TimerEvent: {}
[24.312673] (hiveflight_interfaces) StdoutLine: {'line': b'-- Installing: /mnt/c/work/ubuntu_work/HiveFlight/ros2_ws/install/share/hiveflight_interfaces/cmake/hiveflight_interfacesConfig-version.cmake\n'}
[24.368413] (-) TimerEvent: {}
[24.370110] (hiveflight_interfaces) StdoutLine: {'line': b'-- Installing: /mnt/c/work/ubuntu_work/HiveFlight/ros2_ws/install/share/hiveflight_interfaces/package.xml\n'}
[24.429993] (hiveflight_interfaces) CommandEnded: {'returncode': 0}
[24.468448] (-) TimerEvent: {}
[24.568948] (-) TimerEvent: {}
[24.669537] (-) TimerEvent: {}
[24.770049] (-) TimerEvent: {}
[24.870550] (-) TimerEvent: {}
[24.970998] (-) TimerEvent: {}
[25.071639] (-) TimerEvent: {}
[25.172154] (-) TimerEvent: {}
[25.272686] (-) TimerEvent: {}
[25.373177] (-) TimerEvent: {}
[25.473654] (-) TimerEvent: {}
[25.513435] (hiveflight_interfaces) JobEnded: {'identifier': 'hiveflight_interfaces', 'rc': 0}
[25.525390] (hiveflight_sim) JobStarted: {'identifier': 'hiveflight_sim'}
[25.573766] (-) TimerEvent: {}
[25.674316] (-) TimerEvent: {}
[25.675145] (hiveflight_sim) JobProgress: {'identifier': 'hiveflight_sim', 'progress': 'cmake'}
[25.717883] (hiveflight_sim) Command: {'cmd': ['/usr/bin/cmake', '/mnt/c/work/ubuntu_work/HiveFlight/ros2_ws/src/hiveflight_sim', '-DCMAKE_INSTALL_PREFIX=/mnt/c/work/ubuntu_work/HiveFlight/ros2_ws/install'], 'cwd': '/mnt/c/work/ubuntu_work/HiveFlight/ros2_ws/build/hiveflight_sim', 'env': OrderedDict([('LESSOPEN', '| /usr/bin/lesspipe %s'), ('USER', 'ivano'), ('SHLVL', '2'), ('LD_LIBRARY_PATH', '/mnt/c/work/ubuntu_work/HiveFlight/ros2_ws/install/lib:/opt/ros/humble/opt/rviz_ogre_vendor/lib:/opt/ros/humble/lib/x86_64-linux-gnu:/opt/ros/humble/lib'), ('MOTD_SHOWN', 'update-motd'), ('HOME', '/home/ivano'), ('ROS_PYTHON_VERSION', '3'), ('DBUS_SESSION_BUS_ADDRESS', 'unix:path=/run/user/1000/bus'), ('WSL_DISTRO_NAME', 'Ubuntu-22.04'), ('WAYLAND_DISPLAY', 'wayland-0'), ('ROS_DISTRO', 'humble'), ('LOGNAME', 'ivano'), ('NAME', 'LAPTOP-7K9MEH4D'), ('WSL_INTEROP', '/run/WSL/331_interop'), ('PULSE_SERVER', 'unix:/mnt/wslg/PulseServer'), ('_', '/usr/bin/colcon'), ('ROS_VERSION', '2'), ('TERM', 'xterm-256color'), ('ROS_LOCALHOST_ONLY', '0'), ('PATH', '/opt/ros/humble/bin:/usr/local/sbin:/usr/local/bin:/usr/sbin:/usr/bin:/sbin:/bin:/usr/games:/usr/local/games:/usr/lib/wsl/lib:/mnt/c/Users/ivano/AppData/Roaming/Code/User/globalStorage/github.copilot-chat/debugCommand:/mnt/c/Users/ivano/AppData/Roaming/Code/User/globalStorage/github.copilot-chat/copilotCli:/mnt/c/windows/system32:/mnt/c/windows:/mnt/c/windows/System32/Wbem:/mnt/c/windows/System32/WindowsPowerShell/v1.0/:/mnt/c/windows/System32/OpenSSH/:/mnt/c/Program Files/HP/1E.Performance.Assist/Extensibility/NomadBranch:/mnt/c/Program Files/CMake/bin:/mnt/c/Program Files (x86)/Windows Kits/10/Windows Performance Toolkit/:/mnt/c/Program Files/Git/cmd:/mnt/c/windows/system32:/mnt/c/windows:/mnt/c/windows/System32/Wbem:/mnt/c/windows/System32/WindowsPowerShell/v1.0/:/mnt/c/windows/System32/OpenSSH/:/mnt/c/Program Files/HP/1E.Performance.Assist/Extensibility/NomadBranch:/mnt/c/Program Files/CMake/bin:/mnt/c/Program Files (x86)/Windows Kits/10/Windows Performance Toolkit/:/mnt/c/Program Files/Git/cmd:/mnt/c/vcpkg:/mnt/c/Users/ivano/AppData/Local/Programs/Microsoft VS Code/bin:/snap/bin'), ('XDG_RUNTIME_DIR', '/run/user/1000'), ('DISPLAY', ':0'), ('LANG', 'C.UTF-8'), ('LS_COLORS', 'rs=0:di=01;34:ln=01;36:mh=00:pi=40;33:so=01;35:do=01;35:bd=40;33;01:cd=40;33;01:or=40;31;01:mi=00:su=37;41:sg=30;43:ca=30;41:tw=30;42:ow=34;42:st=37;44:ex=01;32:*.tar=01;31:*.tgz=01;31:*.arc=01;31:*.arj=01;31:*.taz=01;31:*.lha=01;31:*.lz4=01;31:*.lzh=01;31:*.lzma=01;31:*.tlz=01;31:*.txz=01;31:*.tzo=01;31:*.t7z=01;31:*.zip=01;31:*.z=01;31:*.dz=01;31:*.gz=01;31:*.lrz=01;31:*.lz=01;31:*.lzo=01;31:*.xz=01;31:*.zst=01;31:*.tzst=01;31:*.bz2=01;31:*.bz=01;31:*.tbz=01;31:*.tbz2=01;31:*.tz=01;31:*.deb=01;31:*.rpm=01;31:*.jar=01;31:*.war=01;31:*.ear=01;31:*.sar=01;31:*.rar=01;31:*.alz=01;31:*.ace=01;31:*.zoo=01;31:*.cpio=01;31:*.7z=01;31:*.rz=01;31:*.cab=01;31:*.wim=01;31:*.swm=01;31:*.dwm=01;31:*.esd=01;31:*.jpg=01;35:*.jpeg=01;35:*.mjpg=01;35:*.mjpeg=01;35:*.gif=01;35:*.bmp=01;35:*.pbm=01;35:*.pgm=01;35:*.ppm=01;35:*.tga=01;35:*.xbm=01;35:*.xpm=01;35:*.tif=01;35:*.tiff=01;35:*.png=01;35:*.svg=01;35:*.svgz=01;35:*.mng=01;35:*.pcx=01;35:*.mov=01;35:*.mpg=01;35:*.mpeg=01;35:*.m2v=01;35:*.mkv=01;35:*.webm=01;35:*.webp=01;35:*.ogm=01;35:*.mp4=01;35:*.m4v=01;35:*.mp4v=01;35:*.vob=01;35:*.qt=01;35:*.nuv=01;35:*.wmv=01;35:*.asf=01;35:*.rm=01;35:*.rmvb=01;35:*.flc=01;35:*.avi=01;35:*.fli=01;35:*.flv=01;35:*.gl=01;35:*.dl=01;35:*.xcf=01;35:*.xwd=01;35:*.yuv=01;35:*.cgm=01;35:*.emf=01;35:*.ogv=01;35:*.ogx=01;35:*.aac=00;36:*.au=00;36:*.flac=00;36:*.m4a=00;36:*.mid=00;36:*.midi=00;36:*.mka=00;36:*.mp3=00;36:*.mpc=00;36:*.ogg=00;36:*.ra=00;36:*.wav=00;36:*.oga=00;36:*.opus=00;36:*.spx=00;36:*.xspf=00;36:'), ('AMENT_PREFIX_PATH', '/mnt/c/work/ubuntu_work/HiveFlight/ros2_ws/install:/opt/ros/humble'), ('SHELL', '/bin/bash'), ('LESSCLOSE', '/usr/bin/lesspipe %s %s'), ('PWD', '/mnt/c/work/ubuntu_work/HiveFlight/ros2_ws/build/hiveflight_sim'), ('XDG_DATA_DIRS', '/usr/local/share:/usr/share:/var/lib/snapd/desktop'), ('PYTHONPATH', '/mnt/c/work/ubuntu_work/HiveFlight/ros2_ws/install/local/lib/python3.10/dist-packages:/opt/ros/humble/lib/python3.10/site-packages:/opt/ros/humble/local/lib/python3.10/dist-packages'), ('COLCON', '1'), ('WSL2_GUI_APPS_ENABLED', '1'), ('HOSTTYPE', 'x86_64'), ('WSLENV', ''), ('CMAKE_PREFIX_PATH', '/mnt/c/work/ubuntu_work/HiveFlight/ros2_ws/install:/opt/ros/humble')]), 'shell': False}
[25.774442] (-) TimerEvent: {}
[25.875092] (-) TimerEvent: {}
[25.975645] (-) TimerEvent: {}
[26.076181] (-) TimerEvent: {}
[26.176707] (-) TimerEvent: {}
[26.277222] (-) TimerEvent: {}
[26.288915] (hiveflight_sim) StdoutLine: {'line': b'-- The C compiler identification is GNU 11.4.0\n'}
[26.377356] (-) TimerEvent: {}
[26.477930] (-) TimerEvent: {}
[26.578489] (-) TimerEvent: {}
[26.679009] (-) TimerEvent: {}
[26.779649] (-) TimerEvent: {}
[26.880177] (-) TimerEvent: {}
[26.897230] (hiveflight_sim) StdoutLine: {'line': b'-- The CXX compiler identification is GNU 11.4.0\n'}
[26.980315] (-) TimerEvent: {}
[27.080894] (-) TimerEvent: {}
[27.181482] (-) TimerEvent: {}
[27.186119] (hiveflight_sim) StdoutLine: {'line': b'-- Detecting C compiler ABI info\n'}
[27.281617] (-) TimerEvent: {}
[27.382159] (-) TimerEvent: {}
[27.482717] (-) TimerEvent: {}
[27.583294] (-) TimerEvent: {}
[27.683859] (-) TimerEvent: {}
[27.784442] (-) TimerEvent: {}
[27.885023] (-) TimerEvent: {}
[27.985629] (-) TimerEvent: {}
[28.086183] (-) TimerEvent: {}
[28.135822] (hiveflight_sim) StdoutLine: {'line': b'-- Detecting C compiler ABI info - done\n'}
[28.157047] (hiveflight_sim) StdoutLine: {'line': b'-- Check for working C compiler: /usr/bin/cc - skipped\n'}
[28.158057] (hiveflight_sim) StdoutLine: {'line': b'-- Detecting C compile features\n'}
[28.158857] (hiveflight_sim) StdoutLine: {'line': b'-- Detecting C compile features - done\n'}
[28.186298] (-) TimerEvent: {}
[28.209437] (hiveflight_sim) StdoutLine: {'line': b'-- Detecting CXX compiler ABI info\n'}
[28.286442] (-) TimerEvent: {}
[28.387005] (-) TimerEvent: {}
[28.487789] (-) TimerEvent: {}
[28.588358] (-) TimerEvent: {}
[28.688928] (-) TimerEvent: {}
[28.789500] (-) TimerEvent: {}
[28.890083] (-) TimerEvent: {}
[28.990686] (-) TimerEvent: {}
[29.091248] (-) TimerEvent: {}
[29.170696] (hiveflight_sim) StdoutLine: {'line': b'-- Detecting CXX compiler ABI info - done\n'}
[29.191287] (-) TimerEvent: {}
[29.192284] (hiveflight_sim) StdoutLine: {'line': b'-- Check for working CXX compiler: /usr/bin/c++ - skipped\n'}
[29.193825] (hiveflight_sim) StdoutLine: {'line': b'-- Detecting CXX compile features\n'}
[29.194961] (hiveflight_sim) StdoutLine: {'line': b'-- Detecting CXX compile features - done\n'}
[29.277528] (hiveflight_sim) StdoutLine: {'line': b'-- Found ament_cmake: 1.3.14 (/opt/ros/humble/share/ament_cmake/cmake)\n'}
[29.291421] (-) TimerEvent: {}
[29.392250] (-) TimerEvent: {}
[29.492751] (-) TimerEvent: {}
[29.593298] (-) TimerEvent: {}
[29.693877] (-) TimerEvent: {}
[29.794432] (-) TimerEvent: {}
[29.894972] (-) TimerEvent: {}
[29.995593] (-) TimerEvent: {}
[30.096157] (-) TimerEvent: {}
[30.098359] (hiveflight_sim) StdoutLine: {'line': b'-- Found Python3: /usr/bin/python3 (found version "3.10.12") found components: Interpreter \n'}
[30.196284] (-) TimerEvent: {}
[30.296831] (-) TimerEvent: {}
[30.397356] (-) TimerEvent: {}
[30.497889] (-) TimerEvent: {}
[30.598823] (-) TimerEvent: {}
[30.699439] (-) TimerEvent: {}
[30.800013] (-) TimerEvent: {}
[30.900557] (-) TimerEvent: {}
[30.947175] (hiveflight_sim) StdoutLine: {'line': b'-- Found rclcpp: 16.0.19 (/opt/ros/humble/share/rclcpp/cmake)\n'}
[31.000703] (-) TimerEvent: {}
[31.101258] (-) TimerEvent: {}
[31.201800] (-) TimerEvent: {}
[31.302341] (-) TimerEvent: {}
[31.402920] (-) TimerEvent: {}
[31.455869] (hiveflight_sim) StdoutLine: {'line': b'-- Found rosidl_generator_c: 3.1.8 (/opt/ros/humble/share/rosidl_generator_c/cmake)\n'}
[31.503085] (-) TimerEvent: {}
[31.530872] (hiveflight_sim) StdoutLine: {'line': b'-- Found rosidl_adapter: 3.1.8 (/opt/ros/humble/share/rosidl_adapter/cmake)\n'}
[31.603221] (-) TimerEvent: {}
[31.607072] (hiveflight_sim) StdoutLine: {'line': b'-- Found rosidl_generator_cpp: 3.1.8 (/opt/ros/humble/share/rosidl_generator_cpp/cmake)\n'}
[31.685615] (hiveflight_sim) StdoutLine: {'line': b'-- Using all available rosidl_typesupport_c: rosidl_typesupport_fastrtps_c;rosidl_typesupport_introspection_c\n'}
[31.703321] (-) TimerEvent: {}
[31.802709] (hiveflight_sim) StdoutLine: {'line': b'-- Using all available rosidl_typesupport_cpp: rosidl_typesupport_fastrtps_cpp;rosidl_typesupport_introspection_cpp\n'}
[31.803985] (-) TimerEvent: {}
[31.904489] (-) TimerEvent: {}
[32.005086] (-) TimerEvent: {}
[32.105823] (-) TimerEvent: {}
[32.206436] (-) TimerEvent: {}
[32.252165] (hiveflight_sim) StdoutLine: {'line': b'-- Found rmw_implementation_cmake: 6.1.2 (/opt/ros/humble/share/rmw_implementation_cmake/cmake)\n'}
[32.295852] (hiveflight_sim) StdoutLine: {'line': b'-- Found rmw_fastrtps_cpp: 6.2.10 (/opt/ros/humble/share/rmw_fastrtps_cpp/cmake)\n'}
[32.306534] (-) TimerEvent: {}
[32.406981] (-) TimerEvent: {}
[32.507620] (-) TimerEvent: {}
[32.608199] (-) TimerEvent: {}
[32.708880] (-) TimerEvent: {}
[32.809395] (-) TimerEvent: {}
[32.910087] (-) TimerEvent: {}
[33.010670] (-) TimerEvent: {}
[33.111319] (-) TimerEvent: {}
[33.211945] (-) TimerEvent: {}
[33.312535] (-) TimerEvent: {}
[33.413155] (-) TimerEvent: {}
[33.513673] (-) TimerEvent: {}
[33.614237] (-) TimerEvent: {}
[33.714874] (-) TimerEvent: {}
[33.815456] (-) TimerEvent: {}
[33.916124] (-) TimerEvent: {}
[33.938433] (hiveflight_sim) StdoutLine: {'line': b'-- Found OpenSSL: /usr/lib/x86_64-linux-gnu/libcrypto.so (found version "3.0.2")  \n'}
[34.016261] (-) TimerEvent: {}
[34.116834] (-) TimerEvent: {}
[34.217486] (-) TimerEvent: {}
[34.318070] (-) TimerEvent: {}
[34.418767] (-) TimerEvent: {}
[34.519432] (-) TimerEvent: {}
[34.619996] (-) TimerEvent: {}
[34.720654] (-) TimerEvent: {}
[34.821254] (-) TimerEvent: {}
[34.918002] (hiveflight_sim) StdoutLine: {'line': b'-- Found FastRTPS: /opt/ros/humble/include  \n'}
[34.921354] (-) TimerEvent: {}
[35.021846] (-) TimerEvent: {}
[35.122441] (-) TimerEvent: {}
[35.223098] (-) TimerEvent: {}
[35.323945] (-) TimerEvent: {}
[35.424479] (-) TimerEvent: {}
[35.525024] (-) TimerEvent: {}
[35.625593] (-) TimerEvent: {}
[35.726136] (-) TimerEvent: {}
[35.826710] (-) TimerEvent: {}
[35.927310] (-) TimerEvent: {}
[36.027873] (-) TimerEvent: {}
[36.128501] (-) TimerEvent: {}
[36.229321] (-) TimerEvent: {}
[36.330368] (-) TimerEvent: {}
[36.431366] (-) TimerEvent: {}
[36.532690] (-) TimerEvent: {}
[36.633635] (-) TimerEvent: {}
[36.734132] (-) TimerEvent: {}
[36.758447] (hiveflight_sim) StdoutLine: {'line': b"-- Using RMW implementation 'rmw_fastrtps_cpp' as default\n"}
[36.834270] (-) TimerEvent: {}
[36.919177] (hiveflight_sim) StdoutLine: {'line': b'-- Looking for pthread.h\n'}
[36.934326] (-) TimerEvent: {}
[37.034794] (-) TimerEvent: {}
[37.135426] (-) TimerEvent: {}
[37.235976] (-) TimerEvent: {}
[37.336553] (-) TimerEvent: {}
[37.437113] (-) TimerEvent: {}
[37.537740] (-) TimerEvent: {}
[37.638370] (-) TimerEvent: {}
[37.738947] (-) TimerEvent: {}
[37.839562] (-) TimerEvent: {}
[37.886901] (hiveflight_sim) StdoutLine: {'line': b'-- Looking for pthread.h - found\n'}
[37.897310] (hiveflight_sim) StdoutLine: {'line': b'-- Performing Test CMAKE_HAVE_LIBC_PTHREAD\n'}
[37.939695] (-) TimerEvent: {}
[38.040231] (-) TimerEvent: {}
[38.140737] (-) TimerEvent: {}
[38.241368] (-) TimerEvent: {}
[38.341975] (-) TimerEvent: {}
[38.442508] (-) TimerEvent: {}
[38.543121] (-) TimerEvent: {}
[38.643795] (-) TimerEvent: {}
[38.744339] (-) TimerEvent: {}
[38.844920] (-) TimerEvent: {}
[38.852831] (hiveflight_sim) StdoutLine: {'line': b'-- Performing Test CMAKE_HAVE_LIBC_PTHREAD - Success\n'}
[38.858532] (hiveflight_sim) StdoutLine: {'line': b'-- Found Threads: TRUE  \n'}
[38.945052] (-) TimerEvent: {}
[39.046138] (-) TimerEvent: {}
[39.096336] (hiveflight_sim) StdoutLine: {'line': b'-- Found geometry_msgs: 4.9.1 (/opt/ros/humble/share/geometry_msgs/cmake)\n'}
[39.146265] (-) TimerEvent: {}
[39.168491] (hiveflight_sim) StdoutLine: {'line': b'-- Found hiveflight_interfaces: 0.0.1 (/mnt/c/work/ubuntu_work/HiveFlight/ros2_ws/install/share/hiveflight_interfaces/cmake)\n'}
[39.246405] (-) TimerEvent: {}
[39.347096] (-) TimerEvent: {}
[39.447696] (-) TimerEvent: {}
[39.548294] (-) TimerEvent: {}
[39.649109] (-) TimerEvent: {}
[39.749721] (-) TimerEvent: {}
[39.850318] (-) TimerEvent: {}
[39.950855] (-) TimerEvent: {}
[40.051523] (-) TimerEvent: {}
[40.152044] (-) TimerEvent: {}
[40.252611] (-) TimerEvent: {}
[40.330587] (hiveflight_sim) StdoutLine: {'line': b'-- Configuring done\n'}
[40.352699] (-) TimerEvent: {}
[40.453190] (-) TimerEvent: {}
[40.553783] (-) TimerEvent: {}
[40.654491] (-) TimerEvent: {}
[40.755062] (-) TimerEvent: {}
[40.776216] (hiveflight_sim) StdoutLine: {'line': b'-- Generating done\n'}
[40.855201] (-) TimerEvent: {}
[40.949864] (hiveflight_sim) StdoutLine: {'line': b'-- Build files have been written to: /mnt/c/work/ubuntu_work/HiveFlight/ros2_ws/build/hiveflight_sim\n'}
[40.955403] (-) TimerEvent: {}
[40.959552] (hiveflight_sim) CommandEnded: {'returncode': 0}
[40.965556] (hiveflight_sim) JobProgress: {'identifier': 'hiveflight_sim', 'progress': 'build'}
[40.973358] (hiveflight_sim) Command: {'cmd': ['/usr/bin/cmake', '--build', '/mnt/c/work/ubuntu_work/HiveFlight/ros2_ws/build/hiveflight_sim', '--', '-j16', '-l16'], 'cwd': '/mnt/c/work/ubuntu_work/HiveFlight/ros2_ws/build/hiveflight_sim', 'env': OrderedDict([('LESSOPEN', '| /usr/bin/lesspipe %s'), ('USER', 'ivano'), ('SHLVL', '2'), ('LD_LIBRARY_PATH', '/mnt/c/work/ubuntu_work/HiveFlight/ros2_ws/install/lib:/opt/ros/humble/opt/rviz_ogre_vendor/lib:/opt/ros/humble/lib/x86_64-linux-gnu:/opt/ros/humble/lib'), ('MOTD_SHOWN', 'update-motd'), ('HOME', '/home/ivano'), ('ROS_PYTHON_VERSION', '3'), ('DBUS_SESSION_BUS_ADDRESS', 'unix:path=/run/user/1000/bus'), ('WSL_DISTRO_NAME', 'Ubuntu-22.04'), ('WAYLAND_DISPLAY', 'wayland-0'), ('ROS_DISTRO', 'humble'), ('LOGNAME', 'ivano'), ('NAME', 'LAPTOP-7K9MEH4D'), ('WSL_INTEROP', '/run/WSL/331_interop'), ('PULSE_SERVER', 'unix:/mnt/wslg/PulseServer'), ('_', '/usr/bin/colcon'), ('ROS_VERSION', '2'), ('TERM', 'xterm-256color'), ('ROS_LOCALHOST_ONLY', '0'), ('PATH', '/opt/ros/humble/bin:/usr/local/sbin:/usr/local/bin:/usr/sbin:/usr/bin:/sbin:/bin:/usr/games:/usr/local/games:/usr/lib/wsl/lib:/mnt/c/Users/ivano/AppData/Roaming/Code/User/globalStorage/github.copilot-chat/debugCommand:/mnt/c/Users/ivano/AppData/Roaming/Code/User/globalStorage/github.copilot-chat/copilotCli:/mnt/c/windows/system32:/mnt/c/windows:/mnt/c/windows/System32/Wbem:/mnt/c/windows/System32/WindowsPowerShell/v1.0/:/mnt/c/windows/System32/OpenSSH/:/mnt/c/Program Files/HP/1E.Performance.Assist/Extensibility/NomadBranch:/mnt/c/Program Files/CMake/bin:/mnt/c/Program Files (x86)/Windows Kits/10/Windows Performance Toolkit/:/mnt/c/Program Files/Git/cmd:/mnt/c/windows/system32:/mnt/c/windows:/mnt/c/windows/System32/Wbem:/mnt/c/windows/System32/WindowsPowerShell/v1.0/:/mnt/c/windows/System32/OpenSSH/:/mnt/c/Program Files/HP/1E.Performance.Assist/Extensibility/NomadBranch:/mnt/c/Program Files/CMake/bin:/mnt/c/Program Files (x86)/Windows Kits/10/Windows Performance Toolkit/:/mnt/c/Program Files/Git/cmd:/mnt/c/vcpkg:/mnt/c/Users/ivano/AppData/Local/Programs/Microsoft VS Code/bin:/snap/bin'), ('XDG_RUNTIME_DIR', '/run/user/1000'), ('DISPLAY', ':0'), ('LANG', 'C.UTF-8'), ('LS_COLORS', 'rs=0:di=01;34:ln=01;36:mh=00:pi=40;33:so=01;35:do=01;35:bd=40;33;01:cd=40;33;01:or=40;31;01:mi=00:su=37;41:sg=30;43:ca=30;41:tw=30;42:ow=34;42:st=37;44:ex=01;32:*.tar=01;31:*.tgz=01;31:*.arc=01;31:*.arj=01;31:*.taz=01;31:*.lha=01;31:*.lz4=01;31:*.lzh=01;31:*.lzma=01;31:*.tlz=01;31:*.txz=01;31:*.tzo=01;31:*.t7z=01;31:*.zip=01;31:*.z=01;31:*.dz=01;31:*.gz=01;31:*.lrz=01;31:*.lz=01;31:*.lzo=01;31:*.xz=01;31:*.zst=01;31:*.tzst=01;31:*.bz2=01;31:*.bz=01;31:*.tbz=01;31:*.tbz2=01;31:*.tz=01;31:*.deb=01;31:*.rpm=01;31:*.jar=01;31:*.war=01;31:*.ear=01;31:*.sar=01;31:*.rar=01;31:*.alz=01;31:*.ace=01;31:*.zoo=01;31:*.cpio=01;31:*.7z=01;31:*.rz=01;31:*.cab=01;31:*.wim=01;31:*.swm=01;31:*.dwm=01;31:*.esd=01;31:*.jpg=01;35:*.jpeg=01;35:*.mjpg=01;35:*.mjpeg=01;35:*.gif=01;35:*.bmp=01;35:*.pbm=01;35:*.pgm=01;35:*.ppm=01;35:*.tga=01;35:*.xbm=01;35:*.xpm=01;35:*.tif=01;35:*.tiff=01;35:*.png=01;35:*.svg=01;35:*.svgz=01;35:*.mng=01;35:*.pcx=01;35:*.mov=01;35:*.mpg=01;35:*.mpeg=01;35:*.m2v=01;35:*.mkv=01;35:*.webm=01;35:*.webp=01;35:*.ogm=01;35:*.mp4=01;35:*.m4v=01;35:*.mp4v=01;35:*.vob=01;35:*.qt=01;35:*.nuv=01;35:*.wmv=01;35:*.asf=01;35:*.rm=01;35:*.rmvb=01;35:*.flc=01;35:*.avi=01;35:*.fli=01;35:*.flv=01;35:*.gl=01;35:*.dl=01;35:*.xcf=01;35:*.xwd=01;35:*.yuv=01;35:*.cgm=01;35:*.emf=01;35:*.ogv=01;35:*.ogx=01;35:*.aac=00;36:*.au=00;36:*.flac=00;36:*.m4a=00;36:*.mid=00;36:*.midi=00;36:*.mka=00;36:*.mp3=00;36:*.mpc=00;36:*.ogg=00;36:*.ra=00;36:*.wav=00;36:*.oga=00;36:*.opus=00;36:*.spx=00;36:*.xspf=00;36:'), ('AMENT_PREFIX_PATH', '/mnt/c/work/ubuntu_work/HiveFlight/ros2_ws/install:/opt/ros/humble'), ('SHELL', '/bin/bash'), ('LESSCLOSE', '/usr/bin/lesspipe %s %s'), ('PWD', '/mnt/c/work/ubuntu_work/HiveFlight/ros2_ws/build/hiveflight_sim'), ('XDG_DATA_DIRS', '/usr/local/share:/usr/share:/var/lib/snapd/desktop'), ('PYTHONPATH', '/mnt/c/work/ubuntu_work/HiveFlight/ros2_ws/install/local/lib/python3.10/dist-packages:/opt/ros/humble/lib/python3.10/site-packages:/opt/ros/humble/local/lib/python3.10/dist-packages'), ('COLCON', '1'), ('WSL2_GUI_APPS_ENABLED', '1'), ('HOSTTYPE', 'x86_64'), ('WSLENV', ''), ('CMAKE_PREFIX_PATH', '/mnt/c/work/ubuntu_work/HiveFlight/ros2_ws/install:/opt/ros/humble')]), 'shell': False}
[41.055560] (-) TimerEvent: {}
[41.083738] (hiveflight_sim) StderrLine: {'line': b"gmake: Warning: File 'Makefile' has modification time 0.11 s in the future\n"}
[41.155688] (-) TimerEvent: {}
[41.256245] (-) TimerEvent: {}
[41.356806] (-) TimerEvent: {}
[41.457356] (-) TimerEvent: {}
[41.557914] (-) TimerEvent: {}
[41.623076] (hiveflight_sim) StdoutLine: {'line': b'[ 40%] \x1b[32mBuilding CXX object CMakeFiles/hiveflight_ros2_adapter.dir/src/DroneRos2Adapter.cpp.o\x1b[0m\n'}
[41.624722] (hiveflight_sim) StdoutLine: {'line': b'[ 40%] \x1b[32mBuilding CXX object CMakeFiles/hiveflight_ros2_adapter.dir/src/DroneCommunication3D.cpp.o\x1b[0m\n'}
[41.632703] (hiveflight_sim) StdoutLine: {'line': b'[ 60%] \x1b[32mBuilding CXX object CMakeFiles/hiveflight_ros2_adapter.dir/mnt/c/work/ubuntu_work/HiveFlight/SwarmSimulation3D.cpp.o\x1b[0m\n'}
[41.640697] (hiveflight_sim) StdoutLine: {'line': b'[ 80%] \x1b[32mBuilding CXX object CMakeFiles/hiveflight_ros2_adapter.dir/mnt/c/work/ubuntu_work/HiveFlight/SpatialGrid3D.cpp.o\x1b[0m\n'}
[41.658077] (-) TimerEvent: {}
[41.758721] (-) TimerEvent: {}
[41.859336] (-) TimerEvent: {}
[41.959982] (-) TimerEvent: {}
[42.060688] (-) TimerEvent: {}
[42.161225] (-) TimerEvent: {}
[42.261882] (-) TimerEvent: {}
[42.362520] (-) TimerEvent: {}
[42.463150] (-) TimerEvent: {}
[42.563915] (-) TimerEvent: {}
[42.664658] (-) TimerEvent: {}
[42.765234] (-) TimerEvent: {}
[42.865924] (-) TimerEvent: {}
[42.966481] (-) TimerEvent: {}
[43.067056] (-) TimerEvent: {}
[43.167655] (-) TimerEvent: {}
[43.268216] (-) TimerEvent: {}
[43.369202] (-) TimerEvent: {}
[43.469826] (-) TimerEvent: {}
[43.570379] (-) TimerEvent: {}
[43.670944] (-) TimerEvent: {}
[43.771488] (-) TimerEvent: {}
[43.872215] (-) TimerEvent: {}
[43.972811] (-) TimerEvent: {}
[44.073403] (-) TimerEvent: {}
[44.173992] (-) TimerEvent: {}
[44.274709] (-) TimerEvent: {}
[44.375328] (-) TimerEvent: {}
[44.475916] (-) TimerEvent: {}
[44.576502] (-) TimerEvent: {}
[44.677151] (-) TimerEvent: {}
[44.777752] (-) TimerEvent: {}
[44.878332] (-) TimerEvent: {}
[44.979133] (-) TimerEvent: {}
[45.080225] (-) TimerEvent: {}
[45.180836] (-) TimerEvent: {}
[45.281456] (-) TimerEvent: {}
[45.382060] (-) TimerEvent: {}
[45.482614] (-) TimerEvent: {}
[45.583230] (-) TimerEvent: {}
[45.683803] (-) TimerEvent: {}
[45.784415] (-) TimerEvent: {}
[45.885030] (-) TimerEvent: {}
[45.985614] (-) TimerEvent: {}
[46.086388] (-) TimerEvent: {}
[46.187183] (-) TimerEvent: {}
[46.287913] (-) TimerEvent: {}
[46.388986] (-) TimerEvent: {}
[46.490085] (-) TimerEvent: {}
[46.591279] (-) TimerEvent: {}
[46.692449] (-) TimerEvent: {}
[46.793505] (-) TimerEvent: {}
[46.894627] (-) TimerEvent: {}
[46.995925] (-) TimerEvent: {}
[47.096869] (-) TimerEvent: {}
[47.198110] (-) TimerEvent: {}
[47.299101] (-) TimerEvent: {}
[47.400121] (-) TimerEvent: {}
[47.501207] (-) TimerEvent: {}
[47.602303] (-) TimerEvent: {}
[47.703401] (-) TimerEvent: {}
[47.804374] (-) TimerEvent: {}
[47.905201] (-) TimerEvent: {}
[48.006328] (-) TimerEvent: {}
[48.107477] (-) TimerEvent: {}
[48.208550] (-) TimerEvent: {}
[48.309642] (-) TimerEvent: {}
[48.410596] (-) TimerEvent: {}
[48.511922] (-) TimerEvent: {}
[48.613522] (-) TimerEvent: {}
[48.714781] (-) TimerEvent: {}
[48.816184] (-) TimerEvent: {}
[48.917289] (-) TimerEvent: {}
[49.018363] (-) TimerEvent: {}
[49.119466] (-) TimerEvent: {}
[49.220392] (-) TimerEvent: {}
[49.321340] (-) TimerEvent: {}
[49.422678] (-) TimerEvent: {}
[49.523725] (-) TimerEvent: {}
[49.624848] (-) TimerEvent: {}
[49.725931] (-) TimerEvent: {}
[49.827129] (-) TimerEvent: {}
[49.928186] (-) TimerEvent: {}
[50.029218] (-) TimerEvent: {}
[50.130296] (-) TimerEvent: {}
[50.231419] (-) TimerEvent: {}
[50.332680] (-) TimerEvent: {}
[50.433771] (-) TimerEvent: {}
[50.534835] (-) TimerEvent: {}
[50.635902] (-) TimerEvent: {}
[50.736945] (-) TimerEvent: {}
[50.837926] (-) TimerEvent: {}
[50.938540] (-) TimerEvent: {}
[51.039897] (-) TimerEvent: {}
[51.141184] (-) TimerEvent: {}
[51.241669] (-) TimerEvent: {}
[51.342193] (-) TimerEvent: {}
[51.442703] (-) TimerEvent: {}
[51.543240] (-) TimerEvent: {}
[51.643759] (-) TimerEvent: {}
[51.744278] (-) TimerEvent: {}
[51.844849] (-) TimerEvent: {}
[51.945392] (-) TimerEvent: {}
[52.046135] (-) TimerEvent: {}
[52.143922] (hiveflight_sim) StdoutLine: {'line': b'[100%] \x1b[32m\x1b[1mLinking CXX static library libhiveflight_ros2_adapter.a\x1b[0m\n'}
[52.146149] (-) TimerEvent: {}
[52.246664] (-) TimerEvent: {}
[52.347468] (-) TimerEvent: {}
[52.448012] (-) TimerEvent: {}
[52.548638] (-) TimerEvent: {}
[52.649190] (-) TimerEvent: {}
[52.749705] (-) TimerEvent: {}
[52.850283] (-) TimerEvent: {}
[52.950928] (-) TimerEvent: {}
[53.051469] (-) TimerEvent: {}
[53.152059] (-) TimerEvent: {}
[53.252566] (-) TimerEvent: {}
[53.353418] (-) TimerEvent: {}
[53.454030] (-) TimerEvent: {}
[53.554590] (-) TimerEvent: {}
[53.655135] (-) TimerEvent: {}
[53.755675] (-) TimerEvent: {}
[53.856218] (-) TimerEvent: {}
[53.956792] (-) TimerEvent: {}
[54.057407] (-) TimerEvent: {}
[54.157970] (-) TimerEvent: {}
[54.258549] (-) TimerEvent: {}
[54.359127] (-) TimerEvent: {}
[54.459731] (-) TimerEvent: {}
[54.560351] (-) TimerEvent: {}
[54.660992] (-) TimerEvent: {}
[54.761676] (-) TimerEvent: {}
[54.862301] (-) TimerEvent: {}
[54.962829] (-) TimerEvent: {}
[55.063400] (-) TimerEvent: {}
[55.163971] (-) TimerEvent: {}
[55.264529] (-) TimerEvent: {}
[55.365100] (-) TimerEvent: {}
[55.465757] (-) TimerEvent: {}
[55.566344] (-) TimerEvent: {}
[55.657408] (hiveflight_sim) StdoutLine: {'line': b'[100%] Built target hiveflight_ros2_adapter\n'}
[55.666433] (-) TimerEvent: {}
[55.756310] (hiveflight_sim) StderrLine: {'line': b'gmake: warning:  Clock skew detected.  Your build may be incomplete.\n'}
[55.758865] (hiveflight_sim) CommandEnded: {'returncode': 0}
[55.766529] (-) TimerEvent: {}
[55.778059] (hiveflight_sim) JobProgress: {'identifier': 'hiveflight_sim', 'progress': 'install'}
[55.784967] (hiveflight_sim) Command: {'cmd': ['/usr/bin/cmake', '--install', '/mnt/c/work/ubuntu_work/HiveFlight/ros2_ws/build/hiveflight_sim'], 'cwd': '/mnt/c/work/ubuntu_work/HiveFlight/ros2_ws/build/hiveflight_sim', 'env': OrderedDict([('LESSOPEN', '| /usr/bin/lesspipe %s'), ('USER', 'ivano'), ('SHLVL', '2'), ('LD_LIBRARY_PATH', '/mnt/c/work/ubuntu_work/HiveFlight/ros2_ws/install/lib:/opt/ros/humble/opt/rviz_ogre_vendor/lib:/opt/ros/humble/lib/x86_64-linux-gnu:/opt/ros/humble/lib'), ('MOTD_SHOWN', 'update-motd'), ('HOME', '/home/ivano'), ('ROS_PYTHON_VERSION', '3'), ('DBUS_SESSION_BUS_ADDRESS', 'unix:path=/run/user/1000/bus'), ('WSL_DISTRO_NAME', 'Ubuntu-22.04'), ('WAYLAND_DISPLAY', 'wayland-0'), ('ROS_DISTRO', 'humble'), ('LOGNAME', 'ivano'), ('NAME', 'LAPTOP-7K9MEH4D'), ('WSL_INTEROP', '/run/WSL/331_interop'), ('PULSE_SERVER', 'unix:/mnt/wslg/PulseServer'), ('_', '/usr/bin/colcon'), ('ROS_VERSION', '2'), ('TERM', 'xterm-256color'), ('ROS_LOCALHOST_ONLY', '0'), ('PATH', '/opt/ros/humble/bin:/usr/local/sbin:/usr/local/bin:/usr/sbin:/usr/bin:/sbin:/bin:/usr/games:/usr/local/games:/usr/lib/wsl/lib:/mnt/c/Users/ivano/AppData/Roaming/Code/User/globalStorage/github.copilot-chat/debugCommand:/mnt/c/Users/ivano/AppData/Roaming/Code/User/globalStorage/github.copilot-chat/copilotCli:/mnt/c/windows/system32:/mnt/c/windows:/mnt/c/windows/System32/Wbem:/mnt/c/windows/System32/WindowsPowerShell/v1.0/:/mnt/c/windows/System32/OpenSSH/:/mnt/c/Program Files/HP/1E.Performance.Assist/Extensibility/NomadBranch:/mnt/c/Program Files/CMake/bin:/mnt/c/Program Files (x86)/Windows Kits/10/Windows Performance Toolkit/:/mnt/c/Program Files/Git/cmd:/mnt/c/windows/system32:/mnt/c/windows:/mnt/c/windows/System32/Wbem:/mnt/c/windows/System32/WindowsPowerShell/v1.0/:/mnt/c/windows/System32/OpenSSH/:/mnt/c/Program Files/HP/1E.Performance.Assist/Extensibility/NomadBranch:/mnt/c/Program Files/CMake/bin:/mnt/c/Program Files (x86)/Windows Kits/10/Windows Performance Toolkit/:/mnt/c/Program Files/Git/cmd:/mnt/c/vcpkg:/mnt/c/Users/ivano/AppData/Local/Programs/Microsoft VS Code/bin:/snap/bin'), ('XDG_RUNTIME_DIR', '/run/user/1000'), ('DISPLAY', ':0'), ('LANG', 'C.UTF-8'), ('LS_COLORS', 'rs=0:di=01;34:ln=01;36:mh=00:pi=40;33:so=01;35:do=01;35:bd=40;33;01:cd=40;33;01:or=40;31;01:mi=00:su=37;41:sg=30;43:ca=30;41:tw=30;42:ow=34;42:st=37;44:ex=01;32:*.tar=01;31:*.tgz=01;31:*.arc=01;31:*.arj=01;31:*.taz=01;31:*.lha=01;31:*.lz4=01;31:*.lzh=01;31:*.lzma=01;31:*.tlz=01;31:*.txz=01;31:*.tzo=01;31:*.t7z=01;31:*.zip=01;31:*.z=01;31:*.dz=01;31:*.gz=01;31:*.lrz=01;31:*.lz=01;31:*.lzo=01;31:*.xz=01;31:*.zst=01;31:*.tzst=01;31:*.bz2=01;31:*.bz=01;31:*.tbz=01;31:*.tbz2=01;31:*.tz=01;31:*.deb=01;31:*.rpm=01;31:*.jar=01;31:*.war=01;31:*.ear=01;31:*.sar=01;31:*.rar=01;31:*.alz=01;31:*.ace=01;31:*.zoo=01;31:*.cpio=01;31:*.7z=01;31:*.rz=01;31:*.cab=01;31:*.wim=01;31:*.swm=01;31:*.dwm=01;31:*.esd=01;31:*.jpg=01;35:*.jpeg=01;35:*.mjpg=01;35:*.mjpeg=01;35:*.gif=01;35:*.bmp=01;35:*.pbm=01;35:*.pgm=01;35:*.ppm=01;35:*.tga=01;35:*.xbm=01;35:*.xpm=01;35:*.tif=01;35:*.tiff=01;35:*.png=01;35:*.svg=01;35:*.svgz=01;35:*.mng=01;35:*.pcx=01;35:*.mov=01;35:*.mpg=01;35:*.mpeg=01;35:*.m2v=01;35:*.mkv=01;35:*.webm=01;35:*.webp=01;35:*.ogm=01;35:*.mp4=01;35:*.m4v=01;35:*.mp4v=01;35:*.vob=01;35:*.qt=01;35:*.nuv=01;35:*.wmv=01;35:*.asf=01;35:*.rm=01;35:*.rmvb=01;35:*.flc=01;35:*.avi=01;35:*.fli=01;35:*.flv=01;35:*.gl=01;35:*.dl=01;35:*.xcf=01;35:*.xwd=01;35:*.yuv=01;35:*.cgm=01;35:*.emf=01;35:*.ogv=01;35:*.ogx=01;35:*.aac=00;36:*.au=00;36:*.flac=00;36:*.m4a=00;36:*.mid=00;36:*.midi=00;36:*.mka=00;36:*.mp3=00;36:*.mpc=00;36:*.ogg=00;36:*.ra=00;36:*.wav=00;36:*.oga=00;36:*.opus=00;36:*.spx=00;36:*.xspf=00;36:'), ('AMENT_PREFIX_PATH', '/mnt/c/work/ubuntu_work/HiveFlight/ros2_ws/install:/opt/ros/humble'), ('SHELL', '/bin/bash'), ('LESSCLOSE', '/usr/bin/lesspipe %s %s'), ('PWD', '/mnt/c/work/ubuntu_work/HiveFlight/ros2_ws/build/hiveflight_sim'), ('XDG_DATA_DIRS', '/usr/local/share:/usr/share:/var/lib/snapd/desktop'), ('PYTHONPATH', '/mnt/c/work/ubuntu_work/HiveFlight/ros2_ws/install/local/lib/python3.10/dist-packages:/opt/ros/humble/lib/python3.10/site-packages:/opt/ros/humble/local/lib/python3.10/dist-packages'), ('COLCON', '1'), ('WSL2_GUI_APPS_ENABLED', '1'), ('HOSTTYPE', 'x86_64'), ('WSLENV', ''), ('CMAKE_PREFIX_PATH', '/mnt/c/work/ubuntu_work/HiveFlight/ros2_ws/install:/opt/ros/humble')]), 'shell': False}
[55.859163] (hiveflight_sim) StdoutLine: {'line': b'-- Install configuration: ""\n'}
[55.866626] (hiveflight_sim) StdoutLine: {'line': b'-- Installing: /mnt/c/work/ubuntu_work/HiveFlight/ros2_ws/install/lib/libhiveflight_ros2_adapter.a\n'}
[55.867755] (-) TimerEvent: {}
[55.968338] (-) TimerEvent: {}
[56.068826] (-) TimerEvent: {}
[56.169331] (-) TimerEvent: {}
[56.269902] (-) TimerEvent: {}
[56.370470] (-) TimerEvent: {}
[56.459922] (hiveflight_sim) StdoutLine: {'line': b'-- Up-to-date: /mnt/c/work/ubuntu_work/HiveFlight/ros2_ws/install/include\n'}
[56.470550] (-) TimerEvent: {}
[56.479145] (hiveflight_sim) StdoutLine: {'line': b'-- Installing: /mnt/c/work/ubuntu_work/HiveFlight/ros2_ws/install/include/DroneCommunication3D.hpp\n'}
[56.526182] (hiveflight_sim) StdoutLine: {'line': b'-- Installing: /mnt/c/work/ubuntu_work/HiveFlight/ros2_ws/install/include/DroneRos2Adapter.hpp\n'}
[56.570705] (-) TimerEvent: {}
[56.578547] (hiveflight_sim) StdoutLine: {'line': b'-- Installing: /mnt/c/work/ubuntu_work/HiveFlight/ros2_ws/install/include/SpatialGrid3D.hpp\n'}
[56.626770] (hiveflight_sim) StdoutLine: {'line': b'-- Installing: /mnt/c/work/ubuntu_work/HiveFlight/ros2_ws/install/include/SwarmSimulation3D.hpp\n'}
[56.670895] (-) TimerEvent: {}
[56.677569] (hiveflight_sim) StdoutLine: {'line': b'-- Installing: /mnt/c/work/ubuntu_work/HiveFlight/ros2_ws/install/include/Vec3.hpp\n'}
[56.730058] (hiveflight_sim) StdoutLine: {'line': b'-- Installing: /mnt/c/work/ubuntu_work/HiveFlight/ros2_ws/install/share/hiveflight_sim/environment/library_path.sh\n'}
[56.771047] (-) TimerEvent: {}
[56.782289] (hiveflight_sim) StdoutLine: {'line': b'-- Installing: /mnt/c/work/ubuntu_work/HiveFlight/ros2_ws/install/share/hiveflight_sim/environment/library_path.dsv\n'}
[56.851141] (hiveflight_sim) StdoutLine: {'line': b'-- Installing: /mnt/c/work/ubuntu_work/HiveFlight/ros2_ws/install/share/ament_index/resource_index/package_run_dependencies/hiveflight_sim\n'}
[56.871141] (-) TimerEvent: {}
[56.957847] (hiveflight_sim) StdoutLine: {'line': b'-- Installing: /mnt/c/work/ubuntu_work/HiveFlight/ros2_ws/install/share/ament_index/resource_index/parent_prefix_path/hiveflight_sim\n'}
[56.971283] (-) TimerEvent: {}
[57.042381] (hiveflight_sim) StdoutLine: {'line': b'-- Installing: /mnt/c/work/ubuntu_work/HiveFlight/ros2_ws/install/share/hiveflight_sim/environment/ament_prefix_path.sh\n'}
[57.071432] (-) TimerEvent: {}
[57.093653] (hiveflight_sim) StdoutLine: {'line': b'-- Installing: /mnt/c/work/ubuntu_work/HiveFlight/ros2_ws/install/share/hiveflight_sim/environment/ament_prefix_path.dsv\n'}
[57.153050] (hiveflight_sim) StdoutLine: {'line': b'-- Installing: /mnt/c/work/ubuntu_work/HiveFlight/ros2_ws/install/share/hiveflight_sim/environment/path.sh\n'}
[57.171559] (-) TimerEvent: {}
[57.225569] (hiveflight_sim) StdoutLine: {'line': b'-- Installing: /mnt/c/work/ubuntu_work/HiveFlight/ros2_ws/install/share/hiveflight_sim/environment/path.dsv\n'}
[57.271721] (-) TimerEvent: {}
[57.304985] (hiveflight_sim) StdoutLine: {'line': b'-- Installing: /mnt/c/work/ubuntu_work/HiveFlight/ros2_ws/install/share/hiveflight_sim/local_setup.bash\n'}
[57.362368] (hiveflight_sim) StdoutLine: {'line': b'-- Installing: /mnt/c/work/ubuntu_work/HiveFlight/ros2_ws/install/share/hiveflight_sim/local_setup.sh\n'}
[57.371793] (-) TimerEvent: {}
[57.419862] (hiveflight_sim) StdoutLine: {'line': b'-- Installing: /mnt/c/work/ubuntu_work/HiveFlight/ros2_ws/install/share/hiveflight_sim/local_setup.zsh\n'}
[57.466455] (hiveflight_sim) StdoutLine: {'line': b'-- Installing: /mnt/c/work/ubuntu_work/HiveFlight/ros2_ws/install/share/hiveflight_sim/local_setup.dsv\n'}
[57.471853] (-) TimerEvent: {}
[57.513448] (hiveflight_sim) StdoutLine: {'line': b'-- Installing: /mnt/c/work/ubuntu_work/HiveFlight/ros2_ws/install/share/hiveflight_sim/package.dsv\n'}
[57.572001] (-) TimerEvent: {}
[57.573156] (hiveflight_sim) StdoutLine: {'line': b'-- Installing: /mnt/c/work/ubuntu_work/HiveFlight/ros2_ws/install/share/ament_index/resource_index/packages/hiveflight_sim\n'}
[57.655187] (hiveflight_sim) StdoutLine: {'line': b'-- Installing: /mnt/c/work/ubuntu_work/HiveFlight/ros2_ws/install/share/hiveflight_sim/cmake/hiveflight_ros2_adapterTargetsExport.cmake\n'}
[57.672116] (-) TimerEvent: {}
[57.744381] (hiveflight_sim) StdoutLine: {'line': b'-- Installing: /mnt/c/work/ubuntu_work/HiveFlight/ros2_ws/install/share/hiveflight_sim/cmake/hiveflight_ros2_adapterTargetsExport-noconfig.cmake\n'}
[57.772190] (-) TimerEvent: {}
[57.820600] (hiveflight_sim) StdoutLine: {'line': b'-- Installing: /mnt/c/work/ubuntu_work/HiveFlight/ros2_ws/install/share/hiveflight_sim/cmake/ament_cmake_export_targets-extras.cmake\n'}
[57.872328] (-) TimerEvent: {}
[57.882178] (hiveflight_sim) StdoutLine: {'line': b'-- Installing: /mnt/c/work/ubuntu_work/HiveFlight/ros2_ws/install/share/hiveflight_sim/cmake/ament_cmake_export_dependencies-extras.cmake\n'}
[57.938909] (hiveflight_sim) StdoutLine: {'line': b'-- Installing: /mnt/c/work/ubuntu_work/HiveFlight/ros2_ws/install/share/hiveflight_sim/cmake/hiveflight_simConfig.cmake\n'}
[57.972476] (-) TimerEvent: {}
[57.994270] (hiveflight_sim) StdoutLine: {'line': b'-- Installing: /mnt/c/work/ubuntu_work/HiveFlight/ros2_ws/install/share/hiveflight_sim/cmake/hiveflight_simConfig-version.cmake\n'}
[58.052146] (hiveflight_sim) StdoutLine: {'line': b'-- Installing: /mnt/c/work/ubuntu_work/HiveFlight/ros2_ws/install/share/hiveflight_sim/package.xml\n'}
[58.072552] (-) TimerEvent: {}
[58.100415] (hiveflight_sim) CommandEnded: {'returncode': 0}
[58.172661] (-) TimerEvent: {}
[58.273211] (-) TimerEvent: {}
[58.373693] (-) TimerEvent: {}
[58.474189] (-) TimerEvent: {}
[58.574711] (-) TimerEvent: {}
[58.675189] (-) TimerEvent: {}
[58.775722] (-) TimerEvent: {}
[58.876294] (-) TimerEvent: {}
[58.967409] (hiveflight_sim) JobEnded: {'identifier': 'hiveflight_sim', 'rc': 0}
[58.975967] (hiveflight_sim_node) JobStarted: {'identifier': 'hiveflight_sim_node'}
[58.976330] (-) TimerEvent: {}
[59.076801] (-) TimerEvent: {}
[59.177334] (-) TimerEvent: {}
[59.242605] (hiveflight_sim_node) JobProgress: {'identifier': 'hiveflight_sim_node', 'progress': 'cmake'}
[59.277434] (-) TimerEvent: {}
[59.284544] (hiveflight_sim_node) Command: {'cmd': ['/usr/bin/cmake', '/mnt/c/work/ubuntu_work/HiveFlight/ros2_ws/src/hiveflight_sim_node', '-DCMAKE_INSTALL_PREFIX=/mnt/c/work/ubuntu_work/HiveFlight/ros2_ws/install'], 'cwd': '/mnt/c/work/ubuntu_work/HiveFlight/ros2_ws/build/hiveflight_sim_node', 'env': OrderedDict([('LESSOPEN', '| /usr/bin/lesspipe %s'), ('USER', 'ivano'), ('SHLVL', '2'), ('LD_LIBRARY_PATH', '/mnt/c/work/ubuntu_work/HiveFlight/ros2_ws/install/lib:/opt/ros/humble/opt/rviz_ogre_vendor/lib:/opt/ros/humble/lib/x86_64-linux-gnu:/opt/ros/humble/lib'), ('MOTD_SHOWN', 'update-motd'), ('HOME', '/home/ivano'), ('ROS_PYTHON_VERSION', '3'), ('DBUS_SESSION_BUS_ADDRESS', 'unix:path=/run/user/1000/bus'), ('WSL_DISTRO_NAME', 'Ubuntu-22.04'), ('WAYLAND_DISPLAY', 'wayland-0'), ('ROS_DISTRO', 'humble'), ('LOGNAME', 'ivano'), ('NAME', 'LAPTOP-7K9MEH4D'), ('WSL_INTEROP', '/run/WSL/331_interop'), ('PULSE_SERVER', 'unix:/mnt/wslg/PulseServer'), ('_', '/usr/bin/colcon'), ('ROS_VERSION', '2'), ('TERM', 'xterm-256color'), ('ROS_LOCALHOST_ONLY', '0'), ('PATH', '/opt/ros/humble/bin:/usr/local/sbin:/usr/local/bin:/usr/sbin:/usr/bin:/sbin:/bin:/usr/games:/usr/local/games:/usr/lib/wsl/lib:/mnt/c/Users/ivano/AppData/Roaming/Code/User/globalStorage/github.copilot-chat/debugCommand:/mnt/c/Users/ivano/AppData/Roaming/Code/User/globalStorage/github.copilot-chat/copilotCli:/mnt/c/windows/system32:/mnt/c/windows:/mnt/c/windows/System32/Wbem:/mnt/c/windows/System32/WindowsPowerShell/v1.0/:/mnt/c/windows/System32/OpenSSH/:/mnt/c/Program Files/HP/1E.Performance.Assist/Extensibility/NomadBranch:/mnt/c/Program Files/CMake/bin:/mnt/c/Program Files (x86)/Windows Kits/10/Windows Performance Toolkit/:/mnt/c/Program Files/Git/cmd:/mnt/c/windows/system32:/mnt/c/windows:/mnt/c/windows/System32/Wbem:/mnt/c/windows/System32/WindowsPowerShell/v1.0/:/mnt/c/windows/System32/OpenSSH/:/mnt/c/Program Files/HP/1E.Performance.Assist/Extensibility/NomadBranch:/mnt/c/Program Files/CMake/bin:/mnt/c/Program Files (x86)/Windows Kits/10/Windows Performance Toolkit/:/mnt/c/Program Files/Git/cmd:/mnt/c/vcpkg:/mnt/c/Users/ivano/AppData/Local/Programs/Microsoft VS Code/bin:/snap/bin'), ('XDG_RUNTIME_DIR', '/run/user/1000'), ('DISPLAY', ':0'), ('LANG', 'C.UTF-8'), ('LS_COLORS', 'rs=0:di=01;34:ln=01;36:mh=00:pi=40;33:so=01;35:do=01;35:bd=40;33;01:cd=40;33;01:or=40;31;01:mi=00:su=37;41:sg=30;43:ca=30;41:tw=30;42:ow=34;42:st=37;44:ex=01;32:*.tar=01;31:*.tgz=01;31:*.arc=01;31:*.arj=01;31:*.taz=01;31:*.lha=01;31:*.lz4=01;31:*.lzh=01;31:*.lzma=01;31:*.tlz=01;31:*.txz=01;31:*.tzo=01;31:*.t7z=01;31:*.zip=01;31:*.z=01;31:*.dz=01;31:*.gz=01;31:*.lrz=01;31:*.lz=01;31:*.lzo=01;31:*.xz=01;31:*.zst=01;31:*.tzst=01;31:*.bz2=01;31:*.bz=01;31:*.tbz=01;31:*.tbz2=01;31:*.tz=01;31:*.deb=01;31:*.rpm=01;31:*.jar=01;31:*.war=01;31:*.ear=01;31:*.sar=01;31:*.rar=01;31:*.alz=01;31:*.ace=01;31:*.zoo=01;31:*.cpio=01;31:*.7z=01;31:*.rz=01;31:*.cab=01;31:*.wim=01;31:*.swm=01;31:*.dwm=01;31:*.esd=01;31:*.jpg=01;35:*.jpeg=01;35:*.mjpg=01;35:*.mjpeg=01;35:*.gif=01;35:*.bmp=01;35:*.pbm=01;35:*.pgm=01;35:*.ppm=01;35:*.tga=01;35:*.xbm=01;35:*.xpm=01;35:*.tif=01;35:*.tiff=01;35:*.png=01;35:*.svg=01;35:*.svgz=01;35:*.mng=01;35:*.pcx=01;35:*.mov=01;35:*.mpg=01;35:*.mpeg=01;35:*.m2v=01;35:*.mkv=01;35:*.webm=01;35:*.webp=01;35:*.ogm=01;35:*.mp4=01;35:*.m4v=01;35:*.mp4v=01;35:*.vob=01;35:*.qt=01;35:*.nuv=01;35:*.wmv=01;35:*.asf=01;35:*.rm=01;35:*.rmvb=01;35:*.flc=01;35:*.avi=01;35:*.fli=01;35:*.flv=01;35:*.gl=01;35:*.dl=01;35:*.xcf=01;35:*.xwd=01;35:*.yuv=01;35:*.cgm=01;35:*.emf=01;35:*.ogv=01;35:*.ogx=01;35:*.aac=00;36:*.au=00;36:*.flac=00;36:*.m4a=00;36:*.mid=00;36:*.midi=00;36:*.mka=00;36:*.mp3=00;36:*.mpc=00;36:*.ogg=00;36:*.ra=00;36:*.wav=00;36:*.oga=00;36:*.opus=00;36:*.spx=00;36:*.xspf=00;36:'), ('AMENT_PREFIX_PATH', '/mnt/c/work/ubuntu_work/HiveFlight/ros2_ws/install:/opt/ros/humble'), ('SHELL', '/bin/bash'), ('LESSCLOSE', '/usr/bin/lesspipe %s %s'), ('PWD', '/mnt/c/work/ubuntu_work/HiveFlight/ros2_ws/build/hiveflight_sim_node'), ('XDG_DATA_DIRS', '/usr/local/share:/usr/share:/var/lib/snapd/desktop'), ('PYTHONPATH', '/mnt/c/work/ubuntu_work/HiveFlight/ros2_ws/install/local/lib/python3.10/dist-packages:/opt/ros/humble/lib/python3.10/site-packages:/opt/ros/humble/local/lib/python3.10/dist-packages'), ('COLCON', '1'), ('WSL2_GUI_APPS_ENABLED', '1'), ('HOSTTYPE', 'x86_64'), ('WSLENV', ''), ('CMAKE_PREFIX_PATH', '/mnt/c/work/ubuntu_work/HiveFlight/ros2_ws/install:/opt/ros/humble')]), 'shell': False}
[59.377589] (-) TimerEvent: {}
[59.478122] (-) TimerEvent: {}
[59.578715] (-) TimerEvent: {}
[59.679353] (-) TimerEvent: {}
[59.779890] (-) TimerEvent: {}
[59.861817] (hiveflight_sim_node) StdoutLine: {'line': b'-- The C compiler identification is GNU 11.4.0\n'}
[59.879954] (-) TimerEvent: {}
[59.980410] (-) TimerEvent: {}
[60.080999] (-) TimerEvent: {}
[60.181533] (-) TimerEvent: {}
[60.282129] (-) TimerEvent: {}
[60.382713] (-) TimerEvent: {}
[60.483302] (-) TimerEvent: {}
[60.485735] (hiveflight_sim_node) StdoutLine: {'line': b'-- The CXX compiler identification is GNU 11.4.0\n'}
[60.583431] (-) TimerEvent: {}
[60.684004] (-) TimerEvent: {}
[60.772709] (hiveflight_sim_node) StdoutLine: {'line': b'-- Detecting C compiler ABI info\n'}
[60.784123] (-) TimerEvent: {}
[60.884977] (-) TimerEvent: {}
[60.986176] (-) TimerEvent: {}
[61.086951] (-) TimerEvent: {}
[61.187492] (-) TimerEvent: {}
[61.288072] (-) TimerEvent: {}
[61.388614] (-) TimerEvent: {}
[61.489382] (-) TimerEvent: {}
[61.590126] (-) TimerEvent: {}
[61.690689] (-) TimerEvent: {}
[61.759172] (hiveflight_sim_node) StdoutLine: {'line': b'-- Detecting C compiler ABI info - done\n'}
[61.780390] (hiveflight_sim_node) StdoutLine: {'line': b'-- Check for working C compiler: /usr/bin/cc - skipped\n'}
[61.781471] (hiveflight_sim_node) StdoutLine: {'line': b'-- Detecting C compile features\n'}
[61.782722] (hiveflight_sim_node) StdoutLine: {'line': b'-- Detecting C compile features - done\n'}
[61.790811] (-) TimerEvent: {}
[61.833638] (hiveflight_sim_node) StdoutLine: {'line': b'-- Detecting CXX compiler ABI info\n'}
[61.890979] (-) TimerEvent: {}
[61.991540] (-) TimerEvent: {}
[62.092124] (-) TimerEvent: {}
[62.192730] (-) TimerEvent: {}
[62.293292] (-) TimerEvent: {}
[62.394031] (-) TimerEvent: {}
[62.494586] (-) TimerEvent: {}
[62.595350] (-) TimerEvent: {}
[62.695919] (-) TimerEvent: {}
[62.782125] (hiveflight_sim_node) StdoutLine: {'line': b'-- Detecting CXX compiler ABI info - done\n'}
[62.795995] (-) TimerEvent: {}
[62.805398] (hiveflight_sim_node) StdoutLine: {'line': b'-- Check for working CXX compiler: /usr/bin/c++ - skipped\n'}
[62.806491] (hiveflight_sim_node) StdoutLine: {'line': b'-- Detecting CXX compile features\n'}
[62.807610] (hiveflight_sim_node) StdoutLine: {'line': b'-- Detecting CXX compile features - done\n'}
[62.896136] (-) TimerEvent: {}
[62.907467] (hiveflight_sim_node) StdoutLine: {'line': b'-- Found ament_cmake: 1.3.14 (/opt/ros/humble/share/ament_cmake/cmake)\n'}
[62.996272] (-) TimerEvent: {}
[63.096829] (-) TimerEvent: {}
[63.197432] (-) TimerEvent: {}
[63.297995] (-) TimerEvent: {}
[63.398489] (-) TimerEvent: {}
[63.499085] (-) TimerEvent: {}
[63.599782] (-) TimerEvent: {}
[63.700389] (-) TimerEvent: {}
[63.733552] (hiveflight_sim_node) StdoutLine: {'line': b'-- Found Python3: /usr/bin/python3 (found version "3.10.12") found components: Interpreter \n'}
[63.800525] (-) TimerEvent: {}
[63.901067] (-) TimerEvent: {}
[64.001592] (-) TimerEvent: {}
[64.102258] (-) TimerEvent: {}
[64.202813] (-) TimerEvent: {}
[64.303460] (-) TimerEvent: {}
[64.404048] (-) TimerEvent: {}
[64.504623] (-) TimerEvent: {}
[64.576862] (hiveflight_sim_node) StdoutLine: {'line': b'-- Found rclcpp: 16.0.19 (/opt/ros/humble/share/rclcpp/cmake)\n'}
[64.604719] (-) TimerEvent: {}
[64.705287] (-) TimerEvent: {}
[64.805816] (-) TimerEvent: {}
[64.906553] (-) TimerEvent: {}
[65.007224] (-) TimerEvent: {}
[65.070467] (hiveflight_sim_node) StdoutLine: {'line': b'-- Found rosidl_generator_c: 3.1.8 (/opt/ros/humble/share/rosidl_generator_c/cmake)\n'}
[65.107354] (-) TimerEvent: {}
[65.147677] (hiveflight_sim_node) StdoutLine: {'line': b'-- Found rosidl_adapter: 3.1.8 (/opt/ros/humble/share/rosidl_adapter/cmake)\n'}
[65.207488] (-) TimerEvent: {}
[65.223950] (hiveflight_sim_node) StdoutLine: {'line': b'-- Found rosidl_generator_cpp: 3.1.8 (/opt/ros/humble/share/rosidl_generator_cpp/cmake)\n'}
[65.303126] (hiveflight_sim_node) StdoutLine: {'line': b'-- Using all available rosidl_typesupport_c: rosidl_typesupport_fastrtps_c;rosidl_typesupport_introspection_c\n'}
[65.307580] (-) TimerEvent: {}
[65.408051] (-) TimerEvent: {}
[65.423672] (hiveflight_sim_node) StdoutLine: {'line': b'-- Using all available rosidl_typesupport_cpp: rosidl_typesupport_fastrtps_cpp;rosidl_typesupport_introspection_cpp\n'}
[65.508194] (-) TimerEvent: {}
[65.608774] (-) TimerEvent: {}
[65.709400] (-) TimerEvent: {}
[65.810167] (-) TimerEvent: {}
[65.844884] (hiveflight_sim_node) StdoutLine: {'line': b'-- Found rmw_implementation_cmake: 6.1.2 (/opt/ros/humble/share/rmw_implementation_cmake/cmake)\n'}
[65.886583] (hiveflight_sim_node) StdoutLine: {'line': b'-- Found rmw_fastrtps_cpp: 6.2.10 (/opt/ros/humble/share/rmw_fastrtps_cpp/cmake)\n'}
[65.910306] (-) TimerEvent: {}
[66.010915] (-) TimerEvent: {}
[66.111521] (-) TimerEvent: {}
[66.212119] (-) TimerEvent: {}
[66.312730] (-) TimerEvent: {}
[66.413290] (-) TimerEvent: {}
[66.513884] (-) TimerEvent: {}
[66.614419] (-) TimerEvent: {}
[66.714928] (-) TimerEvent: {}
[66.815512] (-) TimerEvent: {}
[66.916149] (-) TimerEvent: {}
[67.016891] (-) TimerEvent: {}
[67.117781] (-) TimerEvent: {}
[67.218362] (-) TimerEvent: {}
[67.319122] (-) TimerEvent: {}
[67.419795] (-) TimerEvent: {}
[67.520361] (-) TimerEvent: {}
[67.548100] (hiveflight_sim_node) StdoutLine: {'line': b'-- Found OpenSSL: /usr/lib/x86_64-linux-gnu/libcrypto.so (found version "3.0.2")  \n'}
[67.620497] (-) TimerEvent: {}
[67.721089] (-) TimerEvent: {}
[67.821661] (-) TimerEvent: {}
[67.922219] (-) TimerEvent: {}
[68.022822] (-) TimerEvent: {}
[68.123790] (-) TimerEvent: {}
[68.224478] (-) TimerEvent: {}
[68.325133] (-) TimerEvent: {}
[68.425712] (-) TimerEvent: {}
[68.526281] (-) TimerEvent: {}
[68.614690] (hiveflight_sim_node) StdoutLine: {'line': b'-- Found FastRTPS: /opt/ros/humble/include  \n'}
[68.626419] (-) TimerEvent: {}
[68.726913] (-) TimerEvent: {}
[68.827502] (-) TimerEvent: {}
[68.928120] (-) TimerEvent: {}
[69.028698] (-) TimerEvent: {}
[69.129323] (-) TimerEvent: {}
[69.230032] (-) TimerEvent: {}
[69.330568] (-) TimerEvent: {}
[69.431346] (-) TimerEvent: {}
[69.531933] (-) TimerEvent: {}
[69.632565] (-) TimerEvent: {}
[69.733629] (-) TimerEvent: {}
[69.834205] (-) TimerEvent: {}
[69.935086] (-) TimerEvent: {}
[70.035805] (-) TimerEvent: {}
[70.136493] (-) TimerEvent: {}
[70.237100] (-) TimerEvent: {}
[70.337699] (-) TimerEvent: {}
[70.424783] (hiveflight_sim_node) StdoutLine: {'line': b"-- Using RMW implementation 'rmw_fastrtps_cpp' as default\n"}
[70.437811] (-) TimerEvent: {}
[70.538363] (-) TimerEvent: {}
[70.573141] (hiveflight_sim_node) StdoutLine: {'line': b'-- Looking for pthread.h\n'}
[70.638683] (-) TimerEvent: {}
[70.739388] (-) TimerEvent: {}
[70.839963] (-) TimerEvent: {}
[70.940634] (-) TimerEvent: {}
[71.041257] (-) TimerEvent: {}
[71.141847] (-) TimerEvent: {}
[71.242471] (-) TimerEvent: {}
[71.343221] (-) TimerEvent: {}
[71.443764] (-) TimerEvent: {}
[71.544297] (-) TimerEvent: {}
[71.573033] (hiveflight_sim_node) StdoutLine: {'line': b'-- Looking for pthread.h - found\n'}
[71.583996] (hiveflight_sim_node) StdoutLine: {'line': b'-- Performing Test CMAKE_HAVE_LIBC_PTHREAD\n'}
[71.644436] (-) TimerEvent: {}
[71.745045] (-) TimerEvent: {}
[71.845569] (-) TimerEvent: {}
[71.946116] (-) TimerEvent: {}
[72.046766] (-) TimerEvent: {}
[72.147480] (-) TimerEvent: {}
[72.248239] (-) TimerEvent: {}
[72.349083] (-) TimerEvent: {}
[72.449919] (-) TimerEvent: {}
[72.550745] (-) TimerEvent: {}
[72.651583] (-) TimerEvent: {}
[72.654094] (hiveflight_sim_node) StdoutLine: {'line': b'-- Performing Test CMAKE_HAVE_LIBC_PTHREAD - Success\n'}
[72.660367] (hiveflight_sim_node) StdoutLine: {'line': b'-- Found Threads: TRUE  \n'}
[72.751738] (-) TimerEvent: {}
[72.852297] (-) TimerEvent: {}
[72.906146] (hiveflight_sim_node) StdoutLine: {'line': b'-- Found hiveflight_interfaces: 0.0.1 (/mnt/c/work/ubuntu_work/HiveFlight/ros2_ws/install/share/hiveflight_interfaces/cmake)\n'}
[72.952440] (-) TimerEvent: {}
[73.052928] (-) TimerEvent: {}
[73.153893] (-) TimerEvent: {}
[73.254673] (-) TimerEvent: {}
[73.355245] (-) TimerEvent: {}
[73.455867] (-) TimerEvent: {}
[73.484626] (hiveflight_sim_node) StdoutLine: {'line': b'-- Found hiveflight_sim: 0.0.1 (/mnt/c/work/ubuntu_work/HiveFlight/ros2_ws/install/share/hiveflight_sim/cmake)\n'}
[73.555966] (-) TimerEvent: {}
[73.656531] (-) TimerEvent: {}
[73.757085] (-) TimerEvent: {}
[73.857640] (-) TimerEvent: {}
[73.958205] (-) TimerEvent: {}
[74.058915] (-) TimerEvent: {}
[74.139729] (hiveflight_sim_node) StdoutLine: {'line': b'-- Configuring done\n'}
[74.159011] (-) TimerEvent: {}
[74.259580] (-) TimerEvent: {}
[74.360241] (-) TimerEvent: {}
[74.460793] (-) TimerEvent: {}
[74.561462] (-) TimerEvent: {}
[74.629877] (hiveflight_sim_node) StdoutLine: {'line': b'-- Generating done\n'}
[74.661606] (-) TimerEvent: {}
[74.762222] (-) TimerEvent: {}
[74.806563] (hiveflight_sim_node) StdoutLine: {'line': b'-- Build files have been written to: /mnt/c/work/ubuntu_work/HiveFlight/ros2_ws/build/hiveflight_sim_node\n'}
[74.816995] (hiveflight_sim_node) CommandEnded: {'returncode': 0}
[74.822388] (hiveflight_sim_node) JobProgress: {'identifier': 'hiveflight_sim_node', 'progress': 'build'}
[74.828032] (hiveflight_sim_node) Command: {'cmd': ['/usr/bin/cmake', '--build', '/mnt/c/work/ubuntu_work/HiveFlight/ros2_ws/build/hiveflight_sim_node', '--', '-j16', '-l16'], 'cwd': '/mnt/c/work/ubuntu_work/HiveFlight/ros2_ws/build/hiveflight_sim_node', 'env': OrderedDict([('LESSOPEN', '| /usr/bin/lesspipe %s'), ('USER', 'ivano'), ('SHLVL', '2'), ('LD_LIBRARY_PATH', '/mnt/c/work/ubuntu_work/HiveFlight/ros2_ws/install/lib:/opt/ros/humble/opt/rviz_ogre_vendor/lib:/opt/ros/humble/lib/x86_64-linux-gnu:/opt/ros/humble/lib'), ('MOTD_SHOWN', 'update-motd'), ('HOME', '/home/ivano'), ('ROS_PYTHON_VERSION', '3'), ('DBUS_SESSION_BUS_ADDRESS', 'unix:path=/run/user/1000/bus'), ('WSL_DISTRO_NAME', 'Ubuntu-22.04'), ('WAYLAND_DISPLAY', 'wayland-0'), ('ROS_DISTRO', 'humble'), ('LOGNAME', 'ivano'), ('NAME', 'LAPTOP-7K9MEH4D'), ('WSL_INTEROP', '/run/WSL/331_interop'), ('PULSE_SERVER', 'unix:/mnt/wslg/PulseServer'), ('_', '/usr/bin/colcon'), ('ROS_VERSION', '2'), ('TERM', 'xterm-256color'), ('ROS_LOCALHOST_ONLY', '0'), ('PATH', '/opt/ros/humble/bin:/usr/local/sbin:/usr/local/bin:/usr/sbin:/usr/bin:/sbin:/bin:/usr/games:/usr/local/games:/usr/lib/wsl/lib:/mnt/c/Users/ivano/AppData/Roaming/Code/User/globalStorage/github.copilot-chat/debugCommand:/mnt/c/Users/ivano/AppData/Roaming/Code/User/globalStorage/github.copilot-chat/copilotCli:/mnt/c/windows/system32:/mnt/c/windows:/mnt/c/windows/System32/Wbem:/mnt/c/windows/System32/WindowsPowerShell/v1.0/:/mnt/c/windows/System32/OpenSSH/:/mnt/c/Program Files/HP/1E.Performance.Assist/Extensibility/NomadBranch:/mnt/c/Program Files/CMake/bin:/mnt/c/Program Files (x86)/Windows Kits/10/Windows Performance Toolkit/:/mnt/c/Program Files/Git/cmd:/mnt/c/windows/system32:/mnt/c/windows:/mnt/c/windows/System32/Wbem:/mnt/c/windows/System32/WindowsPowerShell/v1.0/:/mnt/c/windows/System32/OpenSSH/:/mnt/c/Program Files/HP/1E.Performance.Assist/Extensibility/NomadBranch:/mnt/c/Program Files/CMake/bin:/mnt/c/Program Files (x86)/Windows Kits/10/Windows Performance Toolkit/:/mnt/c/Program Files/Git/cmd:/mnt/c/vcpkg:/mnt/c/Users/ivano/AppData/Local/Programs/Microsoft VS Code/bin:/snap/bin'), ('XDG_RUNTIME_DIR', '/run/user/1000'), ('DISPLAY', ':0'), ('LANG', 'C.UTF-8'), ('LS_COLORS', 'rs=0:di=01;34:ln=01;36:mh=00:pi=40;33:so=01;35:do=01;35:bd=40;33;01:cd=40;33;01:or=40;31;01:mi=00:su=37;41:sg=30;43:ca=30;41:tw=30;42:ow=34;42:st=37;44:ex=01;32:*.tar=01;31:*.tgz=01;31:*.arc=01;31:*.arj=01;31:*.taz=01;31:*.lha=01;31:*.lz4=01;31:*.lzh=01;31:*.lzma=01;31:*.tlz=01;31:*.txz=01;31:*.tzo=01;31:*.t7z=01;31:*.zip=01;31:*.z=01;31:*.dz=01;31:*.gz=01;31:*.lrz=01;31:*.lz=01;31:*.lzo=01;31:*.xz=01;31:*.zst=01;31:*.tzst=01;31:*.bz2=01;31:*.bz=01;31:*.tbz=01;31:*.tbz2=01;31:*.tz=01;31:*.deb=01;31:*.rpm=01;31:*.jar=01;31:*.war=01;31:*.ear=01;31:*.sar=01;31:*.rar=01;31:*.alz=01;31:*.ace=01;31:*.zoo=01;31:*.cpio=01;31:*.7z=01;31:*.rz=01;31:*.cab=01;31:*.wim=01;31:*.swm=01;31:*.dwm=01;31:*.esd=01;31:*.jpg=01;35:*.jpeg=01;35:*.mjpg=01;35:*.mjpeg=01;35:*.gif=01;35:*.bmp=01;35:*.pbm=01;35:*.pgm=01;35:*.ppm=01;35:*.tga=01;35:*.xbm=01;35:*.xpm=01;35:*.tif=01;35:*.tiff=01;35:*.png=01;35:*.svg=01;35:*.svgz=01;35:*.mng=01;35:*.pcx=01;35:*.mov=01;35:*.mpg=01;35:*.mpeg=01;35:*.m2v=01;35:*.mkv=01;35:*.webm=01;35:*.webp=01;35:*.ogm=01;35:*.mp4=01;35:*.m4v=01;35:*.mp4v=01;35:*.vob=01;35:*.qt=01;35:*.nuv=01;35:*.wmv=01;35:*.asf=01;35:*.rm=01;35:*.rmvb=01;35:*.flc=01;35:*.avi=01;35:*.fli=01;35:*.flv=01;35:*.gl=01;35:*.dl=01;35:*.xcf=01;35:*.xwd=01;35:*.yuv=01;35:*.cgm=01;35:*.emf=01;35:*.ogv=01;35:*.ogx=01;35:*.aac=00;36:*.au=00;36:*.flac=00;36:*.m4a=00;36:*.mid=00;36:*.midi=00;36:*.mka=00;36:*.mp3=00;36:*.mpc=00;36:*.ogg=00;36:*.ra=00;36:*.wav=00;36:*.oga=00;36:*.opus=00;36:*.spx=00;36:*.xspf=00;36:'), ('AMENT_PREFIX_PATH', '/mnt/c/work/ubuntu_work/HiveFlight/ros2_ws/install:/opt/ros/humble'), ('SHELL', '/bin/bash'), ('LESSCLOSE', '/usr/bin/lesspipe %s %s'), ('PWD', '/mnt/c/work/ubuntu_work/HiveFlight/ros2_ws/build/hiveflight_sim_node'), ('XDG_DATA_DIRS', '/usr/local/share:/usr/share:/var/lib/snapd/desktop'), ('PYTHONPATH', '/mnt/c/work/ubuntu_work/HiveFlight/ros2_ws/install/local/lib/python3.10/dist-packages:/opt/ros/humble/lib/python3.10/site-packages:/opt/ros/humble/local/lib/python3.10/dist-packages'), ('COLCON', '1'), ('WSL2_GUI_APPS_ENABLED', '1'), ('HOSTTYPE', 'x86_64'), ('WSLENV', ''), ('CMAKE_PREFIX_PATH', '/mnt/c/work/ubuntu_work/HiveFlight/ros2_ws/install:/opt/ros/humble')]), 'shell': False}
[74.862349] (-) TimerEvent: {}
[74.935037] (hiveflight_sim_node) StderrLine: {'line': b"gmake: Warning: File 'Makefile' has modification time 0.21 s in the future\n"}
[74.962506] (-) TimerEvent: {}
[75.063084] (-) TimerEvent: {}
[75.164047] (-) TimerEvent: {}
[75.264627] (-) TimerEvent: {}
[75.365135] (-) TimerEvent: {}
[75.465723] (-) TimerEvent: {}
[75.517952] (hiveflight_sim_node) StdoutLine: {'line': b'[ 50%] \x1b[32mBuilding CXX object CMakeFiles/simulation_node.dir/src/simulation_node.cpp.o\x1b[0m\n'}
[75.565866] (-) TimerEvent: {}
[75.666451] (-) TimerEvent: {}
[75.767051] (-) TimerEvent: {}
[75.867649] (-) TimerEvent: {}
[75.968167] (-) TimerEvent: {}
[76.068757] (-) TimerEvent: {}
[76.169341] (-) TimerEvent: {}
[76.270084] (-) TimerEvent: {}
[76.370624] (-) TimerEvent: {}
[76.471255] (-) TimerEvent: {}
[76.571783] (-) TimerEvent: {}
[76.672273] (-) TimerEvent: {}
[76.772960] (-) TimerEvent: {}
[76.873667] (-) TimerEvent: {}
[76.974496] (-) TimerEvent: {}
[77.075087] (-) TimerEvent: {}
[77.175655] (-) TimerEvent: {}
[77.276318] (-) TimerEvent: {}
[77.376985] (-) TimerEvent: {}
[77.477810] (-) TimerEvent: {}
[77.578439] (-) TimerEvent: {}
[77.679147] (-) TimerEvent: {}
[77.779743] (-) TimerEvent: {}
[77.880314] (-) TimerEvent: {}
[77.981140] (-) TimerEvent: {}
[78.081912] (-) TimerEvent: {}
[78.182614] (-) TimerEvent: {}
[78.283267] (-) TimerEvent: {}
[78.383983] (-) TimerEvent: {}
[78.484628] (-) TimerEvent: {}
[78.585202] (-) TimerEvent: {}
[78.685793] (-) TimerEvent: {}
[78.786385] (-) TimerEvent: {}
[78.887123] (-) TimerEvent: {}
[78.987732] (-) TimerEvent: {}
[79.088332] (-) TimerEvent: {}
[79.188955] (-) TimerEvent: {}
[79.289570] (-) TimerEvent: {}
[79.390208] (-) TimerEvent: {}
[79.490949] (-) TimerEvent: {}
[79.592217] (-) TimerEvent: {}
[79.692847] (-) TimerEvent: {}
[79.793444] (-) TimerEvent: {}
[79.894033] (-) TimerEvent: {}
[79.994618] (-) TimerEvent: {}
[80.095230] (-) TimerEvent: {}
[80.195848] (-) TimerEvent: {}
[80.296380] (-) TimerEvent: {}
[80.396958] (-) TimerEvent: {}
[80.497564] (-) TimerEvent: {}
[80.598162] (-) TimerEvent: {}
[80.698760] (-) TimerEvent: {}
[80.799440] (-) TimerEvent: {}
[80.899967] (-) TimerEvent: {}
[81.000532] (-) TimerEvent: {}
[81.101100] (-) TimerEvent: {}
[81.201685] (-) TimerEvent: {}
[81.302214] (-) TimerEvent: {}
[81.402812] (-) TimerEvent: {}
[81.503418] (-) TimerEvent: {}
[81.604017] (-) TimerEvent: {}
[81.704607] (-) TimerEvent: {}
[81.805142] (-) TimerEvent: {}
[81.905810] (-) TimerEvent: {}
[82.006400] (-) TimerEvent: {}
[82.107258] (-) TimerEvent: {}
[82.207801] (-) TimerEvent: {}
[82.308427] (-) TimerEvent: {}
[82.409079] (-) TimerEvent: {}
[82.509628] (-) TimerEvent: {}
[82.610159] (-) TimerEvent: {}
[82.710709] (-) TimerEvent: {}
[82.811334] (-) TimerEvent: {}
[82.911968] (-) TimerEvent: {}
[83.012544] (-) TimerEvent: {}
[83.113155] (-) TimerEvent: {}
[83.213758] (-) TimerEvent: {}
[83.314649] (-) TimerEvent: {}
[83.415760] (-) TimerEvent: {}
[83.516930] (-) TimerEvent: {}
[83.618189] (-) TimerEvent: {}
[83.719156] (-) TimerEvent: {}
[83.820162] (-) TimerEvent: {}
[83.921146] (-) TimerEvent: {}
[84.022268] (-) TimerEvent: {}
[84.123638] (-) TimerEvent: {}
[84.224928] (-) TimerEvent: {}
[84.325903] (-) TimerEvent: {}
[84.426871] (-) TimerEvent: {}
[84.527834] (-) TimerEvent: {}
[84.628740] (-) TimerEvent: {}
[84.729838] (-) TimerEvent: {}
[84.831151] (-) TimerEvent: {}
[84.932125] (-) TimerEvent: {}
[85.032960] (-) TimerEvent: {}
[85.133680] (-) TimerEvent: {}
[85.234456] (-) TimerEvent: {}
[85.335120] (-) TimerEvent: {}
[85.435714] (-) TimerEvent: {}
[85.536311] (-) TimerEvent: {}
[85.542762] (hiveflight_sim_node) StdoutLine: {'line': b'[100%] \x1b[32m\x1b[1mLinking CXX executable simulation_node\x1b[0m\n'}
[85.636409] (-) TimerEvent: {}
[85.737100] (-) TimerEvent: {}
[85.837934] (-) TimerEvent: {}
[85.938711] (-) TimerEvent: {}
[86.039652] (-) TimerEvent: {}
[86.140751] (-) TimerEvent: {}
[86.241515] (-) TimerEvent: {}
[86.342240] (-) TimerEvent: {}
[86.442875] (-) TimerEvent: {}
[86.543499] (-) TimerEvent: {}
[86.644112] (-) TimerEvent: {}
[86.744647] (-) TimerEvent: {}
[86.845438] (-) TimerEvent: {}
[86.946078] (-) TimerEvent: {}
[87.046798] (-) TimerEvent: {}
[87.147588] (-) TimerEvent: {}
[87.248271] (-) TimerEvent: {}
[87.348951] (-) TimerEvent: {}
[87.449467] (-) TimerEvent: {}
[87.550059] (-) TimerEvent: {}
[87.650683] (-) TimerEvent: {}
[87.751223] (-) TimerEvent: {}
[87.851767] (-) TimerEvent: {}
[87.952336] (-) TimerEvent: {}
[88.052873] (-) TimerEvent: {}
[88.153483] (-) TimerEvent: {}
[88.254020] (-) TimerEvent: {}
[88.354672] (-) TimerEvent: {}
[88.455237] (-) TimerEvent: {}
[88.555757] (-) TimerEvent: {}
[88.656390] (-) TimerEvent: {}
[88.757011] (-) TimerEvent: {}
[88.857584] (-) TimerEvent: {}
[88.958410] (-) TimerEvent: {}
[89.058928] (-) TimerEvent: {}
[89.159496] (-) TimerEvent: {}
[89.260066] (-) TimerEvent: {}
[89.329879] (hiveflight_sim_node) StdoutLine: {'line': b'[100%] Built target simulation_node\n'}
[89.360200] (-) TimerEvent: {}
[89.428384] (hiveflight_sim_node) StderrLine: {'line': b'gmake: warning:  Clock skew detected.  Your build may be incomplete.\n'}
[89.430903] (hiveflight_sim_node) CommandEnded: {'returncode': 0}
[89.449365] (hiveflight_sim_node) JobProgress: {'identifier': 'hiveflight_sim_node', 'progress': 'install'}
[89.456170] (hiveflight_sim_node) Command: {'cmd': ['/usr/bin/cmake', '--install', '/mnt/c/work/ubuntu_work/HiveFlight/ros2_ws/build/hiveflight_sim_node'], 'cwd': '/mnt/c/work/ubuntu_work/HiveFlight/ros2_ws/build/hiveflight_sim_node', 'env': OrderedDict([('LESSOPEN', '| /usr/bin/lesspipe %s'), ('USER', 'ivano'), ('SHLVL', '2'), ('LD_LIBRARY_PATH', '/mnt/c/work/ubuntu_work/HiveFlight/ros2_ws/install/lib:/opt/ros/humble/opt/rviz_ogre_vendor/lib:/opt/ros/humble/lib/x86_64-linux-gnu:/opt/ros/humble/lib'), ('MOTD_SHOWN', 'update-motd'), ('HOME', '/home/ivano'), ('ROS_PYTHON_VERSION', '3'), ('DBUS_SESSION_BUS_ADDRESS', 'unix:path=/run/user/1000/bus'), ('WSL_DISTRO_NAME', 'Ubuntu-22.04'), ('WAYLAND_DISPLAY', 'wayland-0'), ('ROS_DISTRO', 'humble'), ('LOGNAME', 'ivano'), ('NAME', 'LAPTOP-7K9MEH4D'), ('WSL_INTEROP', '/run/WSL/331_interop'), ('PULSE_SERVER', 'unix:/mnt/wslg/PulseServer'), ('_', '/usr/bin/colcon'), ('ROS_VERSION', '2'), ('TERM', 'xterm-256color'), ('ROS_LOCALHOST_ONLY', '0'), ('PATH', '/opt/ros/humble/bin:/usr/local/sbin:/usr/local/bin:/usr/sbin:/usr/bin:/sbin:/bin:/usr/games:/usr/local/games:/usr/lib/wsl/lib:/mnt/c/Users/ivano/AppData/Roaming/Code/User/globalStorage/github.copilot-chat/debugCommand:/mnt/c/Users/ivano/AppData/Roaming/Code/User/globalStorage/github.copilot-chat/copilotCli:/mnt/c/windows/system32:/mnt/c/windows:/mnt/c/windows/System32/Wbem:/mnt/c/windows/System32/WindowsPowerShell/v1.0/:/mnt/c/windows/System32/OpenSSH/:/mnt/c/Program Files/HP/1E.Performance.Assist/Extensibility/NomadBranch:/mnt/c/Program Files/CMake/bin:/mnt/c/Program Files (x86)/Windows Kits/10/Windows Performance Toolkit/:/mnt/c/Program Files/Git/cmd:/mnt/c/windows/system32:/mnt/c/windows:/mnt/c/windows/System32/Wbem:/mnt/c/windows/System32/WindowsPowerShell/v1.0/:/mnt/c/windows/System32/OpenSSH/:/mnt/c/Program Files/HP/1E.Performance.Assist/Extensibility/NomadBranch:/mnt/c/Program Files/CMake/bin:/mnt/c/Program Files (x86)/Windows Kits/10/Windows Performance Toolkit/:/mnt/c/Program Files/Git/cmd:/mnt/c/vcpkg:/mnt/c/Users/ivano/AppData/Local/Programs/Microsoft VS Code/bin:/snap/bin'), ('XDG_RUNTIME_DIR', '/run/user/1000'), ('DISPLAY', ':0'), ('LANG', 'C.UTF-8'), ('LS_COLORS', 'rs=0:di=01;34:ln=01;36:mh=00:pi=40;33:so=01;35:do=01;35:bd=40;33;01:cd=40;33;01:or=40;31;01:mi=00:su=37;41:sg=30;43:ca=30;41:tw=30;42:ow=34;42:st=37;44:ex=01;32:*.tar=01;31:*.tgz=01;31:*.arc=01;31:*.arj=01;31:*.taz=01;31:*.lha=01;31:*.lz4=01;31:*.lzh=01;31:*.lzma=01;31:*.tlz=01;31:*.txz=01;31:*.tzo=01;31:*.t7z=01;31:*.zip=01;31:*.z=01;31:*.dz=01;31:*.gz=01;31:*.lrz=01;31:*.lz=01;31:*.lzo=01;31:*.xz=01;31:*.zst=01;31:*.tzst=01;31:*.bz2=01;31:*.bz=01;31:*.tbz=01;31:*.tbz2=01;31:*.tz=01;31:*.deb=01;31:*.rpm=01;31:*.jar=01;31:*.war=01;31:*.ear=01;31:*.sar=01;31:*.rar=01;31:*.alz=01;31:*.ace=01;31:*.zoo=01;31:*.cpio=01;31:*.7z=01;31:*.rz=01;31:*.cab=01;31:*.wim=01;31:*.swm=01;31:*.dwm=01;31:*.esd=01;31:*.jpg=01;35:*.jpeg=01;35:*.mjpg=01;35:*.mjpeg=01;35:*.gif=01;35:*.bmp=01;35:*.pbm=01;35:*.pgm=01;35:*.ppm=01;35:*.tga=01;35:*.xbm=01;35:*.xpm=01;35:*.tif=01;35:*.tiff=01;35:*.png=01;35:*.svg=01;35:*.svgz=01;35:*.mng=01;35:*.pcx=01;35:*.mov=01;35:*.mpg=01;35:*.mpeg=01;35:*.m2v=01;35:*.mkv=01;35:*.webm=01;35:*.webp=01;35:*.ogm=01;35:*.mp4=01;35:*.m4v=01;35:*.mp4v=01;35:*.vob=01;35:*.qt=01;35:*.nuv=01;35:*.wmv=01;35:*.asf=01;35:*.rm=01;35:*.rmvb=01;35:*.flc=01;35:*.avi=01;35:*.fli=01;35:*.flv=01;35:*.gl=01;35:*.dl=01;35:*.xcf=01;35:*.xwd=01;35:*.yuv=01;35:*.cgm=01;35:*.emf=01;35:*.ogv=01;35:*.ogx=01;35:*.aac=00;36:*.au=00;36:*.flac=00;36:*.m4a=00;36:*.mid=00;36:*.midi=00;36:*.mka=00;36:*.mp3=00;36:*.mpc=00;36:*.ogg=00;36:*.ra=00;36:*.wav=00;36:*.oga=00;36:*.opus=00;36:*.spx=00;36:*.xspf=00;36:'), ('AMENT_PREFIX_PATH', '/mnt/c/work/ubuntu_work/HiveFlight/ros2_ws/install:/opt/ros/humble'), ('SHELL', '/bin/bash'), ('LESSCLOSE', '/usr/bin/lesspipe %s %s'), ('PWD', '/mnt/c/work/ubuntu_work/HiveFlight/ros2_ws/build/hiveflight_sim_node'), ('XDG_DATA_DIRS', '/usr/local/share:/usr/share:/var/lib/snapd/desktop'), ('PYTHONPATH', '/mnt/c/work/ubuntu_work/HiveFlight/ros2_ws/install/local/lib/python3.10/dist-packages:/opt/ros/humble/lib/python3.10/site-packages:/opt/ros/humble/local/lib/python3.10/dist-packages'), ('COLCON', '1'), ('WSL2_GUI_APPS_ENABLED', '1'), ('HOSTTYPE', 'x86_64'), ('WSLENV', ''), ('CMAKE_PREFIX_PATH', '/mnt/c/work/ubuntu_work/HiveFlight/ros2_ws/install:/opt/ros/humble')]), 'shell': False}
[89.460305] (-) TimerEvent: {}
[89.533710] (hiveflight_sim_node) StdoutLine: {'line': b'-- Install configuration: ""\n'}
[89.548633] (hiveflight_sim_node) StdoutLine: {'line': b'-- Installing: /mnt/c/work/ubuntu_work/HiveFlight/ros2_ws/install/lib/hiveflight_sim_node/simulation_node\n'}
[89.560395] (-) TimerEvent: {}
[89.660902] (-) TimerEvent: {}
[89.761392] (-) TimerEvent: {}
[89.840957] (hiveflight_sim_node) StdoutLine: {'line': b'-- Set runtime path of "/mnt/c/work/ubuntu_work/HiveFlight/ros2_ws/install/lib/hiveflight_sim_node/simulation_node" to ""\n'}
[89.849188] (hiveflight_sim_node) StdoutLine: {'line': b'-- Installing: /mnt/c/work/ubuntu_work/HiveFlight/ros2_ws/install/share/hiveflight_sim_node/launch\n'}
[89.861581] (-) TimerEvent: {}
[89.880016] (hiveflight_sim_node) StdoutLine: {'line': b'-- Installing: /mnt/c/work/ubuntu_work/HiveFlight/ros2_ws/install/share/hiveflight_sim_node/launch/hiveflight.launch.py\n'}
[89.951733] (hiveflight_sim_node) StdoutLine: {'line': b'-- Installing: /mnt/c/work/ubuntu_work/HiveFlight/ros2_ws/install/share/ament_index/resource_index/package_run_dependencies/hiveflight_sim_node\n'}
[89.961775] (-) TimerEvent: {}
[90.049075] (hiveflight_sim_node) StdoutLine: {'line': b'-- Installing: /mnt/c/work/ubuntu_work/HiveFlight/ros2_ws/install/share/ament_index/resource_index/parent_prefix_path/hiveflight_sim_node\n'}
[90.061862] (-) TimerEvent: {}
[90.125167] (hiveflight_sim_node) StdoutLine: {'line': b'-- Installing: /mnt/c/work/ubuntu_work/HiveFlight/ros2_ws/install/share/hiveflight_sim_node/environment/ament_prefix_path.sh\n'}
[90.161974] (-) TimerEvent: {}
[90.176561] (hiveflight_sim_node) StdoutLine: {'line': b'-- Installing: /mnt/c/work/ubuntu_work/HiveFlight/ros2_ws/install/share/hiveflight_sim_node/environment/ament_prefix_path.dsv\n'}
[90.230923] (hiveflight_sim_node) StdoutLine: {'line': b'-- Installing: /mnt/c/work/ubuntu_work/HiveFlight/ros2_ws/install/share/hiveflight_sim_node/environment/path.sh\n'}
[90.262078] (-) TimerEvent: {}
[90.281899] (hiveflight_sim_node) StdoutLine: {'line': b'-- Installing: /mnt/c/work/ubuntu_work/HiveFlight/ros2_ws/install/share/hiveflight_sim_node/environment/path.dsv\n'}
[90.337028] (hiveflight_sim_node) StdoutLine: {'line': b'-- Installing: /mnt/c/work/ubuntu_work/HiveFlight/ros2_ws/install/share/hiveflight_sim_node/local_setup.bash\n'}
[90.362163] (-) TimerEvent: {}
[90.387925] (hiveflight_sim_node) StdoutLine: {'line': b'-- Installing: /mnt/c/work/ubuntu_work/HiveFlight/ros2_ws/install/share/hiveflight_sim_node/local_setup.sh\n'}
[90.437155] (hiveflight_sim_node) StdoutLine: {'line': b'-- Installing: /mnt/c/work/ubuntu_work/HiveFlight/ros2_ws/install/share/hiveflight_sim_node/local_setup.zsh\n'}
[90.462271] (-) TimerEvent: {}
[90.486862] (hiveflight_sim_node) StdoutLine: {'line': b'-- Installing: /mnt/c/work/ubuntu_work/HiveFlight/ros2_ws/install/share/hiveflight_sim_node/local_setup.dsv\n'}
[90.536427] (hiveflight_sim_node) StdoutLine: {'line': b'-- Installing: /mnt/c/work/ubuntu_work/HiveFlight/ros2_ws/install/share/hiveflight_sim_node/package.dsv\n'}
[90.562380] (-) TimerEvent: {}
[90.601899] (hiveflight_sim_node) StdoutLine: {'line': b'-- Installing: /mnt/c/work/ubuntu_work/HiveFlight/ros2_ws/install/share/ament_index/resource_index/packages/hiveflight_sim_node\n'}
[90.662504] (-) TimerEvent: {}
[90.682664] (hiveflight_sim_node) StdoutLine: {'line': b'-- Installing: /mnt/c/work/ubuntu_work/HiveFlight/ros2_ws/install/share/hiveflight_sim_node/cmake/hiveflight_sim_nodeConfig.cmake\n'}
[90.737944] (hiveflight_sim_node) StdoutLine: {'line': b'-- Installing: /mnt/c/work/ubuntu_work/HiveFlight/ros2_ws/install/share/hiveflight_sim_node/cmake/hiveflight_sim_nodeConfig-version.cmake\n'}
[90.762570] (-) TimerEvent: {}
[90.796661] (hiveflight_sim_node) StdoutLine: {'line': b'-- Installing: /mnt/c/work/ubuntu_work/HiveFlight/ros2_ws/install/share/hiveflight_sim_node/package.xml\n'}
[90.846232] (hiveflight_sim_node) CommandEnded: {'returncode': 0}
[90.862671] (-) TimerEvent: {}
[90.963322] (-) TimerEvent: {}
[91.063923] (-) TimerEvent: {}
[91.164418] (-) TimerEvent: {}
[91.264954] (-) TimerEvent: {}
[91.365611] (-) TimerEvent: {}
[91.466139] (-) TimerEvent: {}
[91.566703] (-) TimerEvent: {}
[91.667250] (-) TimerEvent: {}
[91.726623] (hiveflight_sim_node) JobEnded: {'identifier': 'hiveflight_sim_node', 'rc': 0}
[91.735650] (-) EventReactorShutdown: {}
