[0.000000] (-) TimerEvent: {}
[0.001032] (hiveflight_interfaces) JobQueued: {'identifier': 'hiveflight_interfaces', 'dependencies': OrderedDict()}
[0.001648] (hiveflight_sim) JobQueued: {'identifier': 'hiveflight_sim', 'dependencies': OrderedDict([('hiveflight_interfaces', '/mnt/c/work/ubuntu_work/HiveFlight/ros2_ws/install')])}
[0.002137] (hiveflight_sim_node) JobQueued: {'identifier': 'hiveflight_sim_node', 'dependencies': OrderedDict([('hiveflight_interfaces', '/mnt/c/work/ubuntu_work/HiveFlight/ros2_ws/install'), ('hiveflight_sim', '/mnt/c/work/ubuntu_work/HiveFlight/ros2_ws/install')])}
[0.002572] (hiveflight_interfaces) JobStarted: {'identifier': 'hiveflight_interfaces'}
[0.097189] (-) TimerEvent: {}
[0.118934] (hiveflight_interfaces) JobProgress: {'identifier': 'hiveflight_interfaces', 'progress': 'cmake'}
[0.197466] (-) TimerEvent: {}
[0.231846] (hiveflight_interfaces) Command: {'cmd': ['/usr/bin/cmake', '/mnt/c/work/ubuntu_work/HiveFlight/ros2_ws/src/hiveflight_interfaces', '-DCMAKE_INSTALL_PREFIX=/mnt/c/work/ubuntu_work/HiveFlight/ros2_ws/install'], 'cwd': '/mnt/c/work/ubuntu_work/HiveFlight/ros2_ws/build/hiveflight_interfaces', 'env': OrderedDict([('LESSOPEN', '| /usr/bin/lesspipe %s'), ('USER', 'ivano'), ('SHLVL', '2'), ('LD_LIBRARY_PATH', '/usr/lib/x86_64-linux-gnu/gazebo-11/plugins:/mnt/c/work/ubuntu_work/HiveFlight/ros2_ws/install/lib:/home/ivano/hiveflight_ws/install/hiveflight_interfaces/lib:/opt/ros/humble/opt/rviz_ogre_vendor/lib:/opt/ros/humble/lib/x86_64-linux-gnu:/opt/ros/humble/lib'), ('MOTD_SHOWN', 'update-motd'), ('HOME', '/home/ivano'), ('OLDPWD', '/mnt/c/work/ubuntu_work/HiveFlight'), ('ROS_PYTHON_VERSION', '3'), ('DBUS_SESSION_BUS_ADDRESS', 'unix:path=/run/user/1000/bus'), ('WSL_DISTRO_NAME', 'Ubuntu-22.04'), ('WAYLAND_DISPLAY', 'wayland-0'), ('COLCON_PREFIX_PATH', '/mnt/c/work/ubuntu_work/HiveFlight/ros2_ws/install:/home/ivano/hiveflight_ws/install'), ('ROS_DISTRO', 'humble'), ('LOGNAME', 'ivano'), ('NAME', 'LAPTOP-7K9MEH4D'), ('WSL_INTEROP', '/run/WSL/331_interop'), ('PULSE_SERVER', 'unix:/mnt/wslg/PulseServer'), ('_', '/usr/bin/colcon'), ('ROS_VERSION', '2'), ('TERM', 'xterm-256color'), ('ROS_LOCALHOST_ONLY', '0'), ('PATH', '/opt/ros/humble/bin:/usr/local/sbin:/usr/local/bin:/usr/sbin:/usr/bin:/sbin:/bin:/usr/games:/usr/local/games:/usr/lib/wsl/lib:/mnt/c/Users/ivano/AppData/Roaming/Code/User/globalStorage/github.copilot-chat/debugCommand:/mnt/c/Users/ivano/AppData/Roaming/Code/User/globalStorage/github.copilot-chat/copilotCli:/mnt/c/windows/system32:/mnt/c/windows:/mnt/c/windows/System32/Wbem:/mnt/c/windows/System32/WindowsPowerShell/v1.0/:/mnt/c/windows/System32/OpenSSH/:/mnt/c/Program Files/HP/1E.Performance.Assist/Extensibility/NomadBranch:/mnt/c/Program Files/CMake/bin:/mnt/c/Program Files (x86)/Windows Kits/10/Windows Performance Toolkit/:/mnt/c/Program Files/Git/cmd:/mnt/c/windows/system32:/mnt/c/windows:/mnt/c/windows/System32/Wbem:/mnt/c/windows/System32/WindowsPowerShell/v1.0/:/mnt/c/windows/System32/OpenSSH/:/mnt/c/Program Files/HP/1E.Performance.Assist/Extensibility/NomadBranch:/mnt/c/Program Files/CMake/bin:/mnt/c/Program Files (x86)/Windows Kits/10/Windows Performance Toolkit/:/mnt/c/Program Files/Git/cmd:/mnt/c/vcpkg:/mnt/c/Users/ivano/AppData/Local/Programs/Microsoft VS Code/bin:/snap/bin'), ('XDG_RUNTIME_DIR', '/run/user/1000'), ('DISPLAY', ':0'), ('LANG', 'C.UTF-8'), ('LS_COLORS', 'rs=0:di=01;34:ln=01;36:mh=00:pi=40;33:so=01;35:do=01;35:bd=40;33;01:cd=40;33;01:or=40;31;01:mi=00:su=37;41:sg=30;43:ca=30;41:tw=30;42:ow=34;42:st=37;44:ex=01;32:*.tar=01;31:*.tgz=01;31:*.arc=01;31:*.arj=01;31:*.taz=01;31:*.lha=01;31:*.lz4=01;31:*.lzh=01;31:*.lzma=01;31:*.tlz=01;31:*.txz=01;31:*.tzo=01;31:*.t7z=01;31:*.zip=01;31:*.z=01;31:*.dz=01;31:*.gz=01;31:*.lrz=01;31:*.lz=01;31:*.lzo=01;31:*.xz=01;31:*.zst=01;31:*.tzst=01;31:*.bz2=01;31:*.bz=01;31:*.tbz=01;31:*.tbz2=01;31:*.tz=01;31:*.deb=01;31:*.rpm=01;31:*.jar=01;31:*.war=01;31:*.ear=01;31:*.sar=01;31:*.rar=01;31:*.alz=01;31:*.ace=01;31:*.zoo=01;31:*.cpio=01;31:*.7z=01;31:*.rz=01;31:*.cab=01;31:*.wim=01;31:*.swm=01;31:*.dwm=01;31:*.esd=01;31:*.jpg=01;35:*.jpeg=01;35:*.mjpg=01;35:*.mjpeg=01;35:*.gif=01;35:*.bmp=01;35:*.pbm=01;35:*.pgm=01;35:*.ppm=01;35:*.tga=01;35:*.xbm=01;35:*.xpm=01;35:*.tif=01;35:*.tiff=01;35:*.png=01;35:*.svg=01;35:*.svgz=01;35:*.mng=01;35:*.pcx=01;35:*.mov=01;35:*.mpg=01;35:*.mpeg=01;35:*.m2v=01;35:*.mkv=01;35:*.webm=01;35:*.webp=01;35:*.ogm=01;35:*.mp4=01;35:*.m4v=01;35:*.mp4v=01;35:*.vob=01;35:*.qt=01;35:*.nuv=01;35:*.wmv=01;35:*.asf=01;35:*.rm=01;35:*.rmvb=01;35:*.flc=01;35:*.avi=01;35:*.fli=01;35:*.flv=01;35:*.gl=01;35:*.dl=01;35:*.xcf=01;35:*.xwd=01;35:*.yuv=01;35:*.cgm=01;35:*.emf=01;35:*.ogv=01;35:*.ogx=01;35:*.aac=00;36:*.au=00;36:*.flac=00;36:*.m4a=00;36:*.mid=00;36:*.midi=00;36:*.mka=00;36:*.mp3=00;36:*.mpc=00;36:*.ogg=00;36:*.ra=00;36:*.wav=00;36:*.oga=00;36:*.opus=00;36:*.spx=00;36:*.xspf=00;36:'), ('AMENT_PREFIX_PATH', '/mnt/c/work/ubuntu_work/HiveFlight/ros2_ws/install:/home/ivano/hiveflight_ws/install/hiveflight_interfaces:/home/ivano/hiveflight_ws/install/hiveflight:/opt/ros/humble'), ('SHELL', '/bin/bash'), ('LESSCLOSE', '/usr/bin/lesspipe %s %s'), ('PWD', '/mnt/c/work/ubuntu_work/HiveFlight/ros2_ws/build/hiveflight_interfaces'), ('XDG_DATA_DIRS', '/usr/local/share:/usr/share:/var/lib/snapd/desktop'), ('PYTHONPATH', '/mnt/c/work/ubuntu_work/HiveFlight/ros2_ws/install/local/lib/python3.10/dist-packages:/home/ivano/hiveflight_ws/install/hiveflight_interfaces/local/lib/python3.10/dist-packages:/opt/ros/humble/lib/python3.10/site-packages:/opt/ros/humble/local/lib/python3.10/dist-packages'), ('COLCON', '1'), ('WSL2_GUI_APPS_ENABLED', '1'), ('HOSTTYPE', 'x86_64'), ('CMAKE_PREFIX_PATH', '/mnt/c/work/ubuntu_work/HiveFlight/ros2_ws/install:/home/ivano/hiveflight_ws/install/hiveflight_interfaces:/home/ivano/hiveflight_ws/install/hiveflight:/opt/ros/humble'), ('WSLENV', '')]), 'shell': False}
[0.306348] (-) TimerEvent: {}
[0.407141] (-) TimerEvent: {}
[0.508167] (-) TimerEvent: {}
[0.609270] (-) TimerEvent: {}
[0.710892] (-) TimerEvent: {}
[0.812027] (-) TimerEvent: {}
[0.913044] (-) TimerEvent: {}
[1.014007] (-) TimerEvent: {}
[1.115012] (-) TimerEvent: {}
[1.128219] (hiveflight_interfaces) StdoutLine: {'line': b'-- The C compiler identification is GNU 11.4.0\n'}
[1.215275] (-) TimerEvent: {}
[1.316334] (-) TimerEvent: {}
[1.417244] (-) TimerEvent: {}
[1.518299] (-) TimerEvent: {}
[1.619290] (-) TimerEvent: {}
[1.720237] (-) TimerEvent: {}
[1.821273] (-) TimerEvent: {}
[1.922341] (-) TimerEvent: {}
[2.023379] (-) TimerEvent: {}
[2.124246] (-) TimerEvent: {}
[2.160751] (hiveflight_interfaces) StdoutLine: {'line': b'-- The CXX compiler identification is GNU 11.4.0\n'}
[2.224599] (-) TimerEvent: {}
[2.325659] (-) TimerEvent: {}
[2.426729] (-) TimerEvent: {}
[2.545453] (-) TimerEvent: {}
[2.646393] (-) TimerEvent: {}
[2.692762] (hiveflight_interfaces) StdoutLine: {'line': b'-- Detecting C compiler ABI info\n'}
[2.746566] (-) TimerEvent: {}
[2.847444] (-) TimerEvent: {}
[2.948259] (-) TimerEvent: {}
[3.049184] (-) TimerEvent: {}
[3.150400] (-) TimerEvent: {}
[3.251461] (-) TimerEvent: {}
[3.352732] (-) TimerEvent: {}
[3.453588] (-) TimerEvent: {}
[3.554469] (-) TimerEvent: {}
[3.655176] (-) TimerEvent: {}
[3.756006] (-) TimerEvent: {}
[3.856871] (-) TimerEvent: {}
[3.947506] (hiveflight_interfaces) StdoutLine: {'line': b'-- Detecting C compiler ABI info - done\n'}
[3.957007] (-) TimerEvent: {}
[3.982360] (hiveflight_interfaces) StdoutLine: {'line': b'-- Check for working C compiler: /usr/bin/cc - skipped\n'}
[3.983989] (hiveflight_interfaces) StdoutLine: {'line': b'-- Detecting C compile features\n'}
[3.985287] (hiveflight_interfaces) StdoutLine: {'line': b'-- Detecting C compile features - done\n'}
[4.057204] (-) TimerEvent: {}
[4.065254] (hiveflight_interfaces) StdoutLine: {'line': b'-- Detecting CXX compiler ABI info\n'}
[4.157574] (-) TimerEvent: {}
[4.258686] (-) TimerEvent: {}
[4.359656] (-) TimerEvent: {}
[4.460601] (-) TimerEvent: {}
[4.561662] (-) TimerEvent: {}
[4.662584] (-) TimerEvent: {}
[4.763456] (-) TimerEvent: {}
[4.864406] (-) TimerEvent: {}
[4.965426] (-) TimerEvent: {}
[5.066385] (-) TimerEvent: {}
[5.167251] (-) TimerEvent: {}
[5.268293] (-) TimerEvent: {}
[5.299748] (hiveflight_interfaces) StdoutLine: {'line': b'-- Detecting CXX compiler ABI info - done\n'}
[5.344395] (hiveflight_interfaces) StdoutLine: {'line': b'-- Check for working CXX compiler: /usr/bin/c++ - skipped\n'}
[5.345997] (hiveflight_interfaces) StdoutLine: {'line': b'-- Detecting CXX compile features\n'}
[5.347287] (hiveflight_interfaces) StdoutLine: {'line': b'-- Detecting CXX compile features - done\n'}
[5.368510] (-) TimerEvent: {}
[5.448008] (hiveflight_interfaces) StdoutLine: {'line': b'-- Found ament_cmake: 1.3.14 (/opt/ros/humble/share/ament_cmake/cmake)\n'}
[5.468731] (-) TimerEvent: {}
[5.569763] (-) TimerEvent: {}
[5.670666] (-) TimerEvent: {}
[5.772686] (-) TimerEvent: {}
[5.873892] (-) TimerEvent: {}
[5.975060] (-) TimerEvent: {}
[5.978884] (hiveflight_interfaces) StdoutLine: {'line': b'-- Found Python3: /usr/bin/python3 (found version "3.10.12") found components: Interpreter \n'}
[6.075274] (-) TimerEvent: {}
[6.176304] (-) TimerEvent: {}
[6.277655] (-) TimerEvent: {}
[6.379079] (-) TimerEvent: {}
[6.480063] (-) TimerEvent: {}
[6.581017] (-) TimerEvent: {}
[6.682016] (-) TimerEvent: {}
[6.783059] (-) TimerEvent: {}
[6.884067] (-) TimerEvent: {}
[6.937176] (hiveflight_interfaces) StdoutLine: {'line': b'-- Found geometry_msgs: 4.9.1 (/opt/ros/humble/share/geometry_msgs/cmake)\n'}
[6.984329] (-) TimerEvent: {}
[7.085279] (-) TimerEvent: {}
[7.186254] (-) TimerEvent: {}
[7.287275] (-) TimerEvent: {}
[7.388398] (-) TimerEvent: {}
[7.489500] (-) TimerEvent: {}
[7.519801] (hiveflight_interfaces) StdoutLine: {'line': b'-- Found rosidl_generator_c: 3.1.8 (/opt/ros/humble/share/rosidl_generator_c/cmake)\n'}
[7.589746] (-) TimerEvent: {}
[7.597516] (hiveflight_interfaces) StdoutLine: {'line': b'-- Found rosidl_adapter: 3.1.8 (/opt/ros/humble/share/rosidl_adapter/cmake)\n'}
[7.689950] (-) TimerEvent: {}
[7.691215] (hiveflight_interfaces) StdoutLine: {'line': b'-- Found rosidl_generator_cpp: 3.1.8 (/opt/ros/humble/share/rosidl_generator_cpp/cmake)\n'}
[7.790198] (-) TimerEvent: {}
[7.805057] (hiveflight_interfaces) StdoutLine: {'line': b'-- Using all available rosidl_typesupport_c: rosidl_typesupport_fastrtps_c;rosidl_typesupport_introspection_c\n'}
[7.890443] (-) TimerEvent: {}
[7.942297] (hiveflight_interfaces) StdoutLine: {'line': b'-- Using all available rosidl_typesupport_cpp: rosidl_typesupport_fastrtps_cpp;rosidl_typesupport_introspection_cpp\n'}
[7.990676] (-) TimerEvent: {}
[8.091695] (-) TimerEvent: {}
[8.138047] (hiveflight_interfaces) StdoutLine: {'line': b'-- Found rosidl_default_generators: 1.2.1 (/opt/ros/humble/share/rosidl_default_generators/cmake)\n'}
[8.191944] (-) TimerEvent: {}
[8.292908] (-) TimerEvent: {}
[8.394551] (-) TimerEvent: {}
[8.495429] (-) TimerEvent: {}
[8.596437] (-) TimerEvent: {}
[8.697490] (-) TimerEvent: {}
[8.798810] (-) TimerEvent: {}
[8.899831] (-) TimerEvent: {}
[9.001123] (-) TimerEvent: {}
[9.102217] (-) TimerEvent: {}
[9.204201] (-) TimerEvent: {}
[9.348642] (-) TimerEvent: {}
[9.449537] (-) TimerEvent: {}
[9.550611] (-) TimerEvent: {}
[9.651570] (-) TimerEvent: {}
[9.752565] (-) TimerEvent: {}
[9.853632] (-) TimerEvent: {}
[9.954609] (-) TimerEvent: {}
[10.055651] (-) TimerEvent: {}
[10.066521] (hiveflight_interfaces) StdoutLine: {'line': b'-- Found ament_cmake_ros: 0.10.0 (/opt/ros/humble/share/ament_cmake_ros/cmake)\n'}
[10.155861] (-) TimerEvent: {}
[10.256898] (-) TimerEvent: {}
[10.357899] (-) TimerEvent: {}
[10.467092] (-) TimerEvent: {}
[10.568348] (-) TimerEvent: {}
[10.710487] (-) TimerEvent: {}
[10.811643] (-) TimerEvent: {}
[10.912574] (-) TimerEvent: {}
[11.013542] (-) TimerEvent: {}
[11.114566] (-) TimerEvent: {}
[11.215555] (-) TimerEvent: {}
[11.316483] (-) TimerEvent: {}
[11.417698] (-) TimerEvent: {}
[11.519218] (-) TimerEvent: {}
[11.620402] (-) TimerEvent: {}
[11.721646] (-) TimerEvent: {}
[11.822661] (-) TimerEvent: {}
[11.923669] (-) TimerEvent: {}
[12.024641] (-) TimerEvent: {}
[12.125686] (-) TimerEvent: {}
[12.227540] (-) TimerEvent: {}
[12.328949] (-) TimerEvent: {}
[12.430181] (-) TimerEvent: {}
[12.531409] (-) TimerEvent: {}
[12.632283] (-) TimerEvent: {}
[12.733259] (-) TimerEvent: {}
[12.834434] (-) TimerEvent: {}
[12.936176] (-) TimerEvent: {}
[13.037175] (-) TimerEvent: {}
[13.138193] (-) TimerEvent: {}
[13.239151] (-) TimerEvent: {}
[13.340081] (-) TimerEvent: {}
[13.441208] (-) TimerEvent: {}
[13.542527] (-) TimerEvent: {}
[13.643578] (-) TimerEvent: {}
[13.744427] (-) TimerEvent: {}
[13.845516] (-) TimerEvent: {}
[13.946455] (-) TimerEvent: {}
[14.047441] (-) TimerEvent: {}
[14.148388] (-) TimerEvent: {}
[14.249721] (-) TimerEvent: {}
[14.351235] (-) TimerEvent: {}
[14.452179] (-) TimerEvent: {}
[14.553076] (-) TimerEvent: {}
[14.654673] (-) TimerEvent: {}
[14.799892] (-) TimerEvent: {}
[14.901041] (-) TimerEvent: {}
[14.929006] (hiveflight_interfaces) StdoutLine: {'line': b'-- Using all available rosidl_typesupport_c: rosidl_typesupport_fastrtps_c;rosidl_typesupport_introspection_c\n'}
[15.001263] (-) TimerEvent: {}
[15.102423] (-) TimerEvent: {}
[15.203651] (-) TimerEvent: {}
[15.304598] (-) TimerEvent: {}
[15.405553] (-) TimerEvent: {}
[15.509734] (-) TimerEvent: {}
[15.610991] (-) TimerEvent: {}
[15.712000] (-) TimerEvent: {}
[15.813070] (-) TimerEvent: {}
[15.913953] (-) TimerEvent: {}
[16.015440] (-) TimerEvent: {}
[16.116456] (-) TimerEvent: {}
[16.217518] (-) TimerEvent: {}
[16.318570] (-) TimerEvent: {}
[16.419602] (-) TimerEvent: {}
[16.520596] (-) TimerEvent: {}
[16.621618] (-) TimerEvent: {}
[16.691844] (hiveflight_interfaces) StdoutLine: {'line': b'-- Using all available rosidl_typesupport_cpp: rosidl_typesupport_fastrtps_cpp;rosidl_typesupport_introspection_cpp\n'}
[16.721825] (-) TimerEvent: {}
[16.822727] (-) TimerEvent: {}
[16.907767] (hiveflight_interfaces) StdoutLine: {'line': b'-- Found PythonInterp: /usr/bin/python3 (found suitable version "3.10.12", minimum required is "3.6") \n'}
[16.922874] (-) TimerEvent: {}
[16.952827] (hiveflight_interfaces) StdoutLine: {'line': b'-- Found python_cmake_module: 0.10.0 (/opt/ros/humble/share/python_cmake_module/cmake)\n'}
[17.023084] (-) TimerEvent: {}
[17.124074] (-) TimerEvent: {}
[17.225056] (-) TimerEvent: {}
[17.326067] (-) TimerEvent: {}
[17.427067] (-) TimerEvent: {}
[17.483132] (hiveflight_interfaces) StdoutLine: {'line': b'-- Found PythonLibs: /usr/lib/x86_64-linux-gnu/libpython3.10.so (found suitable version "3.10.12", minimum required is "3.5") \n'}
[17.485188] (hiveflight_interfaces) StdoutLine: {'line': b'-- Using PYTHON_EXECUTABLE: /usr/bin/python3\n'}
[17.487108] (hiveflight_interfaces) StdoutLine: {'line': b'-- Using PYTHON_INCLUDE_DIRS: /usr/include/python3.10\n'}
[17.488429] (hiveflight_interfaces) StdoutLine: {'line': b'-- Using PYTHON_LIBRARIES: /usr/lib/x86_64-linux-gnu/libpython3.10.so\n'}
[17.527298] (-) TimerEvent: {}
[17.542467] (hiveflight_interfaces) StdoutLine: {'line': b'-- Found PythonExtra: .so  \n'}
[17.627531] (-) TimerEvent: {}
[17.728413] (-) TimerEvent: {}
[17.839499] (-) TimerEvent: {}
[17.940406] (-) TimerEvent: {}
[18.041422] (-) TimerEvent: {}
[18.142382] (-) TimerEvent: {}
[18.243362] (-) TimerEvent: {}
[18.344278] (-) TimerEvent: {}
[18.445320] (-) TimerEvent: {}
[18.546203] (-) TimerEvent: {}
[18.647192] (-) TimerEvent: {}
[18.748465] (-) TimerEvent: {}
[18.849726] (-) TimerEvent: {}
[18.950895] (-) TimerEvent: {}
[19.051856] (-) TimerEvent: {}
[19.152685] (-) TimerEvent: {}
[19.253721] (-) TimerEvent: {}
[19.354673] (-) TimerEvent: {}
[19.455595] (-) TimerEvent: {}
[19.556720] (-) TimerEvent: {}
[19.657741] (-) TimerEvent: {}
[19.758691] (-) TimerEvent: {}
[19.859739] (-) TimerEvent: {}
[19.960882] (-) TimerEvent: {}
[20.062057] (-) TimerEvent: {}
[20.164219] (-) TimerEvent: {}
[20.265751] (-) TimerEvent: {}
[20.366831] (-) TimerEvent: {}
[20.467866] (-) TimerEvent: {}
[20.568848] (-) TimerEvent: {}
[20.670365] (-) TimerEvent: {}
[20.771281] (-) TimerEvent: {}
[20.872275] (-) TimerEvent: {}
[20.973437] (-) TimerEvent: {}
[21.074839] (-) TimerEvent: {}
[21.144758] (hiveflight_interfaces) StdoutLine: {'line': b'-- Configuring done\n'}
[21.175110] (-) TimerEvent: {}
[21.276243] (-) TimerEvent: {}
[21.377251] (-) TimerEvent: {}
[21.478417] (-) TimerEvent: {}
[21.619948] (-) TimerEvent: {}
[21.721073] (-) TimerEvent: {}
[21.822617] (-) TimerEvent: {}
[21.923612] (-) TimerEvent: {}
[22.024703] (-) TimerEvent: {}
[22.125758] (-) TimerEvent: {}
[22.227986] (-) TimerEvent: {}
[22.329475] (-) TimerEvent: {}
[22.430467] (-) TimerEvent: {}
[22.531480] (-) TimerEvent: {}
[22.632544] (-) TimerEvent: {}
[22.733632] (-) TimerEvent: {}
[22.834991] (-) TimerEvent: {}
[22.936046] (-) TimerEvent: {}
[23.036944] (-) TimerEvent: {}
[23.138183] (-) TimerEvent: {}
[23.239863] (-) TimerEvent: {}
[23.341151] (-) TimerEvent: {}
[23.442240] (-) TimerEvent: {}
[23.543116] (-) TimerEvent: {}
[23.644172] (-) TimerEvent: {}
[23.745229] (-) TimerEvent: {}
[23.846575] (-) TimerEvent: {}
[23.947657] (-) TimerEvent: {}
[24.048848] (-) TimerEvent: {}
[24.149950] (-) TimerEvent: {}
[24.250915] (-) TimerEvent: {}
[24.352685] (-) TimerEvent: {}
[24.454044] (-) TimerEvent: {}
[24.555738] (-) TimerEvent: {}
[24.657129] (-) TimerEvent: {}
[24.758114] (-) TimerEvent: {}
[24.859091] (-) TimerEvent: {}
[24.960187] (-) TimerEvent: {}
[25.061136] (-) TimerEvent: {}
[25.162086] (-) TimerEvent: {}
[25.255160] (hiveflight_interfaces) StdoutLine: {'line': b'-- Generating done\n'}
[25.262225] (-) TimerEvent: {}
[25.363019] (-) TimerEvent: {}
[25.464052] (-) TimerEvent: {}
[25.564931] (-) TimerEvent: {}
[25.706894] (-) TimerEvent: {}
[25.807927] (-) TimerEvent: {}
[25.909429] (-) TimerEvent: {}
[26.010759] (-) TimerEvent: {}
[26.111790] (-) TimerEvent: {}
[26.212693] (-) TimerEvent: {}
[26.313698] (-) TimerEvent: {}
[26.414630] (-) TimerEvent: {}
[26.515580] (-) TimerEvent: {}
[26.616622] (-) TimerEvent: {}
[26.654836] (hiveflight_interfaces) StdoutLine: {'line': b'-- Build files have been written to: /mnt/c/work/ubuntu_work/HiveFlight/ros2_ws/build/hiveflight_interfaces\n'}
[26.672546] (hiveflight_interfaces) CommandEnded: {'returncode': 0}
[26.685516] (hiveflight_interfaces) JobProgress: {'identifier': 'hiveflight_interfaces', 'progress': 'build'}
[26.696609] (hiveflight_interfaces) Command: {'cmd': ['/usr/bin/cmake', '--build', '/mnt/c/work/ubuntu_work/HiveFlight/ros2_ws/build/hiveflight_interfaces', '--', '-j16', '-l16'], 'cwd': '/mnt/c/work/ubuntu_work/HiveFlight/ros2_ws/build/hiveflight_interfaces', 'env': OrderedDict([('LESSOPEN', '| /usr/bin/lesspipe %s'), ('USER', 'ivano'), ('SHLVL', '2'), ('LD_LIBRARY_PATH', '/usr/lib/x86_64-linux-gnu/gazebo-11/plugins:/mnt/c/work/ubuntu_work/HiveFlight/ros2_ws/install/lib:/home/ivano/hiveflight_ws/install/hiveflight_interfaces/lib:/opt/ros/humble/opt/rviz_ogre_vendor/lib:/opt/ros/humble/lib/x86_64-linux-gnu:/opt/ros/humble/lib'), ('MOTD_SHOWN', 'update-motd'), ('HOME', '/home/ivano'), ('OLDPWD', '/mnt/c/work/ubuntu_work/HiveFlight'), ('ROS_PYTHON_VERSION', '3'), ('DBUS_SESSION_BUS_ADDRESS', 'unix:path=/run/user/1000/bus'), ('WSL_DISTRO_NAME', 'Ubuntu-22.04'), ('WAYLAND_DISPLAY', 'wayland-0'), ('COLCON_PREFIX_PATH', '/mnt/c/work/ubuntu_work/HiveFlight/ros2_ws/install:/home/ivano/hiveflight_ws/install'), ('ROS_DISTRO', 'humble'), ('LOGNAME', 'ivano'), ('NAME', 'LAPTOP-7K9MEH4D'), ('WSL_INTEROP', '/run/WSL/331_interop'), ('PULSE_SERVER', 'unix:/mnt/wslg/PulseServer'), ('_', '/usr/bin/colcon'), ('ROS_VERSION', '2'), ('TERM', 'xterm-256color'), ('ROS_LOCALHOST_ONLY', '0'), ('PATH', '/opt/ros/humble/bin:/usr/local/sbin:/usr/local/bin:/usr/sbin:/usr/bin:/sbin:/bin:/usr/games:/usr/local/games:/usr/lib/wsl/lib:/mnt/c/Users/ivano/AppData/Roaming/Code/User/globalStorage/github.copilot-chat/debugCommand:/mnt/c/Users/ivano/AppData/Roaming/Code/User/globalStorage/github.copilot-chat/copilotCli:/mnt/c/windows/system32:/mnt/c/windows:/mnt/c/windows/System32/Wbem:/mnt/c/windows/System32/WindowsPowerShell/v1.0/:/mnt/c/windows/System32/OpenSSH/:/mnt/c/Program Files/HP/1E.Performance.Assist/Extensibility/NomadBranch:/mnt/c/Program Files/CMake/bin:/mnt/c/Program Files (x86)/Windows Kits/10/Windows Performance Toolkit/:/mnt/c/Program Files/Git/cmd:/mnt/c/windows/system32:/mnt/c/windows:/mnt/c/windows/System32/Wbem:/mnt/c/windows/System32/WindowsPowerShell/v1.0/:/mnt/c/windows/System32/OpenSSH/:/mnt/c/Program Files/HP/1E.Performance.Assist/Extensibility/NomadBranch:/mnt/c/Program Files/CMake/bin:/mnt/c/Program Files (x86)/Windows Kits/10/Windows Performance Toolkit/:/mnt/c/Program Files/Git/cmd:/mnt/c/vcpkg:/mnt/c/Users/ivano/AppData/Local/Programs/Microsoft VS Code/bin:/snap/bin'), ('XDG_RUNTIME_DIR', '/run/user/1000'), ('DISPLAY', ':0'), ('LANG', 'C.UTF-8'), ('LS_COLORS', 'rs=0:di=01;34:ln=01;36:mh=00:pi=40;33:so=01;35:do=01;35:bd=40;33;01:cd=40;33;01:or=40;31;01:mi=00:su=37;41:sg=30;43:ca=30;41:tw=30;42:ow=34;42:st=37;44:ex=01;32:*.tar=01;31:*.tgz=01;31:*.arc=01;31:*.arj=01;31:*.taz=01;31:*.lha=01;31:*.lz4=01;31:*.lzh=01;31:*.lzma=01;31:*.tlz=01;31:*.txz=01;31:*.tzo=01;31:*.t7z=01;31:*.zip=01;31:*.z=01;31:*.dz=01;31:*.gz=01;31:*.lrz=01;31:*.lz=01;31:*.lzo=01;31:*.xz=01;31:*.zst=01;31:*.tzst=01;31:*.bz2=01;31:*.bz=01;31:*.tbz=01;31:*.tbz2=01;31:*.tz=01;31:*.deb=01;31:*.rpm=01;31:*.jar=01;31:*.war=01;31:*.ear=01;31:*.sar=01;31:*.rar=01;31:*.alz=01;31:*.ace=01;31:*.zoo=01;31:*.cpio=01;31:*.7z=01;31:*.rz=01;31:*.cab=01;31:*.wim=01;31:*.swm=01;31:*.dwm=01;31:*.esd=01;31:*.jpg=01;35:*.jpeg=01;35:*.mjpg=01;35:*.mjpeg=01;35:*.gif=01;35:*.bmp=01;35:*.pbm=01;35:*.pgm=01;35:*.ppm=01;35:*.tga=01;35:*.xbm=01;35:*.xpm=01;35:*.tif=01;35:*.tiff=01;35:*.png=01;35:*.svg=01;35:*.svgz=01;35:*.mng=01;35:*.pcx=01;35:*.mov=01;35:*.mpg=01;35:*.mpeg=01;35:*.m2v=01;35:*.mkv=01;35:*.webm=01;35:*.webp=01;35:*.ogm=01;35:*.mp4=01;35:*.m4v=01;35:*.mp4v=01;35:*.vob=01;35:*.qt=01;35:*.nuv=01;35:*.wmv=01;35:*.asf=01;35:*.rm=01;35:*.rmvb=01;35:*.flc=01;35:*.avi=01;35:*.fli=01;35:*.flv=01;35:*.gl=01;35:*.dl=01;35:*.xcf=01;35:*.xwd=01;35:*.yuv=01;35:*.cgm=01;35:*.emf=01;35:*.ogv=01;35:*.ogx=01;35:*.aac=00;36:*.au=00;36:*.flac=00;36:*.m4a=00;36:*.mid=00;36:*.midi=00;36:*.mka=00;36:*.mp3=00;36:*.mpc=00;36:*.ogg=00;36:*.ra=00;36:*.wav=00;36:*.oga=00;36:*.opus=00;36:*.spx=00;36:*.xspf=00;36:'), ('AMENT_PREFIX_PATH', '/mnt/c/work/ubuntu_work/HiveFlight/ros2_ws/install:/home/ivano/hiveflight_ws/install/hiveflight_interfaces:/home/ivano/hiveflight_ws/install/hiveflight:/opt/ros/humble'), ('SHELL', '/bin/bash'), ('LESSCLOSE', '/usr/bin/lesspipe %s %s'), ('PWD', '/mnt/c/work/ubuntu_work/HiveFlight/ros2_ws/build/hiveflight_interfaces'), ('XDG_DATA_DIRS', '/usr/local/share:/usr/share:/var/lib/snapd/desktop'), ('PYTHONPATH', '/mnt/c/work/ubuntu_work/HiveFlight/ros2_ws/install/local/lib/python3.10/dist-packages:/home/ivano/hiveflight_ws/install/hiveflight_interfaces/local/lib/python3.10/dist-packages:/opt/ros/humble/lib/python3.10/site-packages:/opt/ros/humble/local/lib/python3.10/dist-packages'), ('COLCON', '1'), ('WSL2_GUI_APPS_ENABLED', '1'), ('HOSTTYPE', 'x86_64'), ('CMAKE_PREFIX_PATH', '/mnt/c/work/ubuntu_work/HiveFlight/ros2_ws/install:/home/ivano/hiveflight_ws/install/hiveflight_interfaces:/home/ivano/hiveflight_ws/install/hiveflight:/opt/ros/humble'), ('WSLENV', '')]), 'shell': False}
[26.745555] (-) TimerEvent: {}
[26.846379] (-) TimerEvent: {}
[26.947529] (-) TimerEvent: {}
[27.072868] (-) TimerEvent: {}
[27.174064] (-) TimerEvent: {}
[27.311974] (-) TimerEvent: {}
[27.352456] (hiveflight_interfaces) StdoutLine: {'line': b'[  3%] \x1b[34m\x1b[1mGenerating C code for ROS interfaces\x1b[0m\n'}
[27.384061] (hiveflight_interfaces) StdoutLine: {'line': b'[  6%] \x1b[34m\x1b[1mGenerating C++ code for ROS interfaces\x1b[0m\n'}
[27.410825] (hiveflight_interfaces) StdoutLine: {'line': b'[  9%] \x1b[34m\x1b[1mGenerating Rust code for ROS interfaces\x1b[0m\n'}
[27.412511] (-) TimerEvent: {}
[27.452871] (hiveflight_interfaces) StdoutLine: {'line': b'[  9%] Built target ament_cmake_python_copy_hiveflight_interfaces\n'}
[27.512742] (-) TimerEvent: {}
[27.613996] (-) TimerEvent: {}
[27.715289] (-) TimerEvent: {}
[27.816082] (-) TimerEvent: {}
[27.823441] (hiveflight_interfaces) StdoutLine: {'line': b'[  9%] Built target hiveflight_interfaces__cpp\n'}
[27.825790] (hiveflight_interfaces) StdoutLine: {'line': b'[  9%] Built target hiveflight_interfaces__rs\n'}
[27.896830] (hiveflight_interfaces) StdoutLine: {'line': b'[ 12%] \x1b[34m\x1b[1mGenerating C++ type support dispatch for ROS interfaces\x1b[0m\n'}
[27.912911] (hiveflight_interfaces) StdoutLine: {'line': b'[ 15%] \x1b[34m\x1b[1mGenerating C++ introspection for ROS interfaces\x1b[0m\n'}
[27.916226] (-) TimerEvent: {}
[27.945051] (hiveflight_interfaces) StdoutLine: {'line': b'[ 18%] \x1b[34m\x1b[1mGenerating C++ type support for eProsima Fast-RTPS\x1b[0m\n'}
[28.016403] (-) TimerEvent: {}
[28.023926] (hiveflight_interfaces) StdoutLine: {'line': b'[ 21%] \x1b[32mBuilding C object CMakeFiles/hiveflight_interfaces__rosidl_generator_c.dir/rosidl_generator_c/hiveflight_interfaces/msg/detail/drone_message__functions.c.o\x1b[0m\n'}
[28.057868] (hiveflight_interfaces) StdoutLine: {'line': b'running egg_info\n'}
[28.060084] (hiveflight_interfaces) StdoutLine: {'line': b'creating hiveflight_interfaces.egg-info\n'}
[28.065593] (hiveflight_interfaces) StdoutLine: {'line': b'writing hiveflight_interfaces.egg-info/PKG-INFO\n'}
[28.074369] (hiveflight_interfaces) StdoutLine: {'line': b'writing dependency_links to hiveflight_interfaces.egg-info/dependency_links.txt\n'}
[28.088657] (hiveflight_interfaces) StdoutLine: {'line': b'writing top-level names to hiveflight_interfaces.egg-info/top_level.txt\n'}
[28.097963] (hiveflight_interfaces) StdoutLine: {'line': b"writing manifest file 'hiveflight_interfaces.egg-info/SOURCES.txt'\n"}
[28.116563] (-) TimerEvent: {}
[28.135177] (hiveflight_interfaces) StdoutLine: {'line': b"reading manifest file 'hiveflight_interfaces.egg-info/SOURCES.txt'\n"}
[28.187911] (hiveflight_interfaces) StdoutLine: {'line': b"writing manifest file 'hiveflight_interfaces.egg-info/SOURCES.txt'\n"}
[28.216738] (-) TimerEvent: {}
[28.242207] (hiveflight_interfaces) StdoutLine: {'line': b'[ 21%] Built target ament_cmake_python_build_hiveflight_interfaces_egg\n'}
[28.317002] (-) TimerEvent: {}
[28.400753] (hiveflight_interfaces) StdoutLine: {'line': b'[ 25%] \x1b[32mBuilding CXX object CMakeFiles/hiveflight_interfaces__rosidl_typesupport_cpp.dir/rosidl_typesupport_cpp/hiveflight_interfaces/msg/drone_message__type_support.cpp.o\x1b[0m\n'}
[28.417213] (-) TimerEvent: {}
[28.449403] (hiveflight_interfaces) StdoutLine: {'line': b'[ 28%] \x1b[32mBuilding CXX object CMakeFiles/hiveflight_interfaces__rosidl_typesupport_introspection_cpp.dir/rosidl_typesupport_introspection_cpp/hiveflight_interfaces/msg/detail/drone_message__type_support.cpp.o\x1b[0m\n'}
[28.473213] (hiveflight_interfaces) StdoutLine: {'line': b'[ 31%] \x1b[32mBuilding CXX object CMakeFiles/hiveflight_interfaces__rosidl_typesupport_fastrtps_cpp.dir/rosidl_typesupport_fastrtps_cpp/hiveflight_interfaces/msg/detail/dds_fastrtps/drone_message__type_support.cpp.o\x1b[0m\n'}
[28.502410] (hiveflight_interfaces) StdoutLine: {'line': b'[ 34%] \x1b[32m\x1b[1mLinking C shared library libhiveflight_interfaces__rosidl_generator_c.so\x1b[0m\n'}
[28.517375] (-) TimerEvent: {}
[28.618170] (-) TimerEvent: {}
[28.719097] (-) TimerEvent: {}
[28.820256] (-) TimerEvent: {}
[28.921062] (-) TimerEvent: {}
[28.937395] (hiveflight_interfaces) StdoutLine: {'line': b'[ 34%] Built target hiveflight_interfaces__rosidl_generator_c\n'}
[29.021247] (-) TimerEvent: {}
[29.023721] (hiveflight_interfaces) StdoutLine: {'line': b'[ 37%] \x1b[34m\x1b[1mGenerating C type support for eProsima Fast-RTPS\x1b[0m\n'}
[29.048549] (hiveflight_interfaces) StdoutLine: {'line': b'[ 43%] \x1b[34m\x1b[1mGenerating C type support dispatch for ROS interfaces\x1b[0m\n'}
[29.050775] (hiveflight_interfaces) StdoutLine: {'line': b'[ 43%] \x1b[34m\x1b[1mGenerating C introspection for ROS interfaces\x1b[0m\n'}
[29.121449] (-) TimerEvent: {}
[29.164517] (hiveflight_interfaces) StdoutLine: {'line': b'[ 46%] \x1b[32m\x1b[1mLinking CXX shared library libhiveflight_interfaces__rosidl_typesupport_cpp.so\x1b[0m\n'}
[29.221692] (-) TimerEvent: {}
[29.322870] (-) TimerEvent: {}
[29.423893] (-) TimerEvent: {}
[29.505408] (hiveflight_interfaces) StdoutLine: {'line': b'[ 50%] \x1b[32mBuilding CXX object CMakeFiles/hiveflight_interfaces__rosidl_typesupport_c.dir/rosidl_typesupport_c/hiveflight_interfaces/msg/drone_message__type_support.cpp.o\x1b[0m\n'}
[29.524078] (-) TimerEvent: {}
[29.535336] (hiveflight_interfaces) StdoutLine: {'line': b'[ 53%] \x1b[32mBuilding C object CMakeFiles/hiveflight_interfaces__rosidl_typesupport_introspection_c.dir/rosidl_typesupport_introspection_c/hiveflight_interfaces/msg/detail/drone_message__type_support.c.o\x1b[0m\n'}
[29.601733] (hiveflight_interfaces) StdoutLine: {'line': b'[ 56%] \x1b[32m\x1b[1mLinking CXX shared library libhiveflight_interfaces__rosidl_typesupport_introspection_cpp.so\x1b[0m\n'}
[29.624272] (-) TimerEvent: {}
[29.631976] (hiveflight_interfaces) StdoutLine: {'line': b'[ 59%] \x1b[32mBuilding CXX object CMakeFiles/hiveflight_interfaces__rosidl_typesupport_fastrtps_c.dir/rosidl_typesupport_fastrtps_c/hiveflight_interfaces/msg/detail/drone_message__type_support_c.cpp.o\x1b[0m\n'}
[29.678066] (hiveflight_interfaces) StdoutLine: {'line': b'[ 59%] Built target hiveflight_interfaces__rosidl_typesupport_cpp\n'}
[29.724472] (-) TimerEvent: {}
[29.825561] (-) TimerEvent: {}
[29.851544] (hiveflight_interfaces) StdoutLine: {'line': b'[ 62%] \x1b[32m\x1b[1mLinking CXX shared library libhiveflight_interfaces__rosidl_typesupport_fastrtps_cpp.so\x1b[0m\n'}
[29.886877] (hiveflight_interfaces) StdoutLine: {'line': b'[ 65%] \x1b[32m\x1b[1mLinking CXX shared library libhiveflight_interfaces__rosidl_typesupport_c.so\x1b[0m\n'}
[29.925738] (-) TimerEvent: {}
[30.026818] (-) TimerEvent: {}
[30.076497] (hiveflight_interfaces) StdoutLine: {'line': b'[ 68%] \x1b[32m\x1b[1mLinking C shared library libhiveflight_interfaces__rosidl_typesupport_introspection_c.so\x1b[0m\n'}
[30.108370] (hiveflight_interfaces) StdoutLine: {'line': b'[ 68%] Built target hiveflight_interfaces__rosidl_typesupport_introspection_cpp\n'}
[30.127041] (-) TimerEvent: {}
[30.228034] (-) TimerEvent: {}
[30.329069] (-) TimerEvent: {}
[30.342677] (hiveflight_interfaces) StdoutLine: {'line': b'[ 68%] Built target hiveflight_interfaces__rosidl_typesupport_fastrtps_cpp\n'}
[30.384372] (hiveflight_interfaces) StdoutLine: {'line': b'[ 68%] Built target hiveflight_interfaces__rosidl_typesupport_c\n'}
[30.429405] (-) TimerEvent: {}
[30.514665] (hiveflight_interfaces) StdoutLine: {'line': b'[ 68%] Built target hiveflight_interfaces__rosidl_typesupport_introspection_c\n'}
[30.529538] (-) TimerEvent: {}
[30.630943] (-) TimerEvent: {}
[30.731948] (-) TimerEvent: {}
[30.811486] (hiveflight_interfaces) StdoutLine: {'line': b'[ 71%] \x1b[32m\x1b[1mLinking CXX shared library libhiveflight_interfaces__rosidl_typesupport_fastrtps_c.so\x1b[0m\n'}
[30.832183] (-) TimerEvent: {}
[30.933168] (-) TimerEvent: {}
[31.034064] (-) TimerEvent: {}
[31.163964] (-) TimerEvent: {}
[31.265297] (-) TimerEvent: {}
[31.366451] (-) TimerEvent: {}
[31.416719] (hiveflight_interfaces) StdoutLine: {'line': b'[ 71%] Built target hiveflight_interfaces__rosidl_typesupport_fastrtps_c\n'}
[31.466672] (-) TimerEvent: {}
[31.567686] (-) TimerEvent: {}
[31.650242] (hiveflight_interfaces) StdoutLine: {'line': b'[ 71%] Built target hiveflight_interfaces\n'}
[31.667861] (-) TimerEvent: {}
[31.768835] (-) TimerEvent: {}
[31.869917] (-) TimerEvent: {}
[31.905602] (hiveflight_interfaces) StdoutLine: {'line': b'[ 75%] \x1b[34m\x1b[1mGenerating Python code for ROS interfaces\x1b[0m\n'}
[31.970114] (-) TimerEvent: {}
[32.071098] (-) TimerEvent: {}
[32.172310] (-) TimerEvent: {}
[32.273276] (-) TimerEvent: {}
[32.374360] (-) TimerEvent: {}
[32.475880] (-) TimerEvent: {}
[32.523326] (hiveflight_interfaces) StdoutLine: {'line': b'[ 75%] Built target hiveflight_interfaces__py\n'}
[32.576119] (-) TimerEvent: {}
[32.677542] (-) TimerEvent: {}
[32.778510] (-) TimerEvent: {}
[32.790911] (hiveflight_interfaces) StdoutLine: {'line': b'[ 78%] \x1b[32mBuilding C object CMakeFiles/hiveflight_interfaces__rosidl_generator_py.dir/rosidl_generator_py/hiveflight_interfaces/msg/_drone_message_s.c.o\x1b[0m\n'}
[32.878732] (-) TimerEvent: {}
[32.979673] (-) TimerEvent: {}
[33.080657] (-) TimerEvent: {}
[33.181670] (-) TimerEvent: {}
[33.282653] (-) TimerEvent: {}
[33.383676] (-) TimerEvent: {}
[33.484693] (-) TimerEvent: {}
[33.513391] (hiveflight_interfaces) StdoutLine: {'line': b'[ 81%] \x1b[32m\x1b[1mLinking C shared library rosidl_generator_py/hiveflight_interfaces/libhiveflight_interfaces__rosidl_generator_py.so\x1b[0m\n'}
[33.584924] (-) TimerEvent: {}
[33.686146] (-) TimerEvent: {}
[33.787294] (-) TimerEvent: {}
[33.895028] (-) TimerEvent: {}
[33.996071] (-) TimerEvent: {}
[34.097076] (-) TimerEvent: {}
[34.100148] (hiveflight_interfaces) StdoutLine: {'line': b'[ 81%] Built target hiveflight_interfaces__rosidl_generator_py\n'}
[34.197290] (-) TimerEvent: {}
[34.298421] (-) TimerEvent: {}
[34.303289] (hiveflight_interfaces) StdoutLine: {'line': b'[ 84%] \x1b[32mBuilding C object CMakeFiles/hiveflight_interfaces__rosidl_typesupport_introspection_c__pyext.dir/rosidl_generator_py/hiveflight_interfaces/_hiveflight_interfaces_s.ep.rosidl_typesupport_introspection_c.c.o\x1b[0m\n'}
[34.344208] (hiveflight_interfaces) StdoutLine: {'line': b'[ 87%] \x1b[32mBuilding C object CMakeFiles/hiveflight_interfaces__rosidl_typesupport_c__pyext.dir/rosidl_generator_py/hiveflight_interfaces/_hiveflight_interfaces_s.ep.rosidl_typesupport_c.c.o\x1b[0m\n'}
[34.370759] (hiveflight_interfaces) StdoutLine: {'line': b'[ 90%] \x1b[32mBuilding C object CMakeFiles/hiveflight_interfaces__rosidl_typesupport_fastrtps_c__pyext.dir/rosidl_generator_py/hiveflight_interfaces/_hiveflight_interfaces_s.ep.rosidl_typesupport_fastrtps_c.c.o\x1b[0m\n'}
[34.398650] (-) TimerEvent: {}
[34.499578] (-) TimerEvent: {}
[34.600577] (-) TimerEvent: {}
[34.701644] (-) TimerEvent: {}
[34.803072] (-) TimerEvent: {}
[34.904285] (-) TimerEvent: {}
[34.986829] (hiveflight_interfaces) StdoutLine: {'line': b'[ 93%] \x1b[32m\x1b[1mLinking C shared library rosidl_generator_py/hiveflight_interfaces/hiveflight_interfaces_s__rosidl_typesupport_c.cpython-310-x86_64-linux-gnu.so\x1b[0m\n'}
[35.004483] (-) TimerEvent: {}
[35.089000] (hiveflight_interfaces) StdoutLine: {'line': b'[ 96%] \x1b[32m\x1b[1mLinking C shared library rosidl_generator_py/hiveflight_interfaces/hiveflight_interfaces_s__rosidl_typesupport_introspection_c.cpython-310-x86_64-linux-gnu.so\x1b[0m\n'}
[35.104745] (-) TimerEvent: {}
[35.205732] (-) TimerEvent: {}
[35.248063] (hiveflight_interfaces) StdoutLine: {'line': b'[100%] \x1b[32m\x1b[1mLinking C shared library rosidl_generator_py/hiveflight_interfaces/hiveflight_interfaces_s__rosidl_typesupport_fastrtps_c.cpython-310-x86_64-linux-gnu.so\x1b[0m\n'}
[35.305911] (-) TimerEvent: {}
[35.406882] (-) TimerEvent: {}
[35.507838] (-) TimerEvent: {}
[35.608808] (-) TimerEvent: {}
[35.624900] (hiveflight_interfaces) StdoutLine: {'line': b'[100%] Built target hiveflight_interfaces__rosidl_typesupport_c__pyext\n'}
[35.709002] (-) TimerEvent: {}
[35.766248] (hiveflight_interfaces) StdoutLine: {'line': b'[100%] Built target hiveflight_interfaces__rosidl_typesupport_introspection_c__pyext\n'}
[35.809226] (-) TimerEvent: {}
[35.851680] (hiveflight_interfaces) StdoutLine: {'line': b'[100%] Built target hiveflight_interfaces__rosidl_typesupport_fastrtps_c__pyext\n'}
[35.909506] (-) TimerEvent: {}
[36.010606] (-) TimerEvent: {}
[36.077850] (hiveflight_interfaces) CommandEnded: {'returncode': 0}
[36.108235] (hiveflight_interfaces) JobProgress: {'identifier': 'hiveflight_interfaces', 'progress': 'install'}
[36.110690] (-) TimerEvent: {}
[36.172296] (hiveflight_interfaces) Command: {'cmd': ['/usr/bin/cmake', '--install', '/mnt/c/work/ubuntu_work/HiveFlight/ros2_ws/build/hiveflight_interfaces'], 'cwd': '/mnt/c/work/ubuntu_work/HiveFlight/ros2_ws/build/hiveflight_interfaces', 'env': OrderedDict([('LESSOPEN', '| /usr/bin/lesspipe %s'), ('USER', 'ivano'), ('SHLVL', '2'), ('LD_LIBRARY_PATH', '/usr/lib/x86_64-linux-gnu/gazebo-11/plugins:/mnt/c/work/ubuntu_work/HiveFlight/ros2_ws/install/lib:/home/ivano/hiveflight_ws/install/hiveflight_interfaces/lib:/opt/ros/humble/opt/rviz_ogre_vendor/lib:/opt/ros/humble/lib/x86_64-linux-gnu:/opt/ros/humble/lib'), ('MOTD_SHOWN', 'update-motd'), ('HOME', '/home/ivano'), ('OLDPWD', '/mnt/c/work/ubuntu_work/HiveFlight'), ('ROS_PYTHON_VERSION', '3'), ('DBUS_SESSION_BUS_ADDRESS', 'unix:path=/run/user/1000/bus'), ('WSL_DISTRO_NAME', 'Ubuntu-22.04'), ('WAYLAND_DISPLAY', 'wayland-0'), ('COLCON_PREFIX_PATH', '/mnt/c/work/ubuntu_work/HiveFlight/ros2_ws/install:/home/ivano/hiveflight_ws/install'), ('ROS_DISTRO', 'humble'), ('LOGNAME', 'ivano'), ('NAME', 'LAPTOP-7K9MEH4D'), ('WSL_INTEROP', '/run/WSL/331_interop'), ('PULSE_SERVER', 'unix:/mnt/wslg/PulseServer'), ('_', '/usr/bin/colcon'), ('ROS_VERSION', '2'), ('TERM', 'xterm-256color'), ('ROS_LOCALHOST_ONLY', '0'), ('PATH', '/opt/ros/humble/bin:/usr/local/sbin:/usr/local/bin:/usr/sbin:/usr/bin:/sbin:/bin:/usr/games:/usr/local/games:/usr/lib/wsl/lib:/mnt/c/Users/ivano/AppData/Roaming/Code/User/globalStorage/github.copilot-chat/debugCommand:/mnt/c/Users/ivano/AppData/Roaming/Code/User/globalStorage/github.copilot-chat/copilotCli:/mnt/c/windows/system32:/mnt/c/windows:/mnt/c/windows/System32/Wbem:/mnt/c/windows/System32/WindowsPowerShell/v1.0/:/mnt/c/windows/System32/OpenSSH/:/mnt/c/Program Files/HP/1E.Performance.Assist/Extensibility/NomadBranch:/mnt/c/Program Files/CMake/bin:/mnt/c/Program Files (x86)/Windows Kits/10/Windows Performance Toolkit/:/mnt/c/Program Files/Git/cmd:/mnt/c/windows/system32:/mnt/c/windows:/mnt/c/windows/System32/Wbem:/mnt/c/windows/System32/WindowsPowerShell/v1.0/:/mnt/c/windows/System32/OpenSSH/:/mnt/c/Program Files/HP/1E.Performance.Assist/Extensibility/NomadBranch:/mnt/c/Program Files/CMake/bin:/mnt/c/Program Files (x86)/Windows Kits/10/Windows Performance Toolkit/:/mnt/c/Program Files/Git/cmd:/mnt/c/vcpkg:/mnt/c/Users/ivano/AppData/Local/Programs/Microsoft VS Code/bin:/snap/bin'), ('XDG_RUNTIME_DIR', '/run/user/1000'), ('DISPLAY', ':0'), ('LANG', 'C.UTF-8'), ('LS_COLORS', 'rs=0:di=01;34:ln=01;36:mh=00:pi=40;33:so=01;35:do=01;35:bd=40;33;01:cd=40;33;01:or=40;31;01:mi=00:su=37;41:sg=30;43:ca=30;41:tw=30;42:ow=34;42:st=37;44:ex=01;32:*.tar=01;31:*.tgz=01;31:*.arc=01;31:*.arj=01;31:*.taz=01;31:*.lha=01;31:*.lz4=01;31:*.lzh=01;31:*.lzma=01;31:*.tlz=01;31:*.txz=01;31:*.tzo=01;31:*.t7z=01;31:*.zip=01;31:*.z=01;31:*.dz=01;31:*.gz=01;31:*.lrz=01;31:*.lz=01;31:*.lzo=01;31:*.xz=01;31:*.zst=01;31:*.tzst=01;31:*.bz2=01;31:*.bz=01;31:*.tbz=01;31:*.tbz2=01;31:*.tz=01;31:*.deb=01;31:*.rpm=01;31:*.jar=01;31:*.war=01;31:*.ear=01;31:*.sar=01;31:*.rar=01;31:*.alz=01;31:*.ace=01;31:*.zoo=01;31:*.cpio=01;31:*.7z=01;31:*.rz=01;31:*.cab=01;31:*.wim=01;31:*.swm=01;31:*.dwm=01;31:*.esd=01;31:*.jpg=01;35:*.jpeg=01;35:*.mjpg=01;35:*.mjpeg=01;35:*.gif=01;35:*.bmp=01;35:*.pbm=01;35:*.pgm=01;35:*.ppm=01;35:*.tga=01;35:*.xbm=01;35:*.xpm=01;35:*.tif=01;35:*.tiff=01;35:*.png=01;35:*.svg=01;35:*.svgz=01;35:*.mng=01;35:*.pcx=01;35:*.mov=01;35:*.mpg=01;35:*.mpeg=01;35:*.m2v=01;35:*.mkv=01;35:*.webm=01;35:*.webp=01;35:*.ogm=01;35:*.mp4=01;35:*.m4v=01;35:*.mp4v=01;35:*.vob=01;35:*.qt=01;35:*.nuv=01;35:*.wmv=01;35:*.asf=01;35:*.rm=01;35:*.rmvb=01;35:*.flc=01;35:*.avi=01;35:*.fli=01;35:*.flv=01;35:*.gl=01;35:*.dl=01;35:*.xcf=01;35:*.xwd=01;35:*.yuv=01;35:*.cgm=01;35:*.emf=01;35:*.ogv=01;35:*.ogx=01;35:*.aac=00;36:*.au=00;36:*.flac=00;36:*.m4a=00;36:*.mid=00;36:*.midi=00;36:*.mka=00;36:*.mp3=00;36:*.mpc=00;36:*.ogg=00;36:*.ra=00;36:*.wav=00;36:*.oga=00;36:*.opus=00;36:*.spx=00;36:*.xspf=00;36:'), ('AMENT_PREFIX_PATH', '/mnt/c/work/ubuntu_work/HiveFlight/ros2_ws/install:/home/ivano/hiveflight_ws/install/hiveflight_interfaces:/home/ivano/hiveflight_ws/install/hiveflight:/opt/ros/humble'), ('SHELL', '/bin/bash'), ('LESSCLOSE', '/usr/bin/lesspipe %s %s'), ('PWD', '/mnt/c/work/ubuntu_work/HiveFlight/ros2_ws/build/hiveflight_interfaces'), ('XDG_DATA_DIRS', '/usr/local/share:/usr/share:/var/lib/snapd/desktop'), ('PYTHONPATH', '/mnt/c/work/ubuntu_work/HiveFlight/ros2_ws/install/local/lib/python3.10/dist-packages:/home/ivano/hiveflight_ws/install/hiveflight_interfaces/local/lib/python3.10/dist-packages:/opt/ros/humble/lib/python3.10/site-packages:/opt/ros/humble/local/lib/python3.10/dist-packages'), ('COLCON', '1'), ('WSL2_GUI_APPS_ENABLED', '1'), ('HOSTTYPE', 'x86_64'), ('CMAKE_PREFIX_PATH', '/mnt/c/work/ubuntu_work/HiveFlight/ros2_ws/install:/home/ivano/hiveflight_ws/install/hiveflight_interfaces:/home/ivano/hiveflight_ws/install/hiveflight:/opt/ros/humble'), ('WSLENV', '')]), 'shell': False}
[36.210936] (-) TimerEvent: {}
[36.212337] (hiveflight_interfaces) StdoutLine: {'line': b'-- Install configuration: ""\n'}
[36.266383] (hiveflight_interfaces) StdoutLine: {'line': b'-- Installing: /mnt/c/work/ubuntu_work/HiveFlight/ros2_ws/install/share/ament_index/resource_index/rosidl_interfaces/hiveflight_interfaces\n'}
[36.311188] (-) TimerEvent: {}
[36.387685] (hiveflight_interfaces) StdoutLine: {'line': b'-- Installing: /mnt/c/work/ubuntu_work/HiveFlight/ros2_ws/install/include/hiveflight_interfaces/hiveflight_interfaces\n'}
[36.411424] (-) TimerEvent: {}
[36.426116] (hiveflight_interfaces) StdoutLine: {'line': b'-- Installing: /mnt/c/work/ubuntu_work/HiveFlight/ros2_ws/install/include/hiveflight_interfaces/hiveflight_interfaces/msg\n'}
[36.474873] (hiveflight_interfaces) StdoutLine: {'line': b'-- Installing: /mnt/c/work/ubuntu_work/HiveFlight/ros2_ws/install/include/hiveflight_interfaces/hiveflight_interfaces/msg/detail\n'}
[36.516419] (-) TimerEvent: {}
[36.597534] (hiveflight_interfaces) StdoutLine: {'line': b'-- Installing: /mnt/c/work/ubuntu_work/HiveFlight/ros2_ws/install/include/hiveflight_interfaces/hiveflight_interfaces/msg/detail/drone_message__functions.c\n'}
[36.616602] (-) TimerEvent: {}
[36.718269] (-) TimerEvent: {}
[36.762327] (hiveflight_interfaces) StdoutLine: {'line': b'-- Installing: /mnt/c/work/ubuntu_work/HiveFlight/ros2_ws/install/include/hiveflight_interfaces/hiveflight_interfaces/msg/detail/drone_message__functions.h\n'}
[36.818506] (-) TimerEvent: {}
[36.911921] (hiveflight_interfaces) StdoutLine: {'line': b'-- Installing: /mnt/c/work/ubuntu_work/HiveFlight/ros2_ws/install/include/hiveflight_interfaces/hiveflight_interfaces/msg/detail/drone_message__struct.h\n'}
[36.918614] (-) TimerEvent: {}
[37.019927] (-) TimerEvent: {}
[37.062778] (hiveflight_interfaces) StdoutLine: {'line': b'-- Installing: /mnt/c/work/ubuntu_work/HiveFlight/ros2_ws/install/include/hiveflight_interfaces/hiveflight_interfaces/msg/detail/drone_message__type_support.h\n'}
[37.120129] (-) TimerEvent: {}
[37.204339] (hiveflight_interfaces) StdoutLine: {'line': b'-- Installing: /mnt/c/work/ubuntu_work/HiveFlight/ros2_ws/install/include/hiveflight_interfaces/hiveflight_interfaces/msg/drone_message.h\n'}
[37.220280] (-) TimerEvent: {}
[37.321099] (-) TimerEvent: {}
[37.330331] (hiveflight_interfaces) StdoutLine: {'line': b'-- Installing: /mnt/c/work/ubuntu_work/HiveFlight/ros2_ws/install/include/hiveflight_interfaces/hiveflight_interfaces/msg/rosidl_generator_c__visibility_control.h\n'}
[37.421326] (-) TimerEvent: {}
[37.461564] (hiveflight_interfaces) StdoutLine: {'line': b'-- Installing: /mnt/c/work/ubuntu_work/HiveFlight/ros2_ws/install/share/hiveflight_interfaces/environment/library_path.sh\n'}
[37.521556] (-) TimerEvent: {}
[37.550895] (hiveflight_interfaces) StdoutLine: {'line': b'-- Installing: /mnt/c/work/ubuntu_work/HiveFlight/ros2_ws/install/share/hiveflight_interfaces/environment/library_path.dsv\n'}
[37.621752] (-) TimerEvent: {}
[37.696909] (hiveflight_interfaces) StdoutLine: {'line': b'-- Installing: /mnt/c/work/ubuntu_work/HiveFlight/ros2_ws/install/lib/libhiveflight_interfaces__rosidl_generator_c.so\n'}
[37.721973] (-) TimerEvent: {}
[37.823007] (-) TimerEvent: {}
[37.878958] (hiveflight_interfaces) StdoutLine: {'line': b'-- Set runtime path of "/mnt/c/work/ubuntu_work/HiveFlight/ros2_ws/install/lib/libhiveflight_interfaces__rosidl_generator_c.so" to ""\n'}
[37.897660] (hiveflight_interfaces) StdoutLine: {'line': b'-- Up-to-date: /mnt/c/work/ubuntu_work/HiveFlight/ros2_ws/install/include/hiveflight_interfaces/hiveflight_interfaces\n'}
[37.923230] (-) TimerEvent: {}
[37.930972] (hiveflight_interfaces) StdoutLine: {'line': b'-- Up-to-date: /mnt/c/work/ubuntu_work/HiveFlight/ros2_ws/install/include/hiveflight_interfaces/hiveflight_interfaces/msg\n'}
[37.969654] (hiveflight_interfaces) StdoutLine: {'line': b'-- Up-to-date: /mnt/c/work/ubuntu_work/HiveFlight/ros2_ws/install/include/hiveflight_interfaces/hiveflight_interfaces/msg/detail\n'}
[38.019866] (hiveflight_interfaces) StdoutLine: {'line': b'-- Installing: /mnt/c/work/ubuntu_work/HiveFlight/ros2_ws/install/include/hiveflight_interfaces/hiveflight_interfaces/msg/detail/drone_message__rosidl_typesupport_fastrtps_c.h\n'}
[38.023356] (-) TimerEvent: {}
[38.124051] (-) TimerEvent: {}
[38.150123] (hiveflight_interfaces) StdoutLine: {'line': b'-- Installing: /mnt/c/work/ubuntu_work/HiveFlight/ros2_ws/install/include/hiveflight_interfaces/hiveflight_interfaces/msg/rosidl_typesupport_fastrtps_c__visibility_control.h\n'}
[38.224419] (-) TimerEvent: {}
[38.314786] (hiveflight_interfaces) StdoutLine: {'line': b'-- Installing: /mnt/c/work/ubuntu_work/HiveFlight/ros2_ws/install/lib/libhiveflight_interfaces__rosidl_typesupport_fastrtps_c.so\n'}
[38.324537] (-) TimerEvent: {}
[38.425320] (-) TimerEvent: {}
[38.458062] (hiveflight_interfaces) StdoutLine: {'line': b'-- Set runtime path of "/mnt/c/work/ubuntu_work/HiveFlight/ros2_ws/install/lib/libhiveflight_interfaces__rosidl_typesupport_fastrtps_c.so" to ""\n'}
[38.473039] (hiveflight_interfaces) StdoutLine: {'line': b'-- Up-to-date: /mnt/c/work/ubuntu_work/HiveFlight/ros2_ws/install/include/hiveflight_interfaces/hiveflight_interfaces\n'}
[38.508954] (hiveflight_interfaces) StdoutLine: {'line': b'-- Up-to-date: /mnt/c/work/ubuntu_work/HiveFlight/ros2_ws/install/include/hiveflight_interfaces/hiveflight_interfaces/msg\n'}
[38.525475] (-) TimerEvent: {}
[38.553831] (hiveflight_interfaces) StdoutLine: {'line': b'-- Up-to-date: /mnt/c/work/ubuntu_work/HiveFlight/ros2_ws/install/include/hiveflight_interfaces/hiveflight_interfaces/msg/detail\n'}
[38.611972] (hiveflight_interfaces) StdoutLine: {'line': b'-- Installing: /mnt/c/work/ubuntu_work/HiveFlight/ros2_ws/install/include/hiveflight_interfaces/hiveflight_interfaces/msg/detail/drone_message__builder.hpp\n'}
[38.625756] (-) TimerEvent: {}
[38.726720] (-) TimerEvent: {}
[38.758590] (hiveflight_interfaces) StdoutLine: {'line': b'-- Installing: /mnt/c/work/ubuntu_work/HiveFlight/ros2_ws/install/include/hiveflight_interfaces/hiveflight_interfaces/msg/detail/drone_message__struct.hpp\n'}
[38.826973] (-) TimerEvent: {}
[38.928511] (-) TimerEvent: {}
[38.954689] (hiveflight_interfaces) StdoutLine: {'line': b'-- Installing: /mnt/c/work/ubuntu_work/HiveFlight/ros2_ws/install/include/hiveflight_interfaces/hiveflight_interfaces/msg/detail/drone_message__traits.hpp\n'}
[39.028792] (-) TimerEvent: {}
[39.105462] (hiveflight_interfaces) StdoutLine: {'line': b'-- Installing: /mnt/c/work/ubuntu_work/HiveFlight/ros2_ws/install/include/hiveflight_interfaces/hiveflight_interfaces/msg/detail/drone_message__type_support.hpp\n'}
[39.129010] (-) TimerEvent: {}
[39.230269] (-) TimerEvent: {}
[39.265709] (hiveflight_interfaces) StdoutLine: {'line': b'-- Installing: /mnt/c/work/ubuntu_work/HiveFlight/ros2_ws/install/include/hiveflight_interfaces/hiveflight_interfaces/msg/drone_message.hpp\n'}
[39.330483] (-) TimerEvent: {}
[39.398118] (hiveflight_interfaces) StdoutLine: {'line': b'-- Installing: /mnt/c/work/ubuntu_work/HiveFlight/ros2_ws/install/include/hiveflight_interfaces/hiveflight_interfaces/msg/rosidl_generator_cpp__visibility_control.hpp\n'}
[39.430730] (-) TimerEvent: {}
[39.519902] (hiveflight_interfaces) StdoutLine: {'line': b'-- Up-to-date: /mnt/c/work/ubuntu_work/HiveFlight/ros2_ws/install/include/hiveflight_interfaces/hiveflight_interfaces\n'}
[39.530860] (-) TimerEvent: {}
[39.553825] (hiveflight_interfaces) StdoutLine: {'line': b'-- Up-to-date: /mnt/c/work/ubuntu_work/HiveFlight/ros2_ws/install/include/hiveflight_interfaces/hiveflight_interfaces/msg\n'}
[39.599802] (hiveflight_interfaces) StdoutLine: {'line': b'-- Up-to-date: /mnt/c/work/ubuntu_work/HiveFlight/ros2_ws/install/include/hiveflight_interfaces/hiveflight_interfaces/msg/detail\n'}
[39.631102] (-) TimerEvent: {}
[39.651357] (hiveflight_interfaces) StdoutLine: {'line': b'-- Installing: /mnt/c/work/ubuntu_work/HiveFlight/ros2_ws/install/include/hiveflight_interfaces/hiveflight_interfaces/msg/detail/dds_fastrtps\n'}
[39.728681] (hiveflight_interfaces) StdoutLine: {'line': b'-- Installing: /mnt/c/work/ubuntu_work/HiveFlight/ros2_ws/install/include/hiveflight_interfaces/hiveflight_interfaces/msg/detail/drone_message__rosidl_typesupport_fastrtps_cpp.hpp\n'}
[39.731205] (-) TimerEvent: {}
[39.832057] (-) TimerEvent: {}
[39.868153] (hiveflight_interfaces) StdoutLine: {'line': b'-- Installing: /mnt/c/work/ubuntu_work/HiveFlight/ros2_ws/install/include/hiveflight_interfaces/hiveflight_interfaces/msg/rosidl_typesupport_fastrtps_cpp__visibility_control.h\n'}
[39.932307] (-) TimerEvent: {}
[39.990841] (hiveflight_interfaces) StdoutLine: {'line': b'-- Installing: /mnt/c/work/ubuntu_work/HiveFlight/ros2_ws/install/lib/libhiveflight_interfaces__rosidl_typesupport_fastrtps_cpp.so\n'}
[40.032583] (-) TimerEvent: {}
[40.133589] (-) TimerEvent: {}
[40.149883] (hiveflight_interfaces) StdoutLine: {'line': b'-- Set runtime path of "/mnt/c/work/ubuntu_work/HiveFlight/ros2_ws/install/lib/libhiveflight_interfaces__rosidl_typesupport_fastrtps_cpp.so" to ""\n'}
[40.165269] (hiveflight_interfaces) StdoutLine: {'line': b'-- Up-to-date: /mnt/c/work/ubuntu_work/HiveFlight/ros2_ws/install/include/hiveflight_interfaces/hiveflight_interfaces\n'}
[40.201686] (hiveflight_interfaces) StdoutLine: {'line': b'-- Up-to-date: /mnt/c/work/ubuntu_work/HiveFlight/ros2_ws/install/include/hiveflight_interfaces/hiveflight_interfaces/msg\n'}
[40.233802] (-) TimerEvent: {}
[40.243460] (hiveflight_interfaces) StdoutLine: {'line': b'-- Up-to-date: /mnt/c/work/ubuntu_work/HiveFlight/ros2_ws/install/include/hiveflight_interfaces/hiveflight_interfaces/msg/detail\n'}
[40.300444] (hiveflight_interfaces) StdoutLine: {'line': b'-- Installing: /mnt/c/work/ubuntu_work/HiveFlight/ros2_ws/install/include/hiveflight_interfaces/hiveflight_interfaces/msg/detail/drone_message__rosidl_typesupport_introspection_c.h\n'}
[40.334010] (-) TimerEvent: {}
[40.434935] (-) TimerEvent: {}
[40.446335] (hiveflight_interfaces) StdoutLine: {'line': b'-- Installing: /mnt/c/work/ubuntu_work/HiveFlight/ros2_ws/install/include/hiveflight_interfaces/hiveflight_interfaces/msg/detail/drone_message__type_support.c\n'}
[40.535181] (-) TimerEvent: {}
[40.595408] (hiveflight_interfaces) StdoutLine: {'line': b'-- Installing: /mnt/c/work/ubuntu_work/HiveFlight/ros2_ws/install/include/hiveflight_interfaces/hiveflight_interfaces/msg/rosidl_typesupport_introspection_c__visibility_control.h\n'}
[40.635340] (-) TimerEvent: {}
[40.710711] (hiveflight_interfaces) StdoutLine: {'line': b'-- Installing: /mnt/c/work/ubuntu_work/HiveFlight/ros2_ws/install/lib/libhiveflight_interfaces__rosidl_typesupport_introspection_c.so\n'}
[40.735579] (-) TimerEvent: {}
[40.836573] (-) TimerEvent: {}
[40.845937] (hiveflight_interfaces) StdoutLine: {'line': b'-- Set runtime path of "/mnt/c/work/ubuntu_work/HiveFlight/ros2_ws/install/lib/libhiveflight_interfaces__rosidl_typesupport_introspection_c.so" to ""\n'}
[40.865638] (hiveflight_interfaces) StdoutLine: {'line': b'-- Installing: /mnt/c/work/ubuntu_work/HiveFlight/ros2_ws/install/lib/libhiveflight_interfaces__rosidl_typesupport_c.so\n'}
[40.936812] (-) TimerEvent: {}
[41.000313] (hiveflight_interfaces) StdoutLine: {'line': b'-- Set runtime path of "/mnt/c/work/ubuntu_work/HiveFlight/ros2_ws/install/lib/libhiveflight_interfaces__rosidl_typesupport_c.so" to ""\n'}
[41.015027] (hiveflight_interfaces) StdoutLine: {'line': b'-- Up-to-date: /mnt/c/work/ubuntu_work/HiveFlight/ros2_ws/install/include/hiveflight_interfaces/hiveflight_interfaces\n'}
[41.036974] (-) TimerEvent: {}
[41.050029] (hiveflight_interfaces) StdoutLine: {'line': b'-- Up-to-date: /mnt/c/work/ubuntu_work/HiveFlight/ros2_ws/install/include/hiveflight_interfaces/hiveflight_interfaces/msg\n'}
[41.091632] (hiveflight_interfaces) StdoutLine: {'line': b'-- Up-to-date: /mnt/c/work/ubuntu_work/HiveFlight/ros2_ws/install/include/hiveflight_interfaces/hiveflight_interfaces/msg/detail\n'}
[41.137169] (-) TimerEvent: {}
[41.145991] (hiveflight_interfaces) StdoutLine: {'line': b'-- Installing: /mnt/c/work/ubuntu_work/HiveFlight/ros2_ws/install/include/hiveflight_interfaces/hiveflight_interfaces/msg/detail/drone_message__rosidl_typesupport_introspection_cpp.hpp\n'}
[41.237453] (-) TimerEvent: {}
[41.291664] (hiveflight_interfaces) StdoutLine: {'line': b'-- Installing: /mnt/c/work/ubuntu_work/HiveFlight/ros2_ws/install/include/hiveflight_interfaces/hiveflight_interfaces/msg/detail/drone_message__type_support.cpp\n'}
[41.337634] (-) TimerEvent: {}
[41.426351] (hiveflight_interfaces) StdoutLine: {'line': b'-- Installing: /mnt/c/work/ubuntu_work/HiveFlight/ros2_ws/install/lib/libhiveflight_interfaces__rosidl_typesupport_introspection_cpp.so\n'}
[41.437769] (-) TimerEvent: {}
[41.538524] (-) TimerEvent: {}
[41.552577] (hiveflight_interfaces) StdoutLine: {'line': b'-- Set runtime path of "/mnt/c/work/ubuntu_work/HiveFlight/ros2_ws/install/lib/libhiveflight_interfaces__rosidl_typesupport_introspection_cpp.so" to ""\n'}
[41.573103] (hiveflight_interfaces) StdoutLine: {'line': b'-- Installing: /mnt/c/work/ubuntu_work/HiveFlight/ros2_ws/install/lib/libhiveflight_interfaces__rosidl_typesupport_cpp.so\n'}
[41.638768] (-) TimerEvent: {}
[41.719673] (hiveflight_interfaces) StdoutLine: {'line': b'-- Set runtime path of "/mnt/c/work/ubuntu_work/HiveFlight/ros2_ws/install/lib/libhiveflight_interfaces__rosidl_typesupport_cpp.so" to ""\n'}
[41.738926] (-) TimerEvent: {}
[41.746120] (hiveflight_interfaces) StdoutLine: {'line': b'-- Installing: /mnt/c/work/ubuntu_work/HiveFlight/ros2_ws/install/share/hiveflight_interfaces/environment/pythonpath.sh\n'}
[41.839183] (-) TimerEvent: {}
[41.896165] (hiveflight_interfaces) StdoutLine: {'line': b'-- Installing: /mnt/c/work/ubuntu_work/HiveFlight/ros2_ws/install/share/hiveflight_interfaces/environment/pythonpath.dsv\n'}
[41.939506] (-) TimerEvent: {}
[42.028850] (hiveflight_interfaces) StdoutLine: {'line': b'-- Installing: /mnt/c/work/ubuntu_work/HiveFlight/ros2_ws/install/local/lib/python3.10/dist-packages/hiveflight_interfaces-0.0.1-py3.10.egg-info\n'}
[42.039617] (-) TimerEvent: {}
[42.089777] (hiveflight_interfaces) StdoutLine: {'line': b'-- Installing: /mnt/c/work/ubuntu_work/HiveFlight/ros2_ws/install/local/lib/python3.10/dist-packages/hiveflight_interfaces-0.0.1-py3.10.egg-info/dependency_links.txt\n'}
[42.139853] (-) TimerEvent: {}
[42.229912] (hiveflight_interfaces) StdoutLine: {'line': b'-- Installing: /mnt/c/work/ubuntu_work/HiveFlight/ros2_ws/install/local/lib/python3.10/dist-packages/hiveflight_interfaces-0.0.1-py3.10.egg-info/PKG-INFO\n'}
[42.239976] (-) TimerEvent: {}
[42.340773] (-) TimerEvent: {}
[42.369741] (hiveflight_interfaces) StdoutLine: {'line': b'-- Installing: /mnt/c/work/ubuntu_work/HiveFlight/ros2_ws/install/local/lib/python3.10/dist-packages/hiveflight_interfaces-0.0.1-py3.10.egg-info/SOURCES.txt\n'}
[42.441015] (-) TimerEvent: {}
[42.508529] (hiveflight_interfaces) StdoutLine: {'line': b'-- Installing: /mnt/c/work/ubuntu_work/HiveFlight/ros2_ws/install/local/lib/python3.10/dist-packages/hiveflight_interfaces-0.0.1-py3.10.egg-info/top_level.txt\n'}
[42.541197] (-) TimerEvent: {}
[42.642405] (-) TimerEvent: {}
[42.743869] (-) TimerEvent: {}
[42.780453] (hiveflight_interfaces) StdoutLine: {'line': b'-- Installing: /mnt/c/work/ubuntu_work/HiveFlight/ros2_ws/install/local/lib/python3.10/dist-packages/hiveflight_interfaces\n'}
[42.844106] (-) TimerEvent: {}
[42.861486] (hiveflight_interfaces) StdoutLine: {'line': b'-- Installing: /mnt/c/work/ubuntu_work/HiveFlight/ros2_ws/install/local/lib/python3.10/dist-packages/hiveflight_interfaces/hiveflight_interfaces_s__rosidl_typesupport_c.cpython-310-x86_64-linux-gnu.so\n'}
[42.944346] (-) TimerEvent: {}
[43.000120] (hiveflight_interfaces) StdoutLine: {'line': b'-- Installing: /mnt/c/work/ubuntu_work/HiveFlight/ros2_ws/install/local/lib/python3.10/dist-packages/hiveflight_interfaces/hiveflight_interfaces_s__rosidl_typesupport_fastrtps_c.cpython-310-x86_64-linux-gnu.so\n'}
[43.044579] (-) TimerEvent: {}
[43.145707] (-) TimerEvent: {}
[43.179180] (hiveflight_interfaces) StdoutLine: {'line': b'-- Installing: /mnt/c/work/ubuntu_work/HiveFlight/ros2_ws/install/local/lib/python3.10/dist-packages/hiveflight_interfaces/hiveflight_interfaces_s__rosidl_typesupport_introspection_c.cpython-310-x86_64-linux-gnu.so\n'}
[43.245935] (-) TimerEvent: {}
[43.346972] (-) TimerEvent: {}
[43.357941] (hiveflight_interfaces) StdoutLine: {'line': b'-- Installing: /mnt/c/work/ubuntu_work/HiveFlight/ros2_ws/install/local/lib/python3.10/dist-packages/hiveflight_interfaces/libhiveflight_interfaces__rosidl_generator_py.so\n'}
[43.447206] (-) TimerEvent: {}
[43.488872] (hiveflight_interfaces) StdoutLine: {'line': b'-- Installing: /mnt/c/work/ubuntu_work/HiveFlight/ros2_ws/install/local/lib/python3.10/dist-packages/hiveflight_interfaces/msg\n'}
[43.547434] (-) TimerEvent: {}
[43.561688] (hiveflight_interfaces) StdoutLine: {'line': b'-- Installing: /mnt/c/work/ubuntu_work/HiveFlight/ros2_ws/install/local/lib/python3.10/dist-packages/hiveflight_interfaces/msg/_drone_message.py\n'}
[43.647681] (-) TimerEvent: {}
[43.748630] (-) TimerEvent: {}
[43.754804] (hiveflight_interfaces) StdoutLine: {'line': b'-- Installing: /mnt/c/work/ubuntu_work/HiveFlight/ros2_ws/install/local/lib/python3.10/dist-packages/hiveflight_interfaces/msg/_drone_message_s.c\n'}
[43.848870] (-) TimerEvent: {}
[43.923958] (hiveflight_interfaces) StdoutLine: {'line': b'-- Installing: /mnt/c/work/ubuntu_work/HiveFlight/ros2_ws/install/local/lib/python3.10/dist-packages/hiveflight_interfaces/msg/__init__.py\n'}
[43.949072] (-) TimerEvent: {}
[44.049900] (-) TimerEvent: {}
[44.071642] (hiveflight_interfaces) StdoutLine: {'line': b'-- Installing: /mnt/c/work/ubuntu_work/HiveFlight/ros2_ws/install/local/lib/python3.10/dist-packages/hiveflight_interfaces/_hiveflight_interfaces_s.ep.rosidl_typesupport_c.c\n'}
[44.150155] (-) TimerEvent: {}
[44.201922] (hiveflight_interfaces) StdoutLine: {'line': b'-- Installing: /mnt/c/work/ubuntu_work/HiveFlight/ros2_ws/install/local/lib/python3.10/dist-packages/hiveflight_interfaces/_hiveflight_interfaces_s.ep.rosidl_typesupport_fastrtps_c.c\n'}
[44.250395] (-) TimerEvent: {}
[44.341877] (hiveflight_interfaces) StdoutLine: {'line': b'-- Installing: /mnt/c/work/ubuntu_work/HiveFlight/ros2_ws/install/local/lib/python3.10/dist-packages/hiveflight_interfaces/_hiveflight_interfaces_s.ep.rosidl_typesupport_introspection_c.c\n'}
[44.350526] (-) TimerEvent: {}
[44.451460] (-) TimerEvent: {}
[44.483506] (hiveflight_interfaces) StdoutLine: {'line': b'-- Installing: /mnt/c/work/ubuntu_work/HiveFlight/ros2_ws/install/local/lib/python3.10/dist-packages/hiveflight_interfaces/__init__.py\n'}
[44.551693] (-) TimerEvent: {}
[44.652665] (-) TimerEvent: {}
[44.764580] (-) TimerEvent: {}
[44.865665] (-) TimerEvent: {}
[44.966829] (-) TimerEvent: {}
[45.067970] (-) TimerEvent: {}
[45.168770] (-) TimerEvent: {}
[45.269730] (-) TimerEvent: {}
[45.371049] (-) TimerEvent: {}
[45.472798] (-) TimerEvent: {}
[45.539021] (hiveflight_interfaces) StdoutLine: {'line': b"Listing '/mnt/c/work/ubuntu_work/HiveFlight/ros2_ws/install/local/lib/python3.10/dist-packages/hiveflight_interfaces'...\n"}
[45.540862] (hiveflight_interfaces) StdoutLine: {'line': b"Compiling '/mnt/c/work/ubuntu_work/HiveFlight/ros2_ws/install/local/lib/python3.10/dist-packages/hiveflight_interfaces/__init__.py'...\n"}
[45.543312] (hiveflight_interfaces) StdoutLine: {'line': b"Listing '/mnt/c/work/ubuntu_work/HiveFlight/ros2_ws/install/local/lib/python3.10/dist-packages/hiveflight_interfaces/msg'...\n"}
[45.546120] (hiveflight_interfaces) StdoutLine: {'line': b"Compiling '/mnt/c/work/ubuntu_work/HiveFlight/ros2_ws/install/local/lib/python3.10/dist-packages/hiveflight_interfaces/msg/__init__.py'...\n"}
[45.548224] (hiveflight_interfaces) StdoutLine: {'line': b"Compiling '/mnt/c/work/ubuntu_work/HiveFlight/ros2_ws/install/local/lib/python3.10/dist-packages/hiveflight_interfaces/msg/_drone_message.py'...\n"}
[45.573076] (-) TimerEvent: {}
[45.674235] (-) TimerEvent: {}
[45.676878] (hiveflight_interfaces) StdoutLine: {'line': b'-- Installing: /mnt/c/work/ubuntu_work/HiveFlight/ros2_ws/install/local/lib/python3.10/dist-packages/hiveflight_interfaces/hiveflight_interfaces_s__rosidl_typesupport_fastrtps_c.cpython-310-x86_64-linux-gnu.so\n'}
[45.774436] (-) TimerEvent: {}
[45.875434] (-) TimerEvent: {}
[45.916697] (hiveflight_interfaces) StdoutLine: {'line': b'-- Set runtime path of "/mnt/c/work/ubuntu_work/HiveFlight/ros2_ws/install/local/lib/python3.10/dist-packages/hiveflight_interfaces/hiveflight_interfaces_s__rosidl_typesupport_fastrtps_c.cpython-310-x86_64-linux-gnu.so" to ""\n'}
[45.975675] (-) TimerEvent: {}
[46.061200] (hiveflight_interfaces) StdoutLine: {'line': b'-- Installing: /mnt/c/work/ubuntu_work/HiveFlight/ros2_ws/install/local/lib/python3.10/dist-packages/hiveflight_interfaces/hiveflight_interfaces_s__rosidl_typesupport_introspection_c.cpython-310-x86_64-linux-gnu.so\n'}
[46.075805] (-) TimerEvent: {}
[46.176674] (-) TimerEvent: {}
[46.276804] (hiveflight_interfaces) StdoutLine: {'line': b'-- Set runtime path of "/mnt/c/work/ubuntu_work/HiveFlight/ros2_ws/install/local/lib/python3.10/dist-packages/hiveflight_interfaces/hiveflight_interfaces_s__rosidl_typesupport_introspection_c.cpython-310-x86_64-linux-gnu.so" to ""\n'}
[46.278447] (-) TimerEvent: {}
[46.377644] (hiveflight_interfaces) StdoutLine: {'line': b'-- Installing: /mnt/c/work/ubuntu_work/HiveFlight/ros2_ws/install/local/lib/python3.10/dist-packages/hiveflight_interfaces/hiveflight_interfaces_s__rosidl_typesupport_c.cpython-310-x86_64-linux-gnu.so\n'}
[46.379271] (-) TimerEvent: {}
[46.480043] (-) TimerEvent: {}
[46.580960] (-) TimerEvent: {}
[46.592868] (hiveflight_interfaces) StdoutLine: {'line': b'-- Set runtime path of "/mnt/c/work/ubuntu_work/HiveFlight/ros2_ws/install/local/lib/python3.10/dist-packages/hiveflight_interfaces/hiveflight_interfaces_s__rosidl_typesupport_c.cpython-310-x86_64-linux-gnu.so" to ""\n'}
[46.624254] (hiveflight_interfaces) StdoutLine: {'line': b'-- Installing: /mnt/c/work/ubuntu_work/HiveFlight/ros2_ws/install/lib/libhiveflight_interfaces__rosidl_generator_py.so\n'}
[46.681232] (-) TimerEvent: {}
[46.772185] (hiveflight_interfaces) StdoutLine: {'line': b'-- Set runtime path of "/mnt/c/work/ubuntu_work/HiveFlight/ros2_ws/install/lib/libhiveflight_interfaces__rosidl_generator_py.so" to ""\n'}
[46.781396] (-) TimerEvent: {}
[46.829722] (hiveflight_interfaces) StdoutLine: {'line': b'-- Installing: /mnt/c/work/ubuntu_work/HiveFlight/ros2_ws/install/share/ament_index/resource_index/rust_packages/hiveflight_interfaces\n'}
[46.881612] (-) TimerEvent: {}
[46.951878] (hiveflight_interfaces) StdoutLine: {'line': b'-- Installing: /mnt/c/work/ubuntu_work/HiveFlight/ros2_ws/install/share/hiveflight_interfaces/rust\n'}
[46.981804] (-) TimerEvent: {}
[46.998775] (hiveflight_interfaces) StdoutLine: {'line': b'-- Installing: /mnt/c/work/ubuntu_work/HiveFlight/ros2_ws/install/share/hiveflight_interfaces/rust/build.rs\n'}
[47.082032] (-) TimerEvent: {}
[47.112506] (hiveflight_interfaces) StdoutLine: {'line': b'-- Installing: /mnt/c/work/ubuntu_work/HiveFlight/ros2_ws/install/share/hiveflight_interfaces/rust/Cargo.toml\n'}
[47.182256] (-) TimerEvent: {}
[47.215642] (hiveflight_interfaces) StdoutLine: {'line': b'-- Installing: /mnt/c/work/ubuntu_work/HiveFlight/ros2_ws/install/share/hiveflight_interfaces/rust/src\n'}
[47.281662] (hiveflight_interfaces) StdoutLine: {'line': b'-- Installing: /mnt/c/work/ubuntu_work/HiveFlight/ros2_ws/install/share/hiveflight_interfaces/rust/src/lib.rs\n'}
[47.283346] (-) TimerEvent: {}
[47.384128] (-) TimerEvent: {}
[47.448439] (hiveflight_interfaces) StdoutLine: {'line': b'-- Installing: /mnt/c/work/ubuntu_work/HiveFlight/ros2_ws/install/share/hiveflight_interfaces/rust/src/msg\n'}
[47.484413] (-) TimerEvent: {}
[47.540299] (hiveflight_interfaces) StdoutLine: {'line': b'-- Installing: /mnt/c/work/ubuntu_work/HiveFlight/ros2_ws/install/share/hiveflight_interfaces/rust/src/msg/rmw.rs\n'}
[47.584631] (-) TimerEvent: {}
[47.685723] (-) TimerEvent: {}
[47.691168] (hiveflight_interfaces) StdoutLine: {'line': b'-- Installing: /mnt/c/work/ubuntu_work/HiveFlight/ros2_ws/install/share/hiveflight_interfaces/rust/src/msg.rs\n'}
[47.785929] (-) TimerEvent: {}
[47.832490] (hiveflight_interfaces) StdoutLine: {'line': b'-- Installing: /mnt/c/work/ubuntu_work/HiveFlight/ros2_ws/install/share/hiveflight_interfaces/msg/DroneMessage.idl\n'}
[47.886185] (-) TimerEvent: {}
[47.954401] (hiveflight_interfaces) StdoutLine: {'line': b'-- Installing: /mnt/c/work/ubuntu_work/HiveFlight/ros2_ws/install/share/hiveflight_interfaces/msg/DroneMessage.msg\n'}
[47.986378] (-) TimerEvent: {}
[48.087288] (-) TimerEvent: {}
[48.097034] (hiveflight_interfaces) StdoutLine: {'line': b'-- Installing: /mnt/c/work/ubuntu_work/HiveFlight/ros2_ws/install/share/ament_index/resource_index/package_run_dependencies/hiveflight_interfaces\n'}
[48.187511] (-) TimerEvent: {}
[48.264210] (hiveflight_interfaces) StdoutLine: {'line': b'-- Installing: /mnt/c/work/ubuntu_work/HiveFlight/ros2_ws/install/share/ament_index/resource_index/parent_prefix_path/hiveflight_interfaces\n'}
[48.287681] (-) TimerEvent: {}
[48.385804] (hiveflight_interfaces) StdoutLine: {'line': b'-- Installing: /mnt/c/work/ubuntu_work/HiveFlight/ros2_ws/install/share/hiveflight_interfaces/environment/ament_prefix_path.sh\n'}
[48.387801] (-) TimerEvent: {}
[48.471450] (hiveflight_interfaces) StdoutLine: {'line': b'-- Installing: /mnt/c/work/ubuntu_work/HiveFlight/ros2_ws/install/share/hiveflight_interfaces/environment/ament_prefix_path.dsv\n'}
[48.487973] (-) TimerEvent: {}
[48.565264] (hiveflight_interfaces) StdoutLine: {'line': b'-- Installing: /mnt/c/work/ubuntu_work/HiveFlight/ros2_ws/install/share/hiveflight_interfaces/environment/path.sh\n'}
[48.588180] (-) TimerEvent: {}
[48.656100] (hiveflight_interfaces) StdoutLine: {'line': b'-- Installing: /mnt/c/work/ubuntu_work/HiveFlight/ros2_ws/install/share/hiveflight_interfaces/environment/path.dsv\n'}
[48.688388] (-) TimerEvent: {}
[48.760430] (hiveflight_interfaces) StdoutLine: {'line': b'-- Installing: /mnt/c/work/ubuntu_work/HiveFlight/ros2_ws/install/share/hiveflight_interfaces/local_setup.bash\n'}
[48.789615] (-) TimerEvent: {}
[48.877282] (hiveflight_interfaces) StdoutLine: {'line': b'-- Installing: /mnt/c/work/ubuntu_work/HiveFlight/ros2_ws/install/share/hiveflight_interfaces/local_setup.sh\n'}
[48.889812] (-) TimerEvent: {}
[48.967231] (hiveflight_interfaces) StdoutLine: {'line': b'-- Installing: /mnt/c/work/ubuntu_work/HiveFlight/ros2_ws/install/share/hiveflight_interfaces/local_setup.zsh\n'}
[48.990016] (-) TimerEvent: {}
[49.054774] (hiveflight_interfaces) StdoutLine: {'line': b'-- Installing: /mnt/c/work/ubuntu_work/HiveFlight/ros2_ws/install/share/hiveflight_interfaces/local_setup.dsv\n'}
[49.090223] (-) TimerEvent: {}
[49.141861] (hiveflight_interfaces) StdoutLine: {'line': b'-- Installing: /mnt/c/work/ubuntu_work/HiveFlight/ros2_ws/install/share/hiveflight_interfaces/package.dsv\n'}
[49.190429] (-) TimerEvent: {}
[49.263680] (hiveflight_interfaces) StdoutLine: {'line': b'-- Installing: /mnt/c/work/ubuntu_work/HiveFlight/ros2_ws/install/share/ament_index/resource_index/packages/hiveflight_interfaces\n'}
[49.290620] (-) TimerEvent: {}
[49.391480] (-) TimerEvent: {}
[49.423381] (hiveflight_interfaces) StdoutLine: {'line': b'-- Installing: /mnt/c/work/ubuntu_work/HiveFlight/ros2_ws/install/share/hiveflight_interfaces/cmake/export_hiveflight_interfaces__rosidl_generator_cExport.cmake\n'}
[49.491697] (-) TimerEvent: {}
[49.561833] (hiveflight_interfaces) StdoutLine: {'line': b'-- Installing: /mnt/c/work/ubuntu_work/HiveFlight/ros2_ws/install/share/hiveflight_interfaces/cmake/export_hiveflight_interfaces__rosidl_generator_cExport-noconfig.cmake\n'}
[49.591918] (-) TimerEvent: {}
[49.692926] (-) TimerEvent: {}
[49.701736] (hiveflight_interfaces) StdoutLine: {'line': b'-- Installing: /mnt/c/work/ubuntu_work/HiveFlight/ros2_ws/install/share/hiveflight_interfaces/cmake/export_hiveflight_interfaces__rosidl_typesupport_fastrtps_cExport.cmake\n'}
[49.793222] (-) TimerEvent: {}
[49.894464] (-) TimerEvent: {}
[49.895292] (hiveflight_interfaces) StdoutLine: {'line': b'-- Installing: /mnt/c/work/ubuntu_work/HiveFlight/ros2_ws/install/share/hiveflight_interfaces/cmake/export_hiveflight_interfaces__rosidl_typesupport_fastrtps_cExport-noconfig.cmake\n'}
[49.994666] (-) TimerEvent: {}
[50.040840] (hiveflight_interfaces) StdoutLine: {'line': b'-- Installing: /mnt/c/work/ubuntu_work/HiveFlight/ros2_ws/install/share/hiveflight_interfaces/cmake/export_hiveflight_interfaces__rosidl_generator_cppExport.cmake\n'}
[50.094950] (-) TimerEvent: {}
[50.184772] (hiveflight_interfaces) StdoutLine: {'line': b'-- Installing: /mnt/c/work/ubuntu_work/HiveFlight/ros2_ws/install/share/hiveflight_interfaces/cmake/export_hiveflight_interfaces__rosidl_typesupport_fastrtps_cppExport.cmake\n'}
[50.195076] (-) TimerEvent: {}
[50.295974] (-) TimerEvent: {}
[50.366942] (hiveflight_interfaces) StdoutLine: {'line': b'-- Installing: /mnt/c/work/ubuntu_work/HiveFlight/ros2_ws/install/share/hiveflight_interfaces/cmake/export_hiveflight_interfaces__rosidl_typesupport_fastrtps_cppExport-noconfig.cmake\n'}
[50.396185] (-) TimerEvent: {}
[50.497176] (-) TimerEvent: {}
[50.504733] (hiveflight_interfaces) StdoutLine: {'line': b'-- Installing: /mnt/c/work/ubuntu_work/HiveFlight/ros2_ws/install/share/hiveflight_interfaces/cmake/hiveflight_interfaces__rosidl_typesupport_introspection_cExport.cmake\n'}
[50.597411] (-) TimerEvent: {}
[50.644090] (hiveflight_interfaces) StdoutLine: {'line': b'-- Installing: /mnt/c/work/ubuntu_work/HiveFlight/ros2_ws/install/share/hiveflight_interfaces/cmake/hiveflight_interfaces__rosidl_typesupport_introspection_cExport-noconfig.cmake\n'}
[50.697656] (-) TimerEvent: {}
[50.784095] (hiveflight_interfaces) StdoutLine: {'line': b'-- Installing: /mnt/c/work/ubuntu_work/HiveFlight/ros2_ws/install/share/hiveflight_interfaces/cmake/hiveflight_interfaces__rosidl_typesupport_cExport.cmake\n'}
[50.797784] (-) TimerEvent: {}
[50.898620] (-) TimerEvent: {}
[50.916346] (hiveflight_interfaces) StdoutLine: {'line': b'-- Installing: /mnt/c/work/ubuntu_work/HiveFlight/ros2_ws/install/share/hiveflight_interfaces/cmake/hiveflight_interfaces__rosidl_typesupport_cExport-noconfig.cmake\n'}
[50.998850] (-) TimerEvent: {}
[51.062072] (hiveflight_interfaces) StdoutLine: {'line': b'-- Installing: /mnt/c/work/ubuntu_work/HiveFlight/ros2_ws/install/share/hiveflight_interfaces/cmake/hiveflight_interfaces__rosidl_typesupport_introspection_cppExport.cmake\n'}
[51.099073] (-) TimerEvent: {}
[51.200078] (-) TimerEvent: {}
[51.202814] (hiveflight_interfaces) StdoutLine: {'line': b'-- Installing: /mnt/c/work/ubuntu_work/HiveFlight/ros2_ws/install/share/hiveflight_interfaces/cmake/hiveflight_interfaces__rosidl_typesupport_introspection_cppExport-noconfig.cmake\n'}
[51.300296] (-) TimerEvent: {}
[51.344641] (hiveflight_interfaces) StdoutLine: {'line': b'-- Installing: /mnt/c/work/ubuntu_work/HiveFlight/ros2_ws/install/share/hiveflight_interfaces/cmake/hiveflight_interfaces__rosidl_typesupport_cppExport.cmake\n'}
[51.400503] (-) TimerEvent: {}
[51.486691] (hiveflight_interfaces) StdoutLine: {'line': b'-- Installing: /mnt/c/work/ubuntu_work/HiveFlight/ros2_ws/install/share/hiveflight_interfaces/cmake/hiveflight_interfaces__rosidl_typesupport_cppExport-noconfig.cmake\n'}
[51.500642] (-) TimerEvent: {}
[51.601542] (-) TimerEvent: {}
[51.641515] (hiveflight_interfaces) StdoutLine: {'line': b'-- Installing: /mnt/c/work/ubuntu_work/HiveFlight/ros2_ws/install/share/hiveflight_interfaces/cmake/export_hiveflight_interfaces__rosidl_generator_pyExport.cmake\n'}
[51.701779] (-) TimerEvent: {}
[51.796440] (hiveflight_interfaces) StdoutLine: {'line': b'-- Installing: /mnt/c/work/ubuntu_work/HiveFlight/ros2_ws/install/share/hiveflight_interfaces/cmake/export_hiveflight_interfaces__rosidl_generator_pyExport-noconfig.cmake\n'}
[51.801885] (-) TimerEvent: {}
[51.902618] (-) TimerEvent: {}
[51.912681] (hiveflight_interfaces) StdoutLine: {'line': b'-- Installing: /mnt/c/work/ubuntu_work/HiveFlight/ros2_ws/install/share/hiveflight_interfaces/cmake/rosidl_cmake-extras.cmake\n'}
[52.002824] (-) TimerEvent: {}
[52.013613] (hiveflight_interfaces) StdoutLine: {'line': b'-- Installing: /mnt/c/work/ubuntu_work/HiveFlight/ros2_ws/install/share/hiveflight_interfaces/cmake/ament_cmake_export_dependencies-extras.cmake\n'}
[52.103042] (-) TimerEvent: {}
[52.111848] (hiveflight_interfaces) StdoutLine: {'line': b'-- Installing: /mnt/c/work/ubuntu_work/HiveFlight/ros2_ws/install/share/hiveflight_interfaces/cmake/ament_cmake_export_include_directories-extras.cmake\n'}
[52.203267] (-) TimerEvent: {}
[52.217586] (hiveflight_interfaces) StdoutLine: {'line': b'-- Installing: /mnt/c/work/ubuntu_work/HiveFlight/ros2_ws/install/share/hiveflight_interfaces/cmake/ament_cmake_export_libraries-extras.cmake\n'}
[52.303462] (-) TimerEvent: {}
[52.321532] (hiveflight_interfaces) StdoutLine: {'line': b'-- Installing: /mnt/c/work/ubuntu_work/HiveFlight/ros2_ws/install/share/hiveflight_interfaces/cmake/ament_cmake_export_targets-extras.cmake\n'}
[52.403720] (-) TimerEvent: {}
[52.425118] (hiveflight_interfaces) StdoutLine: {'line': b'-- Installing: /mnt/c/work/ubuntu_work/HiveFlight/ros2_ws/install/share/hiveflight_interfaces/cmake/rosidl_cmake_export_typesupport_targets-extras.cmake\n'}
[52.503915] (-) TimerEvent: {}
[52.527146] (hiveflight_interfaces) StdoutLine: {'line': b'-- Installing: /mnt/c/work/ubuntu_work/HiveFlight/ros2_ws/install/share/hiveflight_interfaces/cmake/rosidl_cmake_export_typesupport_libraries-extras.cmake\n'}
[52.604117] (-) TimerEvent: {}
[52.633965] (hiveflight_interfaces) StdoutLine: {'line': b'-- Installing: /mnt/c/work/ubuntu_work/HiveFlight/ros2_ws/install/share/hiveflight_interfaces/cmake/hiveflight_interfacesConfig.cmake\n'}
[52.704376] (-) TimerEvent: {}
[52.766763] (hiveflight_interfaces) StdoutLine: {'line': b'-- Installing: /mnt/c/work/ubuntu_work/HiveFlight/ros2_ws/install/share/hiveflight_interfaces/cmake/hiveflight_interfacesConfig-version.cmake\n'}
[52.804653] (-) TimerEvent: {}
[52.870611] (hiveflight_interfaces) StdoutLine: {'line': b'-- Installing: /mnt/c/work/ubuntu_work/HiveFlight/ros2_ws/install/share/hiveflight_interfaces/package.xml\n'}
[52.904846] (-) TimerEvent: {}
[52.972320] (hiveflight_interfaces) CommandEnded: {'returncode': 0}
[53.005003] (-) TimerEvent: {}
[53.105747] (-) TimerEvent: {}
[53.206647] (-) TimerEvent: {}
[53.307545] (-) TimerEvent: {}
[53.408470] (-) TimerEvent: {}
[53.509488] (-) TimerEvent: {}
[53.610660] (-) TimerEvent: {}
[53.711792] (-) TimerEvent: {}
[53.812653] (-) TimerEvent: {}
[53.913473] (-) TimerEvent: {}
[54.014391] (-) TimerEvent: {}
[54.115185] (-) TimerEvent: {}
[54.216013] (-) TimerEvent: {}
[54.339041] (-) TimerEvent: {}
[54.439955] (-) TimerEvent: {}
[54.540909] (-) TimerEvent: {}
[54.641884] (-) TimerEvent: {}
[54.742769] (-) TimerEvent: {}
[54.843657] (-) TimerEvent: {}
[54.944649] (-) TimerEvent: {}
[55.045493] (-) TimerEvent: {}
[55.057470] (hiveflight_interfaces) JobEnded: {'identifier': 'hiveflight_interfaces', 'rc': 0}
[55.074138] (hiveflight_sim) JobStarted: {'identifier': 'hiveflight_sim'}
[55.145712] (-) TimerEvent: {}
[55.248345] (-) TimerEvent: {}
[55.349148] (-) TimerEvent: {}
[55.450279] (-) TimerEvent: {}
[55.551229] (-) TimerEvent: {}
[55.609416] (hiveflight_sim) JobProgress: {'identifier': 'hiveflight_sim', 'progress': 'cmake'}
[55.651378] (-) TimerEvent: {}
[55.682784] (hiveflight_sim) Command: {'cmd': ['/usr/bin/cmake', '/mnt/c/work/ubuntu_work/HiveFlight/ros2_ws/src/hiveflight_sim', '-DCMAKE_INSTALL_PREFIX=/mnt/c/work/ubuntu_work/HiveFlight/ros2_ws/install'], 'cwd': '/mnt/c/work/ubuntu_work/HiveFlight/ros2_ws/build/hiveflight_sim', 'env': OrderedDict([('LESSOPEN', '| /usr/bin/lesspipe %s'), ('USER', 'ivano'), ('SHLVL', '2'), ('LD_LIBRARY_PATH', '/mnt/c/work/ubuntu_work/HiveFlight/ros2_ws/install/lib:/usr/lib/x86_64-linux-gnu/gazebo-11/plugins:/home/ivano/hiveflight_ws/install/hiveflight_interfaces/lib:/opt/ros/humble/opt/rviz_ogre_vendor/lib:/opt/ros/humble/lib/x86_64-linux-gnu:/opt/ros/humble/lib'), ('MOTD_SHOWN', 'update-motd'), ('HOME', '/home/ivano'), ('OLDPWD', '/mnt/c/work/ubuntu_work/HiveFlight'), ('ROS_PYTHON_VERSION', '3'), ('DBUS_SESSION_BUS_ADDRESS', 'unix:path=/run/user/1000/bus'), ('WSL_DISTRO_NAME', 'Ubuntu-22.04'), ('WAYLAND_DISPLAY', 'wayland-0'), ('COLCON_PREFIX_PATH', '/mnt/c/work/ubuntu_work/HiveFlight/ros2_ws/install:/home/ivano/hiveflight_ws/install'), ('ROS_DISTRO', 'humble'), ('LOGNAME', 'ivano'), ('NAME', 'LAPTOP-7K9MEH4D'), ('WSL_INTEROP', '/run/WSL/331_interop'), ('PULSE_SERVER', 'unix:/mnt/wslg/PulseServer'), ('_', '/usr/bin/colcon'), ('ROS_VERSION', '2'), ('TERM', 'xterm-256color'), ('ROS_LOCALHOST_ONLY', '0'), ('PATH', '/opt/ros/humble/bin:/usr/local/sbin:/usr/local/bin:/usr/sbin:/usr/bin:/sbin:/bin:/usr/games:/usr/local/games:/usr/lib/wsl/lib:/mnt/c/Users/ivano/AppData/Roaming/Code/User/globalStorage/github.copilot-chat/debugCommand:/mnt/c/Users/ivano/AppData/Roaming/Code/User/globalStorage/github.copilot-chat/copilotCli:/mnt/c/windows/system32:/mnt/c/windows:/mnt/c/windows/System32/Wbem:/mnt/c/windows/System32/WindowsPowerShell/v1.0/:/mnt/c/windows/System32/OpenSSH/:/mnt/c/Program Files/HP/1E.Performance.Assist/Extensibility/NomadBranch:/mnt/c/Program Files/CMake/bin:/mnt/c/Program Files (x86)/Windows Kits/10/Windows Performance Toolkit/:/mnt/c/Program Files/Git/cmd:/mnt/c/windows/system32:/mnt/c/windows:/mnt/c/windows/System32/Wbem:/mnt/c/windows/System32/WindowsPowerShell/v1.0/:/mnt/c/windows/System32/OpenSSH/:/mnt/c/Program Files/HP/1E.Performance.Assist/Extensibility/NomadBranch:/mnt/c/Program Files/CMake/bin:/mnt/c/Program Files (x86)/Windows Kits/10/Windows Performance Toolkit/:/mnt/c/Program Files/Git/cmd:/mnt/c/vcpkg:/mnt/c/Users/ivano/AppData/Local/Programs/Microsoft VS Code/bin:/snap/bin'), ('XDG_RUNTIME_DIR', '/run/user/1000'), ('DISPLAY', ':0'), ('LANG', 'C.UTF-8'), ('LS_COLORS', 'rs=0:di=01;34:ln=01;36:mh=00:pi=40;33:so=01;35:do=01;35:bd=40;33;01:cd=40;33;01:or=40;31;01:mi=00:su=37;41:sg=30;43:ca=30;41:tw=30;42:ow=34;42:st=37;44:ex=01;32:*.tar=01;31:*.tgz=01;31:*.arc=01;31:*.arj=01;31:*.taz=01;31:*.lha=01;31:*.lz4=01;31:*.lzh=01;31:*.lzma=01;31:*.tlz=01;31:*.txz=01;31:*.tzo=01;31:*.t7z=01;31:*.zip=01;31:*.z=01;31:*.dz=01;31:*.gz=01;31:*.lrz=01;31:*.lz=01;31:*.lzo=01;31:*.xz=01;31:*.zst=01;31:*.tzst=01;31:*.bz2=01;31:*.bz=01;31:*.tbz=01;31:*.tbz2=01;31:*.tz=01;31:*.deb=01;31:*.rpm=01;31:*.jar=01;31:*.war=01;31:*.ear=01;31:*.sar=01;31:*.rar=01;31:*.alz=01;31:*.ace=01;31:*.zoo=01;31:*.cpio=01;31:*.7z=01;31:*.rz=01;31:*.cab=01;31:*.wim=01;31:*.swm=01;31:*.dwm=01;31:*.esd=01;31:*.jpg=01;35:*.jpeg=01;35:*.mjpg=01;35:*.mjpeg=01;35:*.gif=01;35:*.bmp=01;35:*.pbm=01;35:*.pgm=01;35:*.ppm=01;35:*.tga=01;35:*.xbm=01;35:*.xpm=01;35:*.tif=01;35:*.tiff=01;35:*.png=01;35:*.svg=01;35:*.svgz=01;35:*.mng=01;35:*.pcx=01;35:*.mov=01;35:*.mpg=01;35:*.mpeg=01;35:*.m2v=01;35:*.mkv=01;35:*.webm=01;35:*.webp=01;35:*.ogm=01;35:*.mp4=01;35:*.m4v=01;35:*.mp4v=01;35:*.vob=01;35:*.qt=01;35:*.nuv=01;35:*.wmv=01;35:*.asf=01;35:*.rm=01;35:*.rmvb=01;35:*.flc=01;35:*.avi=01;35:*.fli=01;35:*.flv=01;35:*.gl=01;35:*.dl=01;35:*.xcf=01;35:*.xwd=01;35:*.yuv=01;35:*.cgm=01;35:*.emf=01;35:*.ogv=01;35:*.ogx=01;35:*.aac=00;36:*.au=00;36:*.flac=00;36:*.m4a=00;36:*.mid=00;36:*.midi=00;36:*.mka=00;36:*.mp3=00;36:*.mpc=00;36:*.ogg=00;36:*.ra=00;36:*.wav=00;36:*.oga=00;36:*.opus=00;36:*.spx=00;36:*.xspf=00;36:'), ('AMENT_PREFIX_PATH', '/mnt/c/work/ubuntu_work/HiveFlight/ros2_ws/install:/home/ivano/hiveflight_ws/install/hiveflight_interfaces:/home/ivano/hiveflight_ws/install/hiveflight:/opt/ros/humble'), ('SHELL', '/bin/bash'), ('LESSCLOSE', '/usr/bin/lesspipe %s %s'), ('PWD', '/mnt/c/work/ubuntu_work/HiveFlight/ros2_ws/build/hiveflight_sim'), ('XDG_DATA_DIRS', '/usr/local/share:/usr/share:/var/lib/snapd/desktop'), ('PYTHONPATH', '/mnt/c/work/ubuntu_work/HiveFlight/ros2_ws/install/local/lib/python3.10/dist-packages:/home/ivano/hiveflight_ws/install/hiveflight_interfaces/local/lib/python3.10/dist-packages:/opt/ros/humble/lib/python3.10/site-packages:/opt/ros/humble/local/lib/python3.10/dist-packages'), ('COLCON', '1'), ('WSL2_GUI_APPS_ENABLED', '1'), ('HOSTTYPE', 'x86_64'), ('CMAKE_PREFIX_PATH', '/mnt/c/work/ubuntu_work/HiveFlight/ros2_ws/install:/home/ivano/hiveflight_ws/install/hiveflight_interfaces:/home/ivano/hiveflight_ws/install/hiveflight:/opt/ros/humble'), ('WSLENV', '')]), 'shell': False}
[55.751506] (-) TimerEvent: {}
[55.852269] (-) TimerEvent: {}
[55.953456] (-) TimerEvent: {}
[56.054504] (-) TimerEvent: {}
[56.155495] (-) TimerEvent: {}
[56.256506] (-) TimerEvent: {}
[56.357513] (-) TimerEvent: {}
[56.458449] (-) TimerEvent: {}
[56.559557] (-) TimerEvent: {}
[56.660620] (-) TimerEvent: {}
[56.754112] (hiveflight_sim) StdoutLine: {'line': b'-- The C compiler identification is GNU 11.4.0\n'}
[56.760875] (-) TimerEvent: {}
[56.861766] (-) TimerEvent: {}
[56.962842] (-) TimerEvent: {}
[57.070613] (-) TimerEvent: {}
[57.171552] (-) TimerEvent: {}
[57.272593] (-) TimerEvent: {}
[57.373572] (-) TimerEvent: {}
[57.475008] (-) TimerEvent: {}
[57.575995] (-) TimerEvent: {}
[57.676942] (-) TimerEvent: {}
[57.778027] (-) TimerEvent: {}
[57.879095] (-) TimerEvent: {}
[57.980170] (-) TimerEvent: {}
[58.064877] (hiveflight_sim) StdoutLine: {'line': b'-- The CXX compiler identification is GNU 11.4.0\n'}
[58.080337] (-) TimerEvent: {}
[58.181241] (-) TimerEvent: {}
[58.282457] (-) TimerEvent: {}
[58.425475] (-) TimerEvent: {}
[58.526537] (-) TimerEvent: {}
[58.627759] (-) TimerEvent: {}
[58.728956] (-) TimerEvent: {}
[58.830492] (-) TimerEvent: {}
[58.915480] (hiveflight_sim) StdoutLine: {'line': b'-- Detecting C compiler ABI info\n'}
[58.960828] (-) TimerEvent: {}
[59.061917] (-) TimerEvent: {}
[59.163076] (-) TimerEvent: {}
[59.264118] (-) TimerEvent: {}
[59.365086] (-) TimerEvent: {}
[59.466007] (-) TimerEvent: {}
[59.566923] (-) TimerEvent: {}
[59.667856] (-) TimerEvent: {}
[59.782104] (-) TimerEvent: {}
[59.883249] (-) TimerEvent: {}
[59.984588] (-) TimerEvent: {}
[60.085812] (-) TimerEvent: {}
[60.186773] (-) TimerEvent: {}
[60.287943] (-) TimerEvent: {}
[60.389223] (-) TimerEvent: {}
[60.490368] (-) TimerEvent: {}
[60.591555] (-) TimerEvent: {}
[60.692495] (-) TimerEvent: {}
[60.793815] (-) TimerEvent: {}
[60.894948] (-) TimerEvent: {}
[60.996206] (-) TimerEvent: {}
[61.047369] (hiveflight_sim) StdoutLine: {'line': b'-- Detecting C compiler ABI info - done\n'}
[61.086227] (hiveflight_sim) StdoutLine: {'line': b'-- Check for working C compiler: /usr/bin/cc - skipped\n'}
[61.088031] (hiveflight_sim) StdoutLine: {'line': b'-- Detecting C compile features\n'}
[61.089706] (hiveflight_sim) StdoutLine: {'line': b'-- Detecting C compile features - done\n'}
[61.096274] (-) TimerEvent: {}
[61.176889] (hiveflight_sim) StdoutLine: {'line': b'-- Detecting CXX compiler ABI info\n'}
[61.196537] (-) TimerEvent: {}
[61.297566] (-) TimerEvent: {}
[61.398528] (-) TimerEvent: {}
[61.499481] (-) TimerEvent: {}
[61.600400] (-) TimerEvent: {}
[61.701464] (-) TimerEvent: {}
[61.802564] (-) TimerEvent: {}
[61.903735] (-) TimerEvent: {}
[62.004755] (-) TimerEvent: {}
[62.105898] (-) TimerEvent: {}
[62.206848] (-) TimerEvent: {}
[62.307786] (-) TimerEvent: {}
[62.408756] (-) TimerEvent: {}
[62.509755] (-) TimerEvent: {}
[62.610880] (-) TimerEvent: {}
[62.711811] (-) TimerEvent: {}
[62.812880] (-) TimerEvent: {}
[62.913914] (-) TimerEvent: {}
[62.927840] (hiveflight_sim) StdoutLine: {'line': b'-- Detecting CXX compiler ABI info - done\n'}
[62.968225] (hiveflight_sim) StdoutLine: {'line': b'-- Check for working CXX compiler: /usr/bin/c++ - skipped\n'}
[62.970069] (hiveflight_sim) StdoutLine: {'line': b'-- Detecting CXX compile features\n'}
[62.971652] (hiveflight_sim) StdoutLine: {'line': b'-- Detecting CXX compile features - done\n'}
[63.014818] (-) TimerEvent: {}
[63.115552] (hiveflight_sim) StdoutLine: {'line': b'-- Found ament_cmake: 1.3.14 (/opt/ros/humble/share/ament_cmake/cmake)\n'}
[63.117970] (-) TimerEvent: {}
[63.218747] (-) TimerEvent: {}
[63.319713] (-) TimerEvent: {}
[63.420637] (-) TimerEvent: {}
[63.521526] (-) TimerEvent: {}
[63.622476] (-) TimerEvent: {}
[63.723513] (-) TimerEvent: {}
[63.824969] (-) TimerEvent: {}
[63.925871] (-) TimerEvent: {}
[64.026803] (-) TimerEvent: {}
[64.127921] (-) TimerEvent: {}
[64.228838] (-) TimerEvent: {}
[64.329852] (-) TimerEvent: {}
[64.430786] (-) TimerEvent: {}
[64.531749] (-) TimerEvent: {}
[64.632704] (-) TimerEvent: {}
[64.705279] (hiveflight_sim) StdoutLine: {'line': b'-- Found Python3: /usr/bin/python3 (found version "3.10.12") found components: Interpreter \n'}
[64.751370] (-) TimerEvent: {}
[64.852173] (-) TimerEvent: {}
[64.953145] (-) TimerEvent: {}
[65.054088] (-) TimerEvent: {}
[65.155004] (-) TimerEvent: {}
[65.256059] (-) TimerEvent: {}
[65.357572] (-) TimerEvent: {}
[65.458722] (-) TimerEvent: {}
[65.559707] (-) TimerEvent: {}
[65.660712] (-) TimerEvent: {}
[65.761736] (-) TimerEvent: {}
[65.862659] (-) TimerEvent: {}
[65.963621] (-) TimerEvent: {}
[66.064588] (-) TimerEvent: {}
[66.165767] (-) TimerEvent: {}
[66.266821] (-) TimerEvent: {}
[66.349120] (hiveflight_sim) StdoutLine: {'line': b'-- Found rclcpp: 16.0.19 (/opt/ros/humble/share/rclcpp/cmake)\n'}
[66.386197] (-) TimerEvent: {}
[66.487220] (-) TimerEvent: {}
[66.605833] (-) TimerEvent: {}
[66.706993] (-) TimerEvent: {}
[66.808024] (-) TimerEvent: {}
[66.909499] (-) TimerEvent: {}
[67.010605] (-) TimerEvent: {}
[67.111762] (-) TimerEvent: {}
[67.212756] (-) TimerEvent: {}
[67.313812] (-) TimerEvent: {}
[67.414734] (-) TimerEvent: {}
[67.452484] (hiveflight_sim) StdoutLine: {'line': b'-- Found rosidl_generator_c: 3.1.8 (/opt/ros/humble/share/rosidl_generator_c/cmake)\n'}
[67.514925] (-) TimerEvent: {}
[67.581807] (hiveflight_sim) StdoutLine: {'line': b'-- Found rosidl_adapter: 3.1.8 (/opt/ros/humble/share/rosidl_adapter/cmake)\n'}
[67.615160] (-) TimerEvent: {}
[67.716083] (-) TimerEvent: {}
[67.720068] (hiveflight_sim) StdoutLine: {'line': b'-- Found rosidl_generator_cpp: 3.1.8 (/opt/ros/humble/share/rosidl_generator_cpp/cmake)\n'}
[67.816298] (-) TimerEvent: {}
[67.866373] (hiveflight_sim) StdoutLine: {'line': b'-- Using all available rosidl_typesupport_c: rosidl_typesupport_fastrtps_c;rosidl_typesupport_introspection_c\n'}
[67.916545] (-) TimerEvent: {}
[68.017905] (-) TimerEvent: {}
[68.083638] (hiveflight_sim) StdoutLine: {'line': b'-- Using all available rosidl_typesupport_cpp: rosidl_typesupport_fastrtps_cpp;rosidl_typesupport_introspection_cpp\n'}
[68.118102] (-) TimerEvent: {}
[68.219209] (-) TimerEvent: {}
[68.320176] (-) TimerEvent: {}
[68.421170] (-) TimerEvent: {}
[68.522383] (-) TimerEvent: {}
[68.623290] (-) TimerEvent: {}
[68.724233] (-) TimerEvent: {}
[68.783449] (hiveflight_sim) StdoutLine: {'line': b'-- Found rmw_implementation_cmake: 6.1.2 (/opt/ros/humble/share/rmw_implementation_cmake/cmake)\n'}
[68.824448] (-) TimerEvent: {}
[68.856146] (hiveflight_sim) StdoutLine: {'line': b'-- Found rmw_fastrtps_cpp: 6.2.10 (/opt/ros/humble/share/rmw_fastrtps_cpp/cmake)\n'}
[68.924671] (-) TimerEvent: {}
[69.025601] (-) TimerEvent: {}
[69.126600] (-) TimerEvent: {}
[69.227721] (-) TimerEvent: {}
[69.328813] (-) TimerEvent: {}
[69.429872] (-) TimerEvent: {}
[69.530964] (-) TimerEvent: {}
[69.634500] (-) TimerEvent: {}
[69.735638] (-) TimerEvent: {}
[69.836536] (-) TimerEvent: {}
[69.937565] (-) TimerEvent: {}
[70.038653] (-) TimerEvent: {}
[70.139726] (-) TimerEvent: {}
[70.240917] (-) TimerEvent: {}
[70.342050] (-) TimerEvent: {}
[70.443061] (-) TimerEvent: {}
[70.544198] (-) TimerEvent: {}
[70.645159] (-) TimerEvent: {}
[70.746287] (-) TimerEvent: {}
[70.847288] (-) TimerEvent: {}
[70.948417] (-) TimerEvent: {}
[71.049518] (-) TimerEvent: {}
[71.150742] (-) TimerEvent: {}
[71.251758] (-) TimerEvent: {}
[71.352774] (-) TimerEvent: {}
[71.453819] (-) TimerEvent: {}
[71.554980] (-) TimerEvent: {}
[71.656074] (-) TimerEvent: {}
[71.757149] (-) TimerEvent: {}
[71.858315] (-) TimerEvent: {}
[71.959336] (-) TimerEvent: {}
[72.060600] (-) TimerEvent: {}
[72.161680] (-) TimerEvent: {}
[72.217742] (hiveflight_sim) StdoutLine: {'line': b'-- Found OpenSSL: /usr/lib/x86_64-linux-gnu/libcrypto.so (found version "3.0.2")  \n'}
[72.261865] (-) TimerEvent: {}
[72.365858] (-) TimerEvent: {}
[72.470542] (-) TimerEvent: {}
[72.571710] (-) TimerEvent: {}
[72.673728] (-) TimerEvent: {}
[72.774881] (-) TimerEvent: {}
[72.876039] (-) TimerEvent: {}
[72.977052] (-) TimerEvent: {}
[73.078294] (-) TimerEvent: {}
[73.179662] (-) TimerEvent: {}
[73.280591] (-) TimerEvent: {}
[73.381642] (-) TimerEvent: {}
[73.482558] (-) TimerEvent: {}
[73.583519] (-) TimerEvent: {}
[73.684604] (-) TimerEvent: {}
[73.785643] (-) TimerEvent: {}
[73.886596] (-) TimerEvent: {}
[73.987569] (-) TimerEvent: {}
[74.088521] (-) TimerEvent: {}
[74.169989] (hiveflight_sim) StdoutLine: {'line': b'-- Found FastRTPS: /opt/ros/humble/include  \n'}
[74.188651] (-) TimerEvent: {}
[74.289364] (-) TimerEvent: {}
[74.390332] (-) TimerEvent: {}
[74.491375] (-) TimerEvent: {}
[74.592424] (-) TimerEvent: {}
[74.693555] (-) TimerEvent: {}
[74.794605] (-) TimerEvent: {}
[74.895597] (-) TimerEvent: {}
[74.996585] (-) TimerEvent: {}
[75.097598] (-) TimerEvent: {}
[75.198640] (-) TimerEvent: {}
[75.299555] (-) TimerEvent: {}
[75.400541] (-) TimerEvent: {}
[75.501668] (-) TimerEvent: {}
[75.602639] (-) TimerEvent: {}
[75.703574] (-) TimerEvent: {}
[75.804539] (-) TimerEvent: {}
[75.905499] (-) TimerEvent: {}
[76.006468] (-) TimerEvent: {}
[76.107490] (-) TimerEvent: {}
[76.208561] (-) TimerEvent: {}
[76.309559] (-) TimerEvent: {}
[76.410547] (-) TimerEvent: {}
[76.511683] (-) TimerEvent: {}
[76.612649] (-) TimerEvent: {}
[76.713704] (-) TimerEvent: {}
[76.814887] (-) TimerEvent: {}
[76.915845] (-) TimerEvent: {}
[77.016779] (-) TimerEvent: {}
[77.117763] (-) TimerEvent: {}
[77.185657] (hiveflight_sim) StdoutLine: {'line': b"-- Using RMW implementation 'rmw_fastrtps_cpp' as default\n"}
[77.217940] (-) TimerEvent: {}
[77.318927] (-) TimerEvent: {}
[77.419891] (-) TimerEvent: {}
[77.453770] (hiveflight_sim) StdoutLine: {'line': b'-- Looking for pthread.h\n'}
[77.520120] (-) TimerEvent: {}
[77.621089] (-) TimerEvent: {}
[77.722245] (-) TimerEvent: {}
[77.823215] (-) TimerEvent: {}
[77.924115] (-) TimerEvent: {}
[78.025057] (-) TimerEvent: {}
[78.126263] (-) TimerEvent: {}
[78.227579] (-) TimerEvent: {}
[78.329029] (-) TimerEvent: {}
[78.430257] (-) TimerEvent: {}
[78.531299] (-) TimerEvent: {}
[78.632293] (-) TimerEvent: {}
[78.733191] (-) TimerEvent: {}
[78.834160] (-) TimerEvent: {}
[78.935000] (-) TimerEvent: {}
[79.035811] (-) TimerEvent: {}
[79.136782] (-) TimerEvent: {}
[79.226888] (hiveflight_sim) StdoutLine: {'line': b'-- Looking for pthread.h - found\n'}
[79.236913] (-) TimerEvent: {}
[79.246685] (hiveflight_sim) StdoutLine: {'line': b'-- Performing Test CMAKE_HAVE_LIBC_PTHREAD\n'}
[79.337264] (-) TimerEvent: {}
[79.438473] (-) TimerEvent: {}
[79.539467] (-) TimerEvent: {}
[79.640711] (-) TimerEvent: {}
[79.741727] (-) TimerEvent: {}
[79.842583] (-) TimerEvent: {}
[79.943617] (-) TimerEvent: {}
[80.044710] (-) TimerEvent: {}
[80.145934] (-) TimerEvent: {}
[80.246922] (-) TimerEvent: {}
[80.347874] (-) TimerEvent: {}
[80.448810] (-) TimerEvent: {}
[80.549749] (-) TimerEvent: {}
[80.650672] (-) TimerEvent: {}
[80.751675] (-) TimerEvent: {}
[80.852639] (-) TimerEvent: {}
[80.953687] (-) TimerEvent: {}
[81.037786] (hiveflight_sim) StdoutLine: {'line': b'-- Performing Test CMAKE_HAVE_LIBC_PTHREAD - Success\n'}
[81.045557] (hiveflight_sim) StdoutLine: {'line': b'-- Found Threads: TRUE  \n'}
[81.053804] (-) TimerEvent: {}
[81.154881] (-) TimerEvent: {}
[81.255872] (-) TimerEvent: {}
[81.356846] (-) TimerEvent: {}
[81.423482] (hiveflight_sim) StdoutLine: {'line': b'-- Found geometry_msgs: 4.9.1 (/opt/ros/humble/share/geometry_msgs/cmake)\n'}
[81.457074] (-) TimerEvent: {}
[81.560518] (hiveflight_sim) StdoutLine: {'line': b'-- Found hiveflight_interfaces: 0.0.1 (/mnt/c/work/ubuntu_work/HiveFlight/ros2_ws/install/share/hiveflight_interfaces/cmake)\n'}
[81.562724] (-) TimerEvent: {}
[81.663506] (-) TimerEvent: {}
[81.764437] (-) TimerEvent: {}
[81.865451] (-) TimerEvent: {}
[81.966423] (-) TimerEvent: {}
[82.067324] (-) TimerEvent: {}
[82.168216] (-) TimerEvent: {}
[82.269110] (-) TimerEvent: {}
[82.370016] (-) TimerEvent: {}
[82.470920] (-) TimerEvent: {}
[82.572322] (-) TimerEvent: {}
[82.678469] (-) TimerEvent: {}
[82.779441] (-) TimerEvent: {}
[82.880283] (-) TimerEvent: {}
[82.981246] (-) TimerEvent: {}
[83.082217] (-) TimerEvent: {}
[83.183193] (-) TimerEvent: {}
[83.284156] (-) TimerEvent: {}
[83.385433] (-) TimerEvent: {}
[83.486567] (-) TimerEvent: {}
[83.587475] (-) TimerEvent: {}
[83.688441] (-) TimerEvent: {}
[83.789572] (-) TimerEvent: {}
[83.823778] (hiveflight_sim) StdoutLine: {'line': b'-- Configuring done\n'}
[83.889811] (-) TimerEvent: {}
[83.990794] (-) TimerEvent: {}
[84.091878] (-) TimerEvent: {}
[84.192986] (-) TimerEvent: {}
[84.294306] (-) TimerEvent: {}
[84.395796] (-) TimerEvent: {}
[84.496725] (-) TimerEvent: {}
[84.597568] (-) TimerEvent: {}
[84.698556] (-) TimerEvent: {}
[84.799655] (-) TimerEvent: {}
[84.807528] (hiveflight_sim) StdoutLine: {'line': b'-- Generating done\n'}
[84.899844] (-) TimerEvent: {}
[85.000818] (-) TimerEvent: {}
[85.101779] (-) TimerEvent: {}
[85.170599] (hiveflight_sim) StdoutLine: {'line': b'-- Build files have been written to: /mnt/c/work/ubuntu_work/HiveFlight/ros2_ws/build/hiveflight_sim\n'}
[85.188423] (hiveflight_sim) CommandEnded: {'returncode': 0}
[85.199671] (hiveflight_sim) JobProgress: {'identifier': 'hiveflight_sim', 'progress': 'build'}
[85.201874] (-) TimerEvent: {}
[85.213293] (hiveflight_sim) Command: {'cmd': ['/usr/bin/cmake', '--build', '/mnt/c/work/ubuntu_work/HiveFlight/ros2_ws/build/hiveflight_sim', '--', '-j16', '-l16'], 'cwd': '/mnt/c/work/ubuntu_work/HiveFlight/ros2_ws/build/hiveflight_sim', 'env': OrderedDict([('LESSOPEN', '| /usr/bin/lesspipe %s'), ('USER', 'ivano'), ('SHLVL', '2'), ('LD_LIBRARY_PATH', '/mnt/c/work/ubuntu_work/HiveFlight/ros2_ws/install/lib:/usr/lib/x86_64-linux-gnu/gazebo-11/plugins:/home/ivano/hiveflight_ws/install/hiveflight_interfaces/lib:/opt/ros/humble/opt/rviz_ogre_vendor/lib:/opt/ros/humble/lib/x86_64-linux-gnu:/opt/ros/humble/lib'), ('MOTD_SHOWN', 'update-motd'), ('HOME', '/home/ivano'), ('OLDPWD', '/mnt/c/work/ubuntu_work/HiveFlight'), ('ROS_PYTHON_VERSION', '3'), ('DBUS_SESSION_BUS_ADDRESS', 'unix:path=/run/user/1000/bus'), ('WSL_DISTRO_NAME', 'Ubuntu-22.04'), ('WAYLAND_DISPLAY', 'wayland-0'), ('COLCON_PREFIX_PATH', '/mnt/c/work/ubuntu_work/HiveFlight/ros2_ws/install:/home/ivano/hiveflight_ws/install'), ('ROS_DISTRO', 'humble'), ('LOGNAME', 'ivano'), ('NAME', 'LAPTOP-7K9MEH4D'), ('WSL_INTEROP', '/run/WSL/331_interop'), ('PULSE_SERVER', 'unix:/mnt/wslg/PulseServer'), ('_', '/usr/bin/colcon'), ('ROS_VERSION', '2'), ('TERM', 'xterm-256color'), ('ROS_LOCALHOST_ONLY', '0'), ('PATH', '/opt/ros/humble/bin:/usr/local/sbin:/usr/local/bin:/usr/sbin:/usr/bin:/sbin:/bin:/usr/games:/usr/local/games:/usr/lib/wsl/lib:/mnt/c/Users/ivano/AppData/Roaming/Code/User/globalStorage/github.copilot-chat/debugCommand:/mnt/c/Users/ivano/AppData/Roaming/Code/User/globalStorage/github.copilot-chat/copilotCli:/mnt/c/windows/system32:/mnt/c/windows:/mnt/c/windows/System32/Wbem:/mnt/c/windows/System32/WindowsPowerShell/v1.0/:/mnt/c/windows/System32/OpenSSH/:/mnt/c/Program Files/HP/1E.Performance.Assist/Extensibility/NomadBranch:/mnt/c/Program Files/CMake/bin:/mnt/c/Program Files (x86)/Windows Kits/10/Windows Performance Toolkit/:/mnt/c/Program Files/Git/cmd:/mnt/c/windows/system32:/mnt/c/windows:/mnt/c/windows/System32/Wbem:/mnt/c/windows/System32/WindowsPowerShell/v1.0/:/mnt/c/windows/System32/OpenSSH/:/mnt/c/Program Files/HP/1E.Performance.Assist/Extensibility/NomadBranch:/mnt/c/Program Files/CMake/bin:/mnt/c/Program Files (x86)/Windows Kits/10/Windows Performance Toolkit/:/mnt/c/Program Files/Git/cmd:/mnt/c/vcpkg:/mnt/c/Users/ivano/AppData/Local/Programs/Microsoft VS Code/bin:/snap/bin'), ('XDG_RUNTIME_DIR', '/run/user/1000'), ('DISPLAY', ':0'), ('LANG', 'C.UTF-8'), ('LS_COLORS', 'rs=0:di=01;34:ln=01;36:mh=00:pi=40;33:so=01;35:do=01;35:bd=40;33;01:cd=40;33;01:or=40;31;01:mi=00:su=37;41:sg=30;43:ca=30;41:tw=30;42:ow=34;42:st=37;44:ex=01;32:*.tar=01;31:*.tgz=01;31:*.arc=01;31:*.arj=01;31:*.taz=01;31:*.lha=01;31:*.lz4=01;31:*.lzh=01;31:*.lzma=01;31:*.tlz=01;31:*.txz=01;31:*.tzo=01;31:*.t7z=01;31:*.zip=01;31:*.z=01;31:*.dz=01;31:*.gz=01;31:*.lrz=01;31:*.lz=01;31:*.lzo=01;31:*.xz=01;31:*.zst=01;31:*.tzst=01;31:*.bz2=01;31:*.bz=01;31:*.tbz=01;31:*.tbz2=01;31:*.tz=01;31:*.deb=01;31:*.rpm=01;31:*.jar=01;31:*.war=01;31:*.ear=01;31:*.sar=01;31:*.rar=01;31:*.alz=01;31:*.ace=01;31:*.zoo=01;31:*.cpio=01;31:*.7z=01;31:*.rz=01;31:*.cab=01;31:*.wim=01;31:*.swm=01;31:*.dwm=01;31:*.esd=01;31:*.jpg=01;35:*.jpeg=01;35:*.mjpg=01;35:*.mjpeg=01;35:*.gif=01;35:*.bmp=01;35:*.pbm=01;35:*.pgm=01;35:*.ppm=01;35:*.tga=01;35:*.xbm=01;35:*.xpm=01;35:*.tif=01;35:*.tiff=01;35:*.png=01;35:*.svg=01;35:*.svgz=01;35:*.mng=01;35:*.pcx=01;35:*.mov=01;35:*.mpg=01;35:*.mpeg=01;35:*.m2v=01;35:*.mkv=01;35:*.webm=01;35:*.webp=01;35:*.ogm=01;35:*.mp4=01;35:*.m4v=01;35:*.mp4v=01;35:*.vob=01;35:*.qt=01;35:*.nuv=01;35:*.wmv=01;35:*.asf=01;35:*.rm=01;35:*.rmvb=01;35:*.flc=01;35:*.avi=01;35:*.fli=01;35:*.flv=01;35:*.gl=01;35:*.dl=01;35:*.xcf=01;35:*.xwd=01;35:*.yuv=01;35:*.cgm=01;35:*.emf=01;35:*.ogv=01;35:*.ogx=01;35:*.aac=00;36:*.au=00;36:*.flac=00;36:*.m4a=00;36:*.mid=00;36:*.midi=00;36:*.mka=00;36:*.mp3=00;36:*.mpc=00;36:*.ogg=00;36:*.ra=00;36:*.wav=00;36:*.oga=00;36:*.opus=00;36:*.spx=00;36:*.xspf=00;36:'), ('AMENT_PREFIX_PATH', '/mnt/c/work/ubuntu_work/HiveFlight/ros2_ws/install:/home/ivano/hiveflight_ws/install/hiveflight_interfaces:/home/ivano/hiveflight_ws/install/hiveflight:/opt/ros/humble'), ('SHELL', '/bin/bash'), ('LESSCLOSE', '/usr/bin/lesspipe %s %s'), ('PWD', '/mnt/c/work/ubuntu_work/HiveFlight/ros2_ws/build/hiveflight_sim'), ('XDG_DATA_DIRS', '/usr/local/share:/usr/share:/var/lib/snapd/desktop'), ('PYTHONPATH', '/mnt/c/work/ubuntu_work/HiveFlight/ros2_ws/install/local/lib/python3.10/dist-packages:/home/ivano/hiveflight_ws/install/hiveflight_interfaces/local/lib/python3.10/dist-packages:/opt/ros/humble/lib/python3.10/site-packages:/opt/ros/humble/local/lib/python3.10/dist-packages'), ('COLCON', '1'), ('WSL2_GUI_APPS_ENABLED', '1'), ('HOSTTYPE', 'x86_64'), ('CMAKE_PREFIX_PATH', '/mnt/c/work/ubuntu_work/HiveFlight/ros2_ws/install:/home/ivano/hiveflight_ws/install/hiveflight_interfaces:/home/ivano/hiveflight_ws/install/hiveflight:/opt/ros/humble'), ('WSLENV', '')]), 'shell': False}
[85.302123] (-) TimerEvent: {}
[85.403106] (-) TimerEvent: {}
[85.504194] (-) TimerEvent: {}
[85.605511] (-) TimerEvent: {}
[85.735315] (-) TimerEvent: {}
[85.836376] (-) TimerEvent: {}
[85.937546] (-) TimerEvent: {}
[86.038622] (-) TimerEvent: {}
[86.139826] (-) TimerEvent: {}
[86.240890] (-) TimerEvent: {}
[86.341897] (-) TimerEvent: {}
[86.442906] (-) TimerEvent: {}
[86.543865] (-) TimerEvent: {}
[86.638884] (hiveflight_sim) StdoutLine: {'line': b'[ 20%] \x1b[32mBuilding CXX object CMakeFiles/hiveflight_ros2_adapter.dir/src/DroneRos2Adapter.cpp.o\x1b[0m\n'}
[86.643977] (-) TimerEvent: {}
[86.646999] (hiveflight_sim) StdoutLine: {'line': b'[ 40%] \x1b[32mBuilding CXX object CMakeFiles/hiveflight_ros2_adapter.dir/src/DroneCommunication3D.cpp.o\x1b[0m\n'}
[86.658463] (hiveflight_sim) StdoutLine: {'line': b'[ 60%] \x1b[32mBuilding CXX object CMakeFiles/hiveflight_ros2_adapter.dir/mnt/c/work/ubuntu_work/HiveFlight/SwarmSimulation3D.cpp.o\x1b[0m\n'}
[86.673649] (hiveflight_sim) StdoutLine: {'line': b'[ 80%] \x1b[32mBuilding CXX object CMakeFiles/hiveflight_ros2_adapter.dir/mnt/c/work/ubuntu_work/HiveFlight/SpatialGrid3D.cpp.o\x1b[0m\n'}
[86.744243] (-) TimerEvent: {}
[86.845422] (-) TimerEvent: {}
[86.946747] (-) TimerEvent: {}
[87.074837] (-) TimerEvent: {}
[87.175855] (-) TimerEvent: {}
[87.276951] (-) TimerEvent: {}
[87.378039] (-) TimerEvent: {}
[87.479128] (-) TimerEvent: {}
[87.580251] (-) TimerEvent: {}
[87.681316] (-) TimerEvent: {}
[87.782511] (-) TimerEvent: {}
[87.883486] (-) TimerEvent: {}
[87.987913] (-) TimerEvent: {}
[88.088833] (-) TimerEvent: {}
[88.189667] (-) TimerEvent: {}
[88.290499] (-) TimerEvent: {}
[88.391412] (-) TimerEvent: {}
[88.492264] (-) TimerEvent: {}
[88.593187] (-) TimerEvent: {}
[88.694236] (-) TimerEvent: {}
[88.795201] (-) TimerEvent: {}
[88.896059] (-) TimerEvent: {}
[88.996821] (-) TimerEvent: {}
[89.097660] (-) TimerEvent: {}
[89.198545] (-) TimerEvent: {}
[89.299440] (-) TimerEvent: {}
[89.400273] (-) TimerEvent: {}
[89.501175] (-) TimerEvent: {}
[89.601951] (-) TimerEvent: {}
[89.703044] (-) TimerEvent: {}
[89.807716] (-) TimerEvent: {}
[89.908655] (-) TimerEvent: {}
[90.009705] (-) TimerEvent: {}
[90.110707] (-) TimerEvent: {}
[90.211880] (-) TimerEvent: {}
[90.313010] (-) TimerEvent: {}
[90.413992] (-) TimerEvent: {}
[90.515011] (-) TimerEvent: {}
[90.616052] (-) TimerEvent: {}
[90.717013] (-) TimerEvent: {}
[90.818051] (-) TimerEvent: {}
[90.919306] (-) TimerEvent: {}
[91.020454] (-) TimerEvent: {}
[91.121533] (-) TimerEvent: {}
[91.222568] (-) TimerEvent: {}
[91.323666] (-) TimerEvent: {}
[91.424645] (-) TimerEvent: {}
[91.525694] (-) TimerEvent: {}
[91.626629] (-) TimerEvent: {}
[91.727823] (-) TimerEvent: {}
[91.829005] (-) TimerEvent: {}
[91.930034] (-) TimerEvent: {}
[92.030941] (-) TimerEvent: {}
[92.131758] (-) TimerEvent: {}
[92.232524] (-) TimerEvent: {}
[92.333412] (-) TimerEvent: {}
[92.434369] (-) TimerEvent: {}
[92.535265] (-) TimerEvent: {}
[92.636133] (-) TimerEvent: {}
[92.737539] (-) TimerEvent: {}
[92.838510] (-) TimerEvent: {}
[92.939435] (-) TimerEvent: {}
[93.040155] (-) TimerEvent: {}
[93.141462] (-) TimerEvent: {}
[93.242440] (-) TimerEvent: {}
[93.343112] (-) TimerEvent: {}
[93.443856] (-) TimerEvent: {}
[93.544646] (-) TimerEvent: {}
[93.645618] (-) TimerEvent: {}
[93.746794] (-) TimerEvent: {}
[93.847894] (-) TimerEvent: {}
[93.949030] (-) TimerEvent: {}
[94.049909] (-) TimerEvent: {}
[94.150803] (-) TimerEvent: {}
[94.252461] (-) TimerEvent: {}
[94.353707] (-) TimerEvent: {}
[94.455138] (-) TimerEvent: {}
[94.556456] (-) TimerEvent: {}
[94.657484] (-) TimerEvent: {}
[94.758514] (-) TimerEvent: {}
[94.859967] (-) TimerEvent: {}
[94.961044] (-) TimerEvent: {}
[95.062415] (-) TimerEvent: {}
[95.163492] (-) TimerEvent: {}
[95.264914] (-) TimerEvent: {}
[95.366222] (-) TimerEvent: {}
[95.467487] (-) TimerEvent: {}
[95.568506] (-) TimerEvent: {}
[95.669719] (-) TimerEvent: {}
[95.770734] (-) TimerEvent: {}
[95.871870] (-) TimerEvent: {}
[95.973984] (-) TimerEvent: {}
[96.075080] (-) TimerEvent: {}
[96.176259] (-) TimerEvent: {}
[96.277590] (-) TimerEvent: {}
[96.379201] (-) TimerEvent: {}
[96.480423] (-) TimerEvent: {}
[96.581527] (-) TimerEvent: {}
[96.682985] (-) TimerEvent: {}
[96.784456] (-) TimerEvent: {}
[96.885999] (-) TimerEvent: {}
[96.987296] (-) TimerEvent: {}
[97.088864] (-) TimerEvent: {}
[97.190458] (-) TimerEvent: {}
[97.291407] (-) TimerEvent: {}
[97.392931] (-) TimerEvent: {}
[97.509324] (-) TimerEvent: {}
[97.610875] (-) TimerEvent: {}
[97.712305] (-) TimerEvent: {}
[97.813512] (-) TimerEvent: {}
[97.915387] (-) TimerEvent: {}
[98.016616] (-) TimerEvent: {}
[98.118260] (-) TimerEvent: {}
[98.219522] (-) TimerEvent: {}
[98.320696] (-) TimerEvent: {}
[98.421975] (-) TimerEvent: {}
[98.523433] (-) TimerEvent: {}
[98.625282] (-) TimerEvent: {}
[98.726800] (-) TimerEvent: {}
[98.828607] (-) TimerEvent: {}
[98.930006] (-) TimerEvent: {}
[99.031838] (-) TimerEvent: {}
[99.133108] (-) TimerEvent: {}
[99.234607] (-) TimerEvent: {}
[99.335946] (-) TimerEvent: {}
[99.437404] (-) TimerEvent: {}
[99.538642] (-) TimerEvent: {}
[99.640473] (-) TimerEvent: {}
[99.742050] (-) TimerEvent: {}
[99.843573] (-) TimerEvent: {}
[99.944833] (-) TimerEvent: {}
[100.046221] (-) TimerEvent: {}
[100.147341] (-) TimerEvent: {}
[100.248605] (-) TimerEvent: {}
[100.350083] (-) TimerEvent: {}
[100.451341] (-) TimerEvent: {}
[100.552474] (-) TimerEvent: {}
[100.653958] (-) TimerEvent: {}
[100.755206] (-) TimerEvent: {}
[100.856383] (-) TimerEvent: {}
[100.957704] (-) TimerEvent: {}
[101.058855] (-) TimerEvent: {}
[101.160112] (-) TimerEvent: {}
[101.261510] (-) TimerEvent: {}
[101.362991] (-) TimerEvent: {}
[101.464494] (-) TimerEvent: {}
[101.566048] (-) TimerEvent: {}
[101.667507] (-) TimerEvent: {}
[101.772034] (-) TimerEvent: {}
[101.873826] (-) TimerEvent: {}
[101.975380] (-) TimerEvent: {}
[102.076951] (-) TimerEvent: {}
[102.178252] (-) TimerEvent: {}
[102.279843] (-) TimerEvent: {}
[102.381184] (-) TimerEvent: {}
[102.482839] (-) TimerEvent: {}
[102.584561] (-) TimerEvent: {}
[102.686288] (-) TimerEvent: {}
[102.787858] (-) TimerEvent: {}
[102.889488] (-) TimerEvent: {}
[102.990855] (-) TimerEvent: {}
[103.092437] (-) TimerEvent: {}
[103.193676] (-) TimerEvent: {}
[103.295223] (-) TimerEvent: {}
[103.430095] (-) TimerEvent: {}
[103.531181] (-) TimerEvent: {}
[103.632099] (-) TimerEvent: {}
[103.733261] (-) TimerEvent: {}
[103.834275] (-) TimerEvent: {}
[103.935063] (-) TimerEvent: {}
[104.035999] (-) TimerEvent: {}
[104.136990] (-) TimerEvent: {}
[104.237979] (-) TimerEvent: {}
[104.338881] (-) TimerEvent: {}
[104.440009] (-) TimerEvent: {}
[104.540716] (-) TimerEvent: {}
[104.641583] (-) TimerEvent: {}
[104.742522] (-) TimerEvent: {}
[104.843442] (-) TimerEvent: {}
[104.944376] (-) TimerEvent: {}
[105.045423] (-) TimerEvent: {}
[105.146541] (-) TimerEvent: {}
[105.173032] (hiveflight_sim) StdoutLine: {'line': b'[100%] \x1b[32m\x1b[1mLinking CXX static library libhiveflight_ros2_adapter.a\x1b[0m\n'}
[105.246921] (-) TimerEvent: {}
[105.347853] (-) TimerEvent: {}
[105.448920] (-) TimerEvent: {}
[105.550115] (-) TimerEvent: {}
[105.651119] (-) TimerEvent: {}
[105.752117] (-) TimerEvent: {}
[105.853148] (-) TimerEvent: {}
[105.954447] (-) TimerEvent: {}
[106.055617] (-) TimerEvent: {}
[106.156529] (-) TimerEvent: {}
[106.257568] (-) TimerEvent: {}
[106.358455] (-) TimerEvent: {}
[106.459453] (-) TimerEvent: {}
[106.560423] (-) TimerEvent: {}
[106.661406] (-) TimerEvent: {}
[106.762572] (-) TimerEvent: {}
[106.863683] (-) TimerEvent: {}
[106.964704] (-) TimerEvent: {}
[107.065595] (-) TimerEvent: {}
[107.166528] (-) TimerEvent: {}
[107.267413] (-) TimerEvent: {}
[107.368193] (-) TimerEvent: {}
[107.469012] (-) TimerEvent: {}
[107.569815] (-) TimerEvent: {}
[107.670732] (-) TimerEvent: {}
[107.771944] (-) TimerEvent: {}
[107.872815] (-) TimerEvent: {}
[107.973732] (-) TimerEvent: {}
[108.074693] (-) TimerEvent: {}
[108.175638] (-) TimerEvent: {}
[108.276755] (-) TimerEvent: {}
[108.378058] (-) TimerEvent: {}
[108.479075] (-) TimerEvent: {}
[108.580339] (-) TimerEvent: {}
[108.681253] (-) TimerEvent: {}
[108.782227] (-) TimerEvent: {}
[108.896821] (-) TimerEvent: {}
[108.997814] (-) TimerEvent: {}
[109.098717] (-) TimerEvent: {}
[109.199637] (-) TimerEvent: {}
[109.300619] (-) TimerEvent: {}
[109.401591] (-) TimerEvent: {}
[109.502547] (-) TimerEvent: {}
[109.639151] (-) TimerEvent: {}
[109.740025] (-) TimerEvent: {}
[109.841063] (-) TimerEvent: {}
[109.942011] (-) TimerEvent: {}
[110.042912] (-) TimerEvent: {}
[110.143868] (-) TimerEvent: {}
[110.252858] (-) TimerEvent: {}
[110.353790] (-) TimerEvent: {}
[110.454751] (-) TimerEvent: {}
[110.555678] (-) TimerEvent: {}
[110.656758] (-) TimerEvent: {}
[110.757675] (-) TimerEvent: {}
[110.858559] (-) TimerEvent: {}
[110.959597] (-) TimerEvent: {}
[111.060767] (-) TimerEvent: {}
[111.162263] (-) TimerEvent: {}
[111.263219] (-) TimerEvent: {}
[111.364102] (-) TimerEvent: {}
[111.465057] (-) TimerEvent: {}
[111.565971] (-) TimerEvent: {}
[111.666892] (-) TimerEvent: {}
[111.742427] (hiveflight_sim) StdoutLine: {'line': b'[100%] Built target hiveflight_ros2_adapter\n'}
[111.767085] (-) TimerEvent: {}
[111.868047] (-) TimerEvent: {}
[111.929877] (hiveflight_sim) CommandEnded: {'returncode': 0}
[111.963255] (hiveflight_sim) JobProgress: {'identifier': 'hiveflight_sim', 'progress': 'install'}
[111.968166] (-) TimerEvent: {}
[111.975022] (hiveflight_sim) Command: {'cmd': ['/usr/bin/cmake', '--install', '/mnt/c/work/ubuntu_work/HiveFlight/ros2_ws/build/hiveflight_sim'], 'cwd': '/mnt/c/work/ubuntu_work/HiveFlight/ros2_ws/build/hiveflight_sim', 'env': OrderedDict([('LESSOPEN', '| /usr/bin/lesspipe %s'), ('USER', 'ivano'), ('SHLVL', '2'), ('LD_LIBRARY_PATH', '/mnt/c/work/ubuntu_work/HiveFlight/ros2_ws/install/lib:/usr/lib/x86_64-linux-gnu/gazebo-11/plugins:/home/ivano/hiveflight_ws/install/hiveflight_interfaces/lib:/opt/ros/humble/opt/rviz_ogre_vendor/lib:/opt/ros/humble/lib/x86_64-linux-gnu:/opt/ros/humble/lib'), ('MOTD_SHOWN', 'update-motd'), ('HOME', '/home/ivano'), ('OLDPWD', '/mnt/c/work/ubuntu_work/HiveFlight'), ('ROS_PYTHON_VERSION', '3'), ('DBUS_SESSION_BUS_ADDRESS', 'unix:path=/run/user/1000/bus'), ('WSL_DISTRO_NAME', 'Ubuntu-22.04'), ('WAYLAND_DISPLAY', 'wayland-0'), ('COLCON_PREFIX_PATH', '/mnt/c/work/ubuntu_work/HiveFlight/ros2_ws/install:/home/ivano/hiveflight_ws/install'), ('ROS_DISTRO', 'humble'), ('LOGNAME', 'ivano'), ('NAME', 'LAPTOP-7K9MEH4D'), ('WSL_INTEROP', '/run/WSL/331_interop'), ('PULSE_SERVER', 'unix:/mnt/wslg/PulseServer'), ('_', '/usr/bin/colcon'), ('ROS_VERSION', '2'), ('TERM', 'xterm-256color'), ('ROS_LOCALHOST_ONLY', '0'), ('PATH', '/opt/ros/humble/bin:/usr/local/sbin:/usr/local/bin:/usr/sbin:/usr/bin:/sbin:/bin:/usr/games:/usr/local/games:/usr/lib/wsl/lib:/mnt/c/Users/ivano/AppData/Roaming/Code/User/globalStorage/github.copilot-chat/debugCommand:/mnt/c/Users/ivano/AppData/Roaming/Code/User/globalStorage/github.copilot-chat/copilotCli:/mnt/c/windows/system32:/mnt/c/windows:/mnt/c/windows/System32/Wbem:/mnt/c/windows/System32/WindowsPowerShell/v1.0/:/mnt/c/windows/System32/OpenSSH/:/mnt/c/Program Files/HP/1E.Performance.Assist/Extensibility/NomadBranch:/mnt/c/Program Files/CMake/bin:/mnt/c/Program Files (x86)/Windows Kits/10/Windows Performance Toolkit/:/mnt/c/Program Files/Git/cmd:/mnt/c/windows/system32:/mnt/c/windows:/mnt/c/windows/System32/Wbem:/mnt/c/windows/System32/WindowsPowerShell/v1.0/:/mnt/c/windows/System32/OpenSSH/:/mnt/c/Program Files/HP/1E.Performance.Assist/Extensibility/NomadBranch:/mnt/c/Program Files/CMake/bin:/mnt/c/Program Files (x86)/Windows Kits/10/Windows Performance Toolkit/:/mnt/c/Program Files/Git/cmd:/mnt/c/vcpkg:/mnt/c/Users/ivano/AppData/Local/Programs/Microsoft VS Code/bin:/snap/bin'), ('XDG_RUNTIME_DIR', '/run/user/1000'), ('DISPLAY', ':0'), ('LANG', 'C.UTF-8'), ('LS_COLORS', 'rs=0:di=01;34:ln=01;36:mh=00:pi=40;33:so=01;35:do=01;35:bd=40;33;01:cd=40;33;01:or=40;31;01:mi=00:su=37;41:sg=30;43:ca=30;41:tw=30;42:ow=34;42:st=37;44:ex=01;32:*.tar=01;31:*.tgz=01;31:*.arc=01;31:*.arj=01;31:*.taz=01;31:*.lha=01;31:*.lz4=01;31:*.lzh=01;31:*.lzma=01;31:*.tlz=01;31:*.txz=01;31:*.tzo=01;31:*.t7z=01;31:*.zip=01;31:*.z=01;31:*.dz=01;31:*.gz=01;31:*.lrz=01;31:*.lz=01;31:*.lzo=01;31:*.xz=01;31:*.zst=01;31:*.tzst=01;31:*.bz2=01;31:*.bz=01;31:*.tbz=01;31:*.tbz2=01;31:*.tz=01;31:*.deb=01;31:*.rpm=01;31:*.jar=01;31:*.war=01;31:*.ear=01;31:*.sar=01;31:*.rar=01;31:*.alz=01;31:*.ace=01;31:*.zoo=01;31:*.cpio=01;31:*.7z=01;31:*.rz=01;31:*.cab=01;31:*.wim=01;31:*.swm=01;31:*.dwm=01;31:*.esd=01;31:*.jpg=01;35:*.jpeg=01;35:*.mjpg=01;35:*.mjpeg=01;35:*.gif=01;35:*.bmp=01;35:*.pbm=01;35:*.pgm=01;35:*.ppm=01;35:*.tga=01;35:*.xbm=01;35:*.xpm=01;35:*.tif=01;35:*.tiff=01;35:*.png=01;35:*.svg=01;35:*.svgz=01;35:*.mng=01;35:*.pcx=01;35:*.mov=01;35:*.mpg=01;35:*.mpeg=01;35:*.m2v=01;35:*.mkv=01;35:*.webm=01;35:*.webp=01;35:*.ogm=01;35:*.mp4=01;35:*.m4v=01;35:*.mp4v=01;35:*.vob=01;35:*.qt=01;35:*.nuv=01;35:*.wmv=01;35:*.asf=01;35:*.rm=01;35:*.rmvb=01;35:*.flc=01;35:*.avi=01;35:*.fli=01;35:*.flv=01;35:*.gl=01;35:*.dl=01;35:*.xcf=01;35:*.xwd=01;35:*.yuv=01;35:*.cgm=01;35:*.emf=01;35:*.ogv=01;35:*.ogx=01;35:*.aac=00;36:*.au=00;36:*.flac=00;36:*.m4a=00;36:*.mid=00;36:*.midi=00;36:*.mka=00;36:*.mp3=00;36:*.mpc=00;36:*.ogg=00;36:*.ra=00;36:*.wav=00;36:*.oga=00;36:*.opus=00;36:*.spx=00;36:*.xspf=00;36:'), ('AMENT_PREFIX_PATH', '/mnt/c/work/ubuntu_work/HiveFlight/ros2_ws/install:/home/ivano/hiveflight_ws/install/hiveflight_interfaces:/home/ivano/hiveflight_ws/install/hiveflight:/opt/ros/humble'), ('SHELL', '/bin/bash'), ('LESSCLOSE', '/usr/bin/lesspipe %s %s'), ('PWD', '/mnt/c/work/ubuntu_work/HiveFlight/ros2_ws/build/hiveflight_sim'), ('XDG_DATA_DIRS', '/usr/local/share:/usr/share:/var/lib/snapd/desktop'), ('PYTHONPATH', '/mnt/c/work/ubuntu_work/HiveFlight/ros2_ws/install/local/lib/python3.10/dist-packages:/home/ivano/hiveflight_ws/install/hiveflight_interfaces/local/lib/python3.10/dist-packages:/opt/ros/humble/lib/python3.10/site-packages:/opt/ros/humble/local/lib/python3.10/dist-packages'), ('COLCON', '1'), ('WSL2_GUI_APPS_ENABLED', '1'), ('HOSTTYPE', 'x86_64'), ('CMAKE_PREFIX_PATH', '/mnt/c/work/ubuntu_work/HiveFlight/ros2_ws/install:/home/ivano/hiveflight_ws/install/hiveflight_interfaces:/home/ivano/hiveflight_ws/install/hiveflight:/opt/ros/humble'), ('WSLENV', '')]), 'shell': False}
[112.068412] (-) TimerEvent: {}
[112.114559] (hiveflight_sim) StdoutLine: {'line': b'-- Install configuration: ""\n'}
[112.127270] (hiveflight_sim) StdoutLine: {'line': b'-- Installing: /mnt/c/work/ubuntu_work/HiveFlight/ros2_ws/install/lib/libhiveflight_ros2_adapter.a\n'}
[112.168632] (-) TimerEvent: {}
[112.269552] (-) TimerEvent: {}
[112.370538] (-) TimerEvent: {}
[112.471713] (-) TimerEvent: {}
[112.572734] (-) TimerEvent: {}
[112.673695] (-) TimerEvent: {}
[112.774493] (-) TimerEvent: {}
[112.875426] (-) TimerEvent: {}
[112.976495] (-) TimerEvent: {}
[113.077542] (-) TimerEvent: {}
[113.178486] (-) TimerEvent: {}
[113.199018] (hiveflight_sim) StdoutLine: {'line': b'-- Up-to-date: /mnt/c/work/ubuntu_work/HiveFlight/ros2_ws/install/include\n'}
[113.234416] (hiveflight_sim) StdoutLine: {'line': b'-- Installing: /mnt/c/work/ubuntu_work/HiveFlight/ros2_ws/install/include/DroneCommunication3D.hpp\n'}
[113.278703] (-) TimerEvent: {}
[113.320542] (hiveflight_sim) StdoutLine: {'line': b'-- Installing: /mnt/c/work/ubuntu_work/HiveFlight/ros2_ws/install/include/DroneRos2Adapter.hpp\n'}
[113.378944] (-) TimerEvent: {}
[113.416706] (hiveflight_sim) StdoutLine: {'line': b'-- Installing: /mnt/c/work/ubuntu_work/HiveFlight/ros2_ws/install/include/SpatialGrid3D.hpp\n'}
[113.479182] (-) TimerEvent: {}
[113.507557] (hiveflight_sim) StdoutLine: {'line': b'-- Installing: /mnt/c/work/ubuntu_work/HiveFlight/ros2_ws/install/include/SwarmSimulation3D.hpp\n'}
[113.579406] (-) TimerEvent: {}
[113.593120] (hiveflight_sim) StdoutLine: {'line': b'-- Installing: /mnt/c/work/ubuntu_work/HiveFlight/ros2_ws/install/include/Vec3.hpp\n'}
[113.679628] (-) TimerEvent: {}
[113.686853] (hiveflight_sim) StdoutLine: {'line': b'-- Installing: /mnt/c/work/ubuntu_work/HiveFlight/ros2_ws/install/share/hiveflight_sim/environment/library_path.sh\n'}
[113.772813] (hiveflight_sim) StdoutLine: {'line': b'-- Installing: /mnt/c/work/ubuntu_work/HiveFlight/ros2_ws/install/share/hiveflight_sim/environment/library_path.dsv\n'}
[113.779744] (-) TimerEvent: {}
[113.880540] (-) TimerEvent: {}
[113.891033] (hiveflight_sim) StdoutLine: {'line': b'-- Installing: /mnt/c/work/ubuntu_work/HiveFlight/ros2_ws/install/share/ament_index/resource_index/package_run_dependencies/hiveflight_sim\n'}
[113.980750] (-) TimerEvent: {}
[114.057741] (hiveflight_sim) StdoutLine: {'line': b'-- Installing: /mnt/c/work/ubuntu_work/HiveFlight/ros2_ws/install/share/ament_index/resource_index/parent_prefix_path/hiveflight_sim\n'}
[114.080969] (-) TimerEvent: {}
[114.177881] (hiveflight_sim) StdoutLine: {'line': b'-- Installing: /mnt/c/work/ubuntu_work/HiveFlight/ros2_ws/install/share/hiveflight_sim/environment/ament_prefix_path.sh\n'}
[114.181094] (-) TimerEvent: {}
[114.265547] (hiveflight_sim) StdoutLine: {'line': b'-- Installing: /mnt/c/work/ubuntu_work/HiveFlight/ros2_ws/install/share/hiveflight_sim/environment/ament_prefix_path.dsv\n'}
[114.281243] (-) TimerEvent: {}
[114.382151] (-) TimerEvent: {}
[114.389846] (hiveflight_sim) StdoutLine: {'line': b'-- Installing: /mnt/c/work/ubuntu_work/HiveFlight/ros2_ws/install/share/hiveflight_sim/environment/path.sh\n'}
[114.482364] (-) TimerEvent: {}
[114.490131] (hiveflight_sim) StdoutLine: {'line': b'-- Installing: /mnt/c/work/ubuntu_work/HiveFlight/ros2_ws/install/share/hiveflight_sim/environment/path.dsv\n'}
[114.582565] (-) TimerEvent: {}
[114.603290] (hiveflight_sim) StdoutLine: {'line': b'-- Installing: /mnt/c/work/ubuntu_work/HiveFlight/ros2_ws/install/share/hiveflight_sim/local_setup.bash\n'}
[114.682778] (-) TimerEvent: {}
[114.683531] (hiveflight_sim) StdoutLine: {'line': b'-- Installing: /mnt/c/work/ubuntu_work/HiveFlight/ros2_ws/install/share/hiveflight_sim/local_setup.sh\n'}
[114.783050] (-) TimerEvent: {}
[114.800886] (hiveflight_sim) StdoutLine: {'line': b'-- Installing: /mnt/c/work/ubuntu_work/HiveFlight/ros2_ws/install/share/hiveflight_sim/local_setup.zsh\n'}
[114.883266] (-) TimerEvent: {}
[114.884058] (hiveflight_sim) StdoutLine: {'line': b'-- Installing: /mnt/c/work/ubuntu_work/HiveFlight/ros2_ws/install/share/hiveflight_sim/local_setup.dsv\n'}
[114.971365] (hiveflight_sim) StdoutLine: {'line': b'-- Installing: /mnt/c/work/ubuntu_work/HiveFlight/ros2_ws/install/share/hiveflight_sim/package.dsv\n'}
[114.983524] (-) TimerEvent: {}
[115.077014] (hiveflight_sim) StdoutLine: {'line': b'-- Installing: /mnt/c/work/ubuntu_work/HiveFlight/ros2_ws/install/share/ament_index/resource_index/packages/hiveflight_sim\n'}
[115.083672] (-) TimerEvent: {}
[115.185093] (-) TimerEvent: {}
[115.239535] (hiveflight_sim) StdoutLine: {'line': b'-- Installing: /mnt/c/work/ubuntu_work/HiveFlight/ros2_ws/install/share/hiveflight_sim/cmake/hiveflight_ros2_adapterTargetsExport.cmake\n'}
[115.285322] (-) TimerEvent: {}
[115.375016] (hiveflight_sim) StdoutLine: {'line': b'-- Installing: /mnt/c/work/ubuntu_work/HiveFlight/ros2_ws/install/share/hiveflight_sim/cmake/hiveflight_ros2_adapterTargetsExport-noconfig.cmake\n'}
[115.385468] (-) TimerEvent: {}
[115.486336] (-) TimerEvent: {}
[115.492211] (hiveflight_sim) StdoutLine: {'line': b'-- Installing: /mnt/c/work/ubuntu_work/HiveFlight/ros2_ws/install/share/hiveflight_sim/cmake/ament_cmake_export_targets-extras.cmake\n'}
[115.586569] (-) TimerEvent: {}
[115.590937] (hiveflight_sim) StdoutLine: {'line': b'-- Installing: /mnt/c/work/ubuntu_work/HiveFlight/ros2_ws/install/share/hiveflight_sim/cmake/ament_cmake_export_dependencies-extras.cmake\n'}
[115.686765] (-) TimerEvent: {}
[115.691088] (hiveflight_sim) StdoutLine: {'line': b'-- Installing: /mnt/c/work/ubuntu_work/HiveFlight/ros2_ws/install/share/hiveflight_sim/cmake/hiveflight_simConfig.cmake\n'}
[115.784168] (hiveflight_sim) StdoutLine: {'line': b'-- Installing: /mnt/c/work/ubuntu_work/HiveFlight/ros2_ws/install/share/hiveflight_sim/cmake/hiveflight_simConfig-version.cmake\n'}
[115.786879] (-) TimerEvent: {}
[115.887652] (-) TimerEvent: {}
[115.888400] (hiveflight_sim) StdoutLine: {'line': b'-- Installing: /mnt/c/work/ubuntu_work/HiveFlight/ros2_ws/install/share/hiveflight_sim/package.xml\n'}
[115.965215] (hiveflight_sim) CommandEnded: {'returncode': 0}
[115.987768] (-) TimerEvent: {}
[116.088425] (-) TimerEvent: {}
[116.189247] (-) TimerEvent: {}
[116.290182] (-) TimerEvent: {}
[116.391182] (-) TimerEvent: {}
[116.492143] (-) TimerEvent: {}
[116.593174] (-) TimerEvent: {}
[116.694459] (-) TimerEvent: {}
[116.795428] (-) TimerEvent: {}
[116.896236] (-) TimerEvent: {}
[116.997109] (-) TimerEvent: {}
[117.098111] (-) TimerEvent: {}
[117.199078] (-) TimerEvent: {}
[117.299953] (-) TimerEvent: {}
[117.400620] (-) TimerEvent: {}
[117.501452] (-) TimerEvent: {}
[117.534330] (hiveflight_sim) JobEnded: {'identifier': 'hiveflight_sim', 'rc': 0}
[117.547511] (hiveflight_sim_node) JobStarted: {'identifier': 'hiveflight_sim_node'}
[117.601621] (-) TimerEvent: {}
[117.702477] (-) TimerEvent: {}
[117.803396] (-) TimerEvent: {}
[117.904355] (-) TimerEvent: {}
[118.005299] (-) TimerEvent: {}
[118.106307] (-) TimerEvent: {}
[118.122636] (hiveflight_sim_node) JobProgress: {'identifier': 'hiveflight_sim_node', 'progress': 'cmake'}
[118.201008] (hiveflight_sim_node) Command: {'cmd': ['/usr/bin/cmake', '/mnt/c/work/ubuntu_work/HiveFlight/ros2_ws/src/hiveflight_sim_node', '-DCMAKE_INSTALL_PREFIX=/mnt/c/work/ubuntu_work/HiveFlight/ros2_ws/install'], 'cwd': '/mnt/c/work/ubuntu_work/HiveFlight/ros2_ws/build/hiveflight_sim_node', 'env': OrderedDict([('LESSOPEN', '| /usr/bin/lesspipe %s'), ('USER', 'ivano'), ('SHLVL', '2'), ('LD_LIBRARY_PATH', '/mnt/c/work/ubuntu_work/HiveFlight/ros2_ws/install/lib:/usr/lib/x86_64-linux-gnu/gazebo-11/plugins:/home/ivano/hiveflight_ws/install/hiveflight_interfaces/lib:/opt/ros/humble/opt/rviz_ogre_vendor/lib:/opt/ros/humble/lib/x86_64-linux-gnu:/opt/ros/humble/lib'), ('MOTD_SHOWN', 'update-motd'), ('HOME', '/home/ivano'), ('OLDPWD', '/mnt/c/work/ubuntu_work/HiveFlight'), ('ROS_PYTHON_VERSION', '3'), ('DBUS_SESSION_BUS_ADDRESS', 'unix:path=/run/user/1000/bus'), ('WSL_DISTRO_NAME', 'Ubuntu-22.04'), ('WAYLAND_DISPLAY', 'wayland-0'), ('COLCON_PREFIX_PATH', '/mnt/c/work/ubuntu_work/HiveFlight/ros2_ws/install:/home/ivano/hiveflight_ws/install'), ('ROS_DISTRO', 'humble'), ('LOGNAME', 'ivano'), ('NAME', 'LAPTOP-7K9MEH4D'), ('WSL_INTEROP', '/run/WSL/331_interop'), ('PULSE_SERVER', 'unix:/mnt/wslg/PulseServer'), ('_', '/usr/bin/colcon'), ('ROS_VERSION', '2'), ('TERM', 'xterm-256color'), ('ROS_LOCALHOST_ONLY', '0'), ('PATH', '/opt/ros/humble/bin:/usr/local/sbin:/usr/local/bin:/usr/sbin:/usr/bin:/sbin:/bin:/usr/games:/usr/local/games:/usr/lib/wsl/lib:/mnt/c/Users/ivano/AppData/Roaming/Code/User/globalStorage/github.copilot-chat/debugCommand:/mnt/c/Users/ivano/AppData/Roaming/Code/User/globalStorage/github.copilot-chat/copilotCli:/mnt/c/windows/system32:/mnt/c/windows:/mnt/c/windows/System32/Wbem:/mnt/c/windows/System32/WindowsPowerShell/v1.0/:/mnt/c/windows/System32/OpenSSH/:/mnt/c/Program Files/HP/1E.Performance.Assist/Extensibility/NomadBranch:/mnt/c/Program Files/CMake/bin:/mnt/c/Program Files (x86)/Windows Kits/10/Windows Performance Toolkit/:/mnt/c/Program Files/Git/cmd:/mnt/c/windows/system32:/mnt/c/windows:/mnt/c/windows/System32/Wbem:/mnt/c/windows/System32/WindowsPowerShell/v1.0/:/mnt/c/windows/System32/OpenSSH/:/mnt/c/Program Files/HP/1E.Performance.Assist/Extensibility/NomadBranch:/mnt/c/Program Files/CMake/bin:/mnt/c/Program Files (x86)/Windows Kits/10/Windows Performance Toolkit/:/mnt/c/Program Files/Git/cmd:/mnt/c/vcpkg:/mnt/c/Users/ivano/AppData/Local/Programs/Microsoft VS Code/bin:/snap/bin'), ('XDG_RUNTIME_DIR', '/run/user/1000'), ('DISPLAY', ':0'), ('LANG', 'C.UTF-8'), ('LS_COLORS', 'rs=0:di=01;34:ln=01;36:mh=00:pi=40;33:so=01;35:do=01;35:bd=40;33;01:cd=40;33;01:or=40;31;01:mi=00:su=37;41:sg=30;43:ca=30;41:tw=30;42:ow=34;42:st=37;44:ex=01;32:*.tar=01;31:*.tgz=01;31:*.arc=01;31:*.arj=01;31:*.taz=01;31:*.lha=01;31:*.lz4=01;31:*.lzh=01;31:*.lzma=01;31:*.tlz=01;31:*.txz=01;31:*.tzo=01;31:*.t7z=01;31:*.zip=01;31:*.z=01;31:*.dz=01;31:*.gz=01;31:*.lrz=01;31:*.lz=01;31:*.lzo=01;31:*.xz=01;31:*.zst=01;31:*.tzst=01;31:*.bz2=01;31:*.bz=01;31:*.tbz=01;31:*.tbz2=01;31:*.tz=01;31:*.deb=01;31:*.rpm=01;31:*.jar=01;31:*.war=01;31:*.ear=01;31:*.sar=01;31:*.rar=01;31:*.alz=01;31:*.ace=01;31:*.zoo=01;31:*.cpio=01;31:*.7z=01;31:*.rz=01;31:*.cab=01;31:*.wim=01;31:*.swm=01;31:*.dwm=01;31:*.esd=01;31:*.jpg=01;35:*.jpeg=01;35:*.mjpg=01;35:*.mjpeg=01;35:*.gif=01;35:*.bmp=01;35:*.pbm=01;35:*.pgm=01;35:*.ppm=01;35:*.tga=01;35:*.xbm=01;35:*.xpm=01;35:*.tif=01;35:*.tiff=01;35:*.png=01;35:*.svg=01;35:*.svgz=01;35:*.mng=01;35:*.pcx=01;35:*.mov=01;35:*.mpg=01;35:*.mpeg=01;35:*.m2v=01;35:*.mkv=01;35:*.webm=01;35:*.webp=01;35:*.ogm=01;35:*.mp4=01;35:*.m4v=01;35:*.mp4v=01;35:*.vob=01;35:*.qt=01;35:*.nuv=01;35:*.wmv=01;35:*.asf=01;35:*.rm=01;35:*.rmvb=01;35:*.flc=01;35:*.avi=01;35:*.fli=01;35:*.flv=01;35:*.gl=01;35:*.dl=01;35:*.xcf=01;35:*.xwd=01;35:*.yuv=01;35:*.cgm=01;35:*.emf=01;35:*.ogv=01;35:*.ogx=01;35:*.aac=00;36:*.au=00;36:*.flac=00;36:*.m4a=00;36:*.mid=00;36:*.midi=00;36:*.mka=00;36:*.mp3=00;36:*.mpc=00;36:*.ogg=00;36:*.ra=00;36:*.wav=00;36:*.oga=00;36:*.opus=00;36:*.spx=00;36:*.xspf=00;36:'), ('AMENT_PREFIX_PATH', '/mnt/c/work/ubuntu_work/HiveFlight/ros2_ws/install:/home/ivano/hiveflight_ws/install/hiveflight_interfaces:/home/ivano/hiveflight_ws/install/hiveflight:/opt/ros/humble'), ('SHELL', '/bin/bash'), ('LESSCLOSE', '/usr/bin/lesspipe %s %s'), ('PWD', '/mnt/c/work/ubuntu_work/HiveFlight/ros2_ws/build/hiveflight_sim_node'), ('XDG_DATA_DIRS', '/usr/local/share:/usr/share:/var/lib/snapd/desktop'), ('PYTHONPATH', '/mnt/c/work/ubuntu_work/HiveFlight/ros2_ws/install/local/lib/python3.10/dist-packages:/home/ivano/hiveflight_ws/install/hiveflight_interfaces/local/lib/python3.10/dist-packages:/opt/ros/humble/lib/python3.10/site-packages:/opt/ros/humble/local/lib/python3.10/dist-packages'), ('COLCON', '1'), ('WSL2_GUI_APPS_ENABLED', '1'), ('HOSTTYPE', 'x86_64'), ('CMAKE_PREFIX_PATH', '/mnt/c/work/ubuntu_work/HiveFlight/ros2_ws/install:/home/ivano/hiveflight_ws/install/hiveflight_interfaces:/home/ivano/hiveflight_ws/install/hiveflight:/opt/ros/humble'), ('WSLENV', '')]), 'shell': False}
[118.223790] (-) TimerEvent: {}
[118.324577] (-) TimerEvent: {}
[118.425513] (-) TimerEvent: {}
[118.526573] (-) TimerEvent: {}
[118.627556] (-) TimerEvent: {}
[118.728563] (-) TimerEvent: {}
[118.829534] (-) TimerEvent: {}
[118.930564] (-) TimerEvent: {}
[119.031532] (-) TimerEvent: {}
[119.132463] (-) TimerEvent: {}
[119.233493] (-) TimerEvent: {}
[119.266097] (hiveflight_sim_node) StdoutLine: {'line': b'-- The C compiler identification is GNU 11.4.0\n'}
[119.333730] (-) TimerEvent: {}
[119.434728] (-) TimerEvent: {}
[119.535657] (-) TimerEvent: {}
[119.636751] (-) TimerEvent: {}
[119.737682] (-) TimerEvent: {}
[119.838554] (-) TimerEvent: {}
[119.939440] (-) TimerEvent: {}
[120.040437] (-) TimerEvent: {}
[120.141437] (-) TimerEvent: {}
[120.242574] (-) TimerEvent: {}
[120.343649] (-) TimerEvent: {}
[120.452137] (hiveflight_sim_node) StdoutLine: {'line': b'-- The CXX compiler identification is GNU 11.4.0\n'}
[120.454122] (-) TimerEvent: {}
[120.554957] (-) TimerEvent: {}
[120.655926] (-) TimerEvent: {}
[120.757001] (-) TimerEvent: {}
[120.857969] (-) TimerEvent: {}
[120.958909] (-) TimerEvent: {}
[121.019370] (hiveflight_sim_node) StdoutLine: {'line': b'-- Detecting C compiler ABI info\n'}
[121.066763] (-) TimerEvent: {}
[121.172152] (-) TimerEvent: {}
[121.274319] (-) TimerEvent: {}
[121.376954] (-) TimerEvent: {}
[121.478518] (-) TimerEvent: {}
[121.579712] (-) TimerEvent: {}
[121.680657] (-) TimerEvent: {}
[121.781613] (-) TimerEvent: {}
[121.882586] (-) TimerEvent: {}
[121.983559] (-) TimerEvent: {}
[122.084462] (-) TimerEvent: {}
[122.185526] (-) TimerEvent: {}
[122.286467] (-) TimerEvent: {}
[122.387398] (-) TimerEvent: {}
[122.517755] (-) TimerEvent: {}
[122.618737] (-) TimerEvent: {}
[122.719768] (-) TimerEvent: {}
[122.820680] (-) TimerEvent: {}
[122.921687] (-) TimerEvent: {}
[123.010551] (hiveflight_sim_node) StdoutLine: {'line': b'-- Detecting C compiler ABI info - done\n'}
[123.021837] (-) TimerEvent: {}
[123.049607] (hiveflight_sim_node) StdoutLine: {'line': b'-- Check for working C compiler: /usr/bin/cc - skipped\n'}
[123.051505] (hiveflight_sim_node) StdoutLine: {'line': b'-- Detecting C compile features\n'}
[123.052871] (hiveflight_sim_node) StdoutLine: {'line': b'-- Detecting C compile features - done\n'}
[123.122077] (-) TimerEvent: {}
[123.141332] (hiveflight_sim_node) StdoutLine: {'line': b'-- Detecting CXX compiler ABI info\n'}
[123.222305] (-) TimerEvent: {}
[123.323315] (-) TimerEvent: {}
[123.424693] (-) TimerEvent: {}
[123.525741] (-) TimerEvent: {}
[123.626717] (-) TimerEvent: {}
[123.727577] (-) TimerEvent: {}
[123.828768] (-) TimerEvent: {}
[123.929750] (-) TimerEvent: {}
[124.030907] (-) TimerEvent: {}
[124.131806] (-) TimerEvent: {}
[124.233035] (-) TimerEvent: {}
[124.334142] (-) TimerEvent: {}
[124.435153] (-) TimerEvent: {}
[124.536189] (-) TimerEvent: {}
[124.637161] (-) TimerEvent: {}
[124.738148] (-) TimerEvent: {}
[124.839079] (-) TimerEvent: {}
[124.940031] (-) TimerEvent: {}
[124.980743] (hiveflight_sim_node) StdoutLine: {'line': b'-- Detecting CXX compiler ABI info - done\n'}
[125.017649] (hiveflight_sim_node) StdoutLine: {'line': b'-- Check for working CXX compiler: /usr/bin/c++ - skipped\n'}
[125.019464] (hiveflight_sim_node) StdoutLine: {'line': b'-- Detecting CXX compile features\n'}
[125.021234] (hiveflight_sim_node) StdoutLine: {'line': b'-- Detecting CXX compile features - done\n'}
[125.040155] (-) TimerEvent: {}
[125.140936] (-) TimerEvent: {}
[125.188414] (hiveflight_sim_node) StdoutLine: {'line': b'-- Found ament_cmake: 1.3.14 (/opt/ros/humble/share/ament_cmake/cmake)\n'}
[125.241201] (-) TimerEvent: {}
[125.342455] (-) TimerEvent: {}
[125.443307] (-) TimerEvent: {}
[125.544228] (-) TimerEvent: {}
[125.645183] (-) TimerEvent: {}
[125.746247] (-) TimerEvent: {}
[125.847450] (-) TimerEvent: {}
[125.948487] (-) TimerEvent: {}
[126.049469] (-) TimerEvent: {}
[126.150446] (-) TimerEvent: {}
[126.251489] (-) TimerEvent: {}
[126.353573] (-) TimerEvent: {}
[126.454577] (-) TimerEvent: {}
[126.555635] (-) TimerEvent: {}
[126.656614] (-) TimerEvent: {}
[126.757816] (-) TimerEvent: {}
[126.858797] (-) TimerEvent: {}
[126.870004] (hiveflight_sim_node) StdoutLine: {'line': b'-- Found Python3: /usr/bin/python3 (found version "3.10.12") found components: Interpreter \n'}
[126.959052] (-) TimerEvent: {}
[127.059950] (-) TimerEvent: {}
[127.160871] (-) TimerEvent: {}
[127.262004] (-) TimerEvent: {}
[127.362973] (-) TimerEvent: {}
[127.463909] (-) TimerEvent: {}
[127.564786] (-) TimerEvent: {}
[127.665730] (-) TimerEvent: {}
[127.766697] (-) TimerEvent: {}
[127.867662] (-) TimerEvent: {}
[127.971674] (-) TimerEvent: {}
[128.072690] (-) TimerEvent: {}
[128.173873] (-) TimerEvent: {}
[128.274941] (-) TimerEvent: {}
[128.375847] (-) TimerEvent: {}
[128.476776] (-) TimerEvent: {}
[128.509564] (hiveflight_sim_node) StdoutLine: {'line': b'-- Found rclcpp: 16.0.19 (/opt/ros/humble/share/rclcpp/cmake)\n'}
[128.576947] (-) TimerEvent: {}
[128.677881] (-) TimerEvent: {}
[128.778909] (-) TimerEvent: {}
[128.880078] (-) TimerEvent: {}
[128.980974] (-) TimerEvent: {}
[129.081874] (-) TimerEvent: {}
[129.182878] (-) TimerEvent: {}
[129.283675] (-) TimerEvent: {}
[129.384536] (-) TimerEvent: {}
[129.399059] (hiveflight_sim_node) StdoutLine: {'line': b'-- Found rosidl_generator_c: 3.1.8 (/opt/ros/humble/share/rosidl_generator_c/cmake)\n'}
[129.484788] (-) TimerEvent: {}
[129.535466] (hiveflight_sim_node) StdoutLine: {'line': b'-- Found rosidl_adapter: 3.1.8 (/opt/ros/humble/share/rosidl_adapter/cmake)\n'}
[129.584999] (-) TimerEvent: {}
[129.673953] (hiveflight_sim_node) StdoutLine: {'line': b'-- Found rosidl_generator_cpp: 3.1.8 (/opt/ros/humble/share/rosidl_generator_cpp/cmake)\n'}
[129.685126] (-) TimerEvent: {}
[129.786271] (-) TimerEvent: {}
[129.820034] (hiveflight_sim_node) StdoutLine: {'line': b'-- Using all available rosidl_typesupport_c: rosidl_typesupport_fastrtps_c;rosidl_typesupport_introspection_c\n'}
[129.886489] (-) TimerEvent: {}
[129.987520] (-) TimerEvent: {}
[130.034049] (hiveflight_sim_node) StdoutLine: {'line': b'-- Using all available rosidl_typesupport_cpp: rosidl_typesupport_fastrtps_cpp;rosidl_typesupport_introspection_cpp\n'}
[130.087729] (-) TimerEvent: {}
[130.188662] (-) TimerEvent: {}
[130.289595] (-) TimerEvent: {}
[130.390569] (-) TimerEvent: {}
[130.491587] (-) TimerEvent: {}
[130.592540] (-) TimerEvent: {}
[130.705548] (-) TimerEvent: {}
[130.735542] (hiveflight_sim_node) StdoutLine: {'line': b'-- Found rmw_implementation_cmake: 6.1.2 (/opt/ros/humble/share/rmw_implementation_cmake/cmake)\n'}
[130.804981] (hiveflight_sim_node) StdoutLine: {'line': b'-- Found rmw_fastrtps_cpp: 6.2.10 (/opt/ros/humble/share/rmw_fastrtps_cpp/cmake)\n'}
[130.806656] (-) TimerEvent: {}
[130.907467] (-) TimerEvent: {}
[131.008338] (-) TimerEvent: {}
[131.109271] (-) TimerEvent: {}
[131.210269] (-) TimerEvent: {}
[131.311201] (-) TimerEvent: {}
[131.412209] (-) TimerEvent: {}
[131.513232] (-) TimerEvent: {}
[131.614321] (-) TimerEvent: {}
[131.715289] (-) TimerEvent: {}
[131.816146] (-) TimerEvent: {}
[131.917051] (-) TimerEvent: {}
[132.018115] (-) TimerEvent: {}
[132.119087] (-) TimerEvent: {}
[132.220045] (-) TimerEvent: {}
[132.320947] (-) TimerEvent: {}
[132.421902] (-) TimerEvent: {}
[132.522870] (-) TimerEvent: {}
[132.623736] (-) TimerEvent: {}
[132.724693] (-) TimerEvent: {}
[132.825619] (-) TimerEvent: {}
[132.926587] (-) TimerEvent: {}
[133.027506] (-) TimerEvent: {}
[133.128667] (-) TimerEvent: {}
[133.229639] (-) TimerEvent: {}
[133.330628] (-) TimerEvent: {}
[133.433241] (-) TimerEvent: {}
[133.534239] (-) TimerEvent: {}
[133.635158] (-) TimerEvent: {}
[133.671669] (hiveflight_sim_node) StdoutLine: {'line': b'-- Found OpenSSL: /usr/lib/x86_64-linux-gnu/libcrypto.so (found version "3.0.2")  \n'}
[133.735423] (-) TimerEvent: {}
[133.836359] (-) TimerEvent: {}
[133.937413] (-) TimerEvent: {}
[134.038412] (-) TimerEvent: {}
[134.139371] (-) TimerEvent: {}
[134.240351] (-) TimerEvent: {}
[134.341411] (-) TimerEvent: {}
[134.442508] (-) TimerEvent: {}
[134.543543] (-) TimerEvent: {}
[134.644613] (-) TimerEvent: {}
[134.784877] (-) TimerEvent: {}
[134.886328] (-) TimerEvent: {}
[134.987598] (-) TimerEvent: {}
[135.088668] (-) TimerEvent: {}
[135.189647] (-) TimerEvent: {}
[135.290634] (-) TimerEvent: {}
[135.391627] (-) TimerEvent: {}
[135.492698] (-) TimerEvent: {}
[135.498672] (hiveflight_sim_node) StdoutLine: {'line': b'-- Found FastRTPS: /opt/ros/humble/include  \n'}
[135.592952] (-) TimerEvent: {}
[135.693979] (-) TimerEvent: {}
[135.794924] (-) TimerEvent: {}
[135.895968] (-) TimerEvent: {}
[135.996931] (-) TimerEvent: {}
[136.097892] (-) TimerEvent: {}
[136.198966] (-) TimerEvent: {}
[136.300003] (-) TimerEvent: {}
[136.401049] (-) TimerEvent: {}
[136.502182] (-) TimerEvent: {}
[136.603142] (-) TimerEvent: {}
[136.704146] (-) TimerEvent: {}
[136.805138] (-) TimerEvent: {}
[136.906253] (-) TimerEvent: {}
[137.007196] (-) TimerEvent: {}
[137.108162] (-) TimerEvent: {}
[137.209285] (-) TimerEvent: {}
[137.310649] (-) TimerEvent: {}
[137.411606] (-) TimerEvent: {}
[137.523969] (-) TimerEvent: {}
[137.625094] (-) TimerEvent: {}
[137.726129] (-) TimerEvent: {}
[137.827162] (-) TimerEvent: {}
[137.928199] (-) TimerEvent: {}
[138.029463] (-) TimerEvent: {}
[138.130398] (-) TimerEvent: {}
[138.231415] (-) TimerEvent: {}
[138.332408] (-) TimerEvent: {}
[138.433280] (-) TimerEvent: {}
[138.534285] (-) TimerEvent: {}
[138.632677] (hiveflight_sim_node) StdoutLine: {'line': b"-- Using RMW implementation 'rmw_fastrtps_cpp' as default\n"}
[138.634453] (-) TimerEvent: {}
[138.735235] (-) TimerEvent: {}
[138.877811] (-) TimerEvent: {}
[138.979474] (-) TimerEvent: {}
[139.049847] (hiveflight_sim_node) StdoutLine: {'line': b'-- Looking for pthread.h\n'}
[139.079708] (-) TimerEvent: {}
[139.180905] (-) TimerEvent: {}
[139.282635] (-) TimerEvent: {}
[139.383980] (-) TimerEvent: {}
[139.485001] (-) TimerEvent: {}
[139.586196] (-) TimerEvent: {}
[139.687226] (-) TimerEvent: {}
[139.788422] (-) TimerEvent: {}
[139.889528] (-) TimerEvent: {}
[139.990571] (-) TimerEvent: {}
[140.091723] (-) TimerEvent: {}
[140.193181] (-) TimerEvent: {}
[140.294198] (-) TimerEvent: {}
[140.395274] (-) TimerEvent: {}
[140.496420] (-) TimerEvent: {}
[140.597490] (-) TimerEvent: {}
[140.698467] (-) TimerEvent: {}
[140.799427] (-) TimerEvent: {}
[140.900323] (-) TimerEvent: {}
[141.001258] (-) TimerEvent: {}
[141.078330] (hiveflight_sim_node) StdoutLine: {'line': b'-- Looking for pthread.h - found\n'}
[141.096157] (hiveflight_sim_node) StdoutLine: {'line': b'-- Performing Test CMAKE_HAVE_LIBC_PTHREAD\n'}
[141.101379] (-) TimerEvent: {}
[141.202367] (-) TimerEvent: {}
[141.303657] (-) TimerEvent: {}
[141.404963] (-) TimerEvent: {}
[141.509287] (-) TimerEvent: {}
[141.610260] (-) TimerEvent: {}
[141.711288] (-) TimerEvent: {}
[141.812559] (-) TimerEvent: {}
[141.913643] (-) TimerEvent: {}
[142.014769] (-) TimerEvent: {}
[142.115719] (-) TimerEvent: {}
[142.216646] (-) TimerEvent: {}
[142.317691] (-) TimerEvent: {}
[142.418757] (-) TimerEvent: {}
[142.519750] (-) TimerEvent: {}
[142.620953] (-) TimerEvent: {}
[142.721913] (-) TimerEvent: {}
[142.822853] (-) TimerEvent: {}
[142.962053] (-) TimerEvent: {}
[143.032470] (hiveflight_sim_node) StdoutLine: {'line': b'-- Performing Test CMAKE_HAVE_LIBC_PTHREAD - Success\n'}
[143.040385] (hiveflight_sim_node) StdoutLine: {'line': b'-- Found Threads: TRUE  \n'}
[143.062448] (-) TimerEvent: {}
[143.163838] (-) TimerEvent: {}
[143.264747] (-) TimerEvent: {}
[143.365769] (-) TimerEvent: {}
[143.466980] (-) TimerEvent: {}
[143.532476] (hiveflight_sim_node) StdoutLine: {'line': b'-- Found hiveflight_interfaces: 0.0.1 (/mnt/c/work/ubuntu_work/HiveFlight/ros2_ws/install/share/hiveflight_interfaces/cmake)\n'}
[143.567219] (-) TimerEvent: {}
[143.668114] (-) TimerEvent: {}
[143.769134] (-) TimerEvent: {}
[143.870224] (-) TimerEvent: {}
[143.971277] (-) TimerEvent: {}
[144.072275] (-) TimerEvent: {}
[144.173255] (-) TimerEvent: {}
[144.274316] (-) TimerEvent: {}
[144.375510] (-) TimerEvent: {}
[144.479224] (-) TimerEvent: {}
[144.539205] (hiveflight_sim_node) StdoutLine: {'line': b'-- Found hiveflight_sim: 0.0.1 (/mnt/c/work/ubuntu_work/HiveFlight/ros2_ws/install/share/hiveflight_sim/cmake)\n'}
[144.579654] (-) TimerEvent: {}
[144.680555] (-) TimerEvent: {}
[144.781490] (-) TimerEvent: {}
[144.882429] (-) TimerEvent: {}
[144.983272] (-) TimerEvent: {}
[145.084480] (-) TimerEvent: {}
[145.185516] (-) TimerEvent: {}
[145.286377] (-) TimerEvent: {}
[145.387255] (-) TimerEvent: {}
[145.488108] (-) TimerEvent: {}
[145.588999] (-) TimerEvent: {}
[145.680395] (hiveflight_sim_node) StdoutLine: {'line': b'-- Configuring done\n'}
[145.689129] (-) TimerEvent: {}
[145.790016] (-) TimerEvent: {}
[145.890828] (-) TimerEvent: {}
[145.991706] (-) TimerEvent: {}
[146.092807] (-) TimerEvent: {}
[146.193785] (-) TimerEvent: {}
[146.294664] (-) TimerEvent: {}
[146.396066] (-) TimerEvent: {}
[146.497006] (-) TimerEvent: {}
[146.530569] (hiveflight_sim_node) StdoutLine: {'line': b'-- Generating done\n'}
[146.597234] (-) TimerEvent: {}
[146.698254] (-) TimerEvent: {}
[146.799170] (-) TimerEvent: {}
[146.853542] (hiveflight_sim_node) StdoutLine: {'line': b'-- Build files have been written to: /mnt/c/work/ubuntu_work/HiveFlight/ros2_ws/build/hiveflight_sim_node\n'}
[146.874053] (hiveflight_sim_node) CommandEnded: {'returncode': 0}
[146.910347] (-) TimerEvent: {}
[146.910941] (hiveflight_sim_node) JobProgress: {'identifier': 'hiveflight_sim_node', 'progress': 'build'}
[146.911359] (hiveflight_sim_node) Command: {'cmd': ['/usr/bin/cmake', '--build', '/mnt/c/work/ubuntu_work/HiveFlight/ros2_ws/build/hiveflight_sim_node', '--', '-j16', '-l16'], 'cwd': '/mnt/c/work/ubuntu_work/HiveFlight/ros2_ws/build/hiveflight_sim_node', 'env': OrderedDict([('LESSOPEN', '| /usr/bin/lesspipe %s'), ('USER', 'ivano'), ('SHLVL', '2'), ('LD_LIBRARY_PATH', '/mnt/c/work/ubuntu_work/HiveFlight/ros2_ws/install/lib:/usr/lib/x86_64-linux-gnu/gazebo-11/plugins:/home/ivano/hiveflight_ws/install/hiveflight_interfaces/lib:/opt/ros/humble/opt/rviz_ogre_vendor/lib:/opt/ros/humble/lib/x86_64-linux-gnu:/opt/ros/humble/lib'), ('MOTD_SHOWN', 'update-motd'), ('HOME', '/home/ivano'), ('OLDPWD', '/mnt/c/work/ubuntu_work/HiveFlight'), ('ROS_PYTHON_VERSION', '3'), ('DBUS_SESSION_BUS_ADDRESS', 'unix:path=/run/user/1000/bus'), ('WSL_DISTRO_NAME', 'Ubuntu-22.04'), ('WAYLAND_DISPLAY', 'wayland-0'), ('COLCON_PREFIX_PATH', '/mnt/c/work/ubuntu_work/HiveFlight/ros2_ws/install:/home/ivano/hiveflight_ws/install'), ('ROS_DISTRO', 'humble'), ('LOGNAME', 'ivano'), ('NAME', 'LAPTOP-7K9MEH4D'), ('WSL_INTEROP', '/run/WSL/331_interop'), ('PULSE_SERVER', 'unix:/mnt/wslg/PulseServer'), ('_', '/usr/bin/colcon'), ('ROS_VERSION', '2'), ('TERM', 'xterm-256color'), ('ROS_LOCALHOST_ONLY', '0'), ('PATH', '/opt/ros/humble/bin:/usr/local/sbin:/usr/local/bin:/usr/sbin:/usr/bin:/sbin:/bin:/usr/games:/usr/local/games:/usr/lib/wsl/lib:/mnt/c/Users/ivano/AppData/Roaming/Code/User/globalStorage/github.copilot-chat/debugCommand:/mnt/c/Users/ivano/AppData/Roaming/Code/User/globalStorage/github.copilot-chat/copilotCli:/mnt/c/windows/system32:/mnt/c/windows:/mnt/c/windows/System32/Wbem:/mnt/c/windows/System32/WindowsPowerShell/v1.0/:/mnt/c/windows/System32/OpenSSH/:/mnt/c/Program Files/HP/1E.Performance.Assist/Extensibility/NomadBranch:/mnt/c/Program Files/CMake/bin:/mnt/c/Program Files (x86)/Windows Kits/10/Windows Performance Toolkit/:/mnt/c/Program Files/Git/cmd:/mnt/c/windows/system32:/mnt/c/windows:/mnt/c/windows/System32/Wbem:/mnt/c/windows/System32/WindowsPowerShell/v1.0/:/mnt/c/windows/System32/OpenSSH/:/mnt/c/Program Files/HP/1E.Performance.Assist/Extensibility/NomadBranch:/mnt/c/Program Files/CMake/bin:/mnt/c/Program Files (x86)/Windows Kits/10/Windows Performance Toolkit/:/mnt/c/Program Files/Git/cmd:/mnt/c/vcpkg:/mnt/c/Users/ivano/AppData/Local/Programs/Microsoft VS Code/bin:/snap/bin'), ('XDG_RUNTIME_DIR', '/run/user/1000'), ('DISPLAY', ':0'), ('LANG', 'C.UTF-8'), ('LS_COLORS', 'rs=0:di=01;34:ln=01;36:mh=00:pi=40;33:so=01;35:do=01;35:bd=40;33;01:cd=40;33;01:or=40;31;01:mi=00:su=37;41:sg=30;43:ca=30;41:tw=30;42:ow=34;42:st=37;44:ex=01;32:*.tar=01;31:*.tgz=01;31:*.arc=01;31:*.arj=01;31:*.taz=01;31:*.lha=01;31:*.lz4=01;31:*.lzh=01;31:*.lzma=01;31:*.tlz=01;31:*.txz=01;31:*.tzo=01;31:*.t7z=01;31:*.zip=01;31:*.z=01;31:*.dz=01;31:*.gz=01;31:*.lrz=01;31:*.lz=01;31:*.lzo=01;31:*.xz=01;31:*.zst=01;31:*.tzst=01;31:*.bz2=01;31:*.bz=01;31:*.tbz=01;31:*.tbz2=01;31:*.tz=01;31:*.deb=01;31:*.rpm=01;31:*.jar=01;31:*.war=01;31:*.ear=01;31:*.sar=01;31:*.rar=01;31:*.alz=01;31:*.ace=01;31:*.zoo=01;31:*.cpio=01;31:*.7z=01;31:*.rz=01;31:*.cab=01;31:*.wim=01;31:*.swm=01;31:*.dwm=01;31:*.esd=01;31:*.jpg=01;35:*.jpeg=01;35:*.mjpg=01;35:*.mjpeg=01;35:*.gif=01;35:*.bmp=01;35:*.pbm=01;35:*.pgm=01;35:*.ppm=01;35:*.tga=01;35:*.xbm=01;35:*.xpm=01;35:*.tif=01;35:*.tiff=01;35:*.png=01;35:*.svg=01;35:*.svgz=01;35:*.mng=01;35:*.pcx=01;35:*.mov=01;35:*.mpg=01;35:*.mpeg=01;35:*.m2v=01;35:*.mkv=01;35:*.webm=01;35:*.webp=01;35:*.ogm=01;35:*.mp4=01;35:*.m4v=01;35:*.mp4v=01;35:*.vob=01;35:*.qt=01;35:*.nuv=01;35:*.wmv=01;35:*.asf=01;35:*.rm=01;35:*.rmvb=01;35:*.flc=01;35:*.avi=01;35:*.fli=01;35:*.flv=01;35:*.gl=01;35:*.dl=01;35:*.xcf=01;35:*.xwd=01;35:*.yuv=01;35:*.cgm=01;35:*.emf=01;35:*.ogv=01;35:*.ogx=01;35:*.aac=00;36:*.au=00;36:*.flac=00;36:*.m4a=00;36:*.mid=00;36:*.midi=00;36:*.mka=00;36:*.mp3=00;36:*.mpc=00;36:*.ogg=00;36:*.ra=00;36:*.wav=00;36:*.oga=00;36:*.opus=00;36:*.spx=00;36:*.xspf=00;36:'), ('AMENT_PREFIX_PATH', '/mnt/c/work/ubuntu_work/HiveFlight/ros2_ws/install:/home/ivano/hiveflight_ws/install/hiveflight_interfaces:/home/ivano/hiveflight_ws/install/hiveflight:/opt/ros/humble'), ('SHELL', '/bin/bash'), ('LESSCLOSE', '/usr/bin/lesspipe %s %s'), ('PWD', '/mnt/c/work/ubuntu_work/HiveFlight/ros2_ws/build/hiveflight_sim_node'), ('XDG_DATA_DIRS', '/usr/local/share:/usr/share:/var/lib/snapd/desktop'), ('PYTHONPATH', '/mnt/c/work/ubuntu_work/HiveFlight/ros2_ws/install/local/lib/python3.10/dist-packages:/home/ivano/hiveflight_ws/install/hiveflight_interfaces/local/lib/python3.10/dist-packages:/opt/ros/humble/lib/python3.10/site-packages:/opt/ros/humble/local/lib/python3.10/dist-packages'), ('COLCON', '1'), ('WSL2_GUI_APPS_ENABLED', '1'), ('HOSTTYPE', 'x86_64'), ('CMAKE_PREFIX_PATH', '/mnt/c/work/ubuntu_work/HiveFlight/ros2_ws/install:/home/ivano/hiveflight_ws/install/hiveflight_interfaces:/home/ivano/hiveflight_ws/install/hiveflight:/opt/ros/humble'), ('WSLENV', '')]), 'shell': False}
[147.010608] (-) TimerEvent: {}
[147.111676] (-) TimerEvent: {}
[147.218605] (-) TimerEvent: {}
[147.319678] (-) TimerEvent: {}
[147.420747] (-) TimerEvent: {}
[147.521881] (-) TimerEvent: {}
[147.623078] (-) TimerEvent: {}
[147.724084] (-) TimerEvent: {}
[147.825084] (-) TimerEvent: {}
[147.926144] (-) TimerEvent: {}
[148.027170] (-) TimerEvent: {}
[148.128248] (-) TimerEvent: {}
[148.229333] (-) TimerEvent: {}
[148.268569] (hiveflight_sim_node) StdoutLine: {'line': b'[ 50%] \x1b[32mBuilding CXX object CMakeFiles/simulation_node.dir/src/simulation_node.cpp.o\x1b[0m\n'}
[148.329578] (-) TimerEvent: {}
[148.430558] (-) TimerEvent: {}
[148.531634] (-) TimerEvent: {}
[148.632558] (-) TimerEvent: {}
[148.733522] (-) TimerEvent: {}
[148.834497] (-) TimerEvent: {}
[148.935442] (-) TimerEvent: {}
[149.036468] (-) TimerEvent: {}
[149.137527] (-) TimerEvent: {}
[149.238531] (-) TimerEvent: {}
[149.339456] (-) TimerEvent: {}
[149.440498] (-) TimerEvent: {}
[149.541492] (-) TimerEvent: {}
[149.642767] (-) TimerEvent: {}
[149.743625] (-) TimerEvent: {}
[149.844509] (-) TimerEvent: {}
[149.945560] (-) TimerEvent: {}
[150.046706] (-) TimerEvent: {}
[150.147802] (-) TimerEvent: {}
[150.249000] (-) TimerEvent: {}
[150.350101] (-) TimerEvent: {}
[150.451353] (-) TimerEvent: {}
[150.552320] (-) TimerEvent: {}
[150.653274] (-) TimerEvent: {}
[150.754363] (-) TimerEvent: {}
[150.855277] (-) TimerEvent: {}
[150.956206] (-) TimerEvent: {}
[151.057126] (-) TimerEvent: {}
[151.158110] (-) TimerEvent: {}
[151.259095] (-) TimerEvent: {}
[151.360007] (-) TimerEvent: {}
[151.461073] (-) TimerEvent: {}
[151.562199] (-) TimerEvent: {}
[151.663192] (-) TimerEvent: {}
[151.764139] (-) TimerEvent: {}
[151.865178] (-) TimerEvent: {}
[151.966205] (-) TimerEvent: {}
[152.067184] (-) TimerEvent: {}
[152.168165] (-) TimerEvent: {}
[152.269104] (-) TimerEvent: {}
[152.370042] (-) TimerEvent: {}
[152.471097] (-) TimerEvent: {}
[152.572141] (-) TimerEvent: {}
[152.673307] (-) TimerEvent: {}
[152.781944] (-) TimerEvent: {}
[152.883006] (-) TimerEvent: {}
[152.984163] (-) TimerEvent: {}
[153.085238] (-) TimerEvent: {}
[153.186344] (-) TimerEvent: {}
[153.287340] (-) TimerEvent: {}
[153.388352] (-) TimerEvent: {}
[153.489499] (-) TimerEvent: {}
[153.590722] (-) TimerEvent: {}
[153.691635] (-) TimerEvent: {}
[153.792541] (-) TimerEvent: {}
[153.893516] (-) TimerEvent: {}
[153.994476] (-) TimerEvent: {}
[154.095462] (-) TimerEvent: {}
[154.196491] (-) TimerEvent: {}
[154.297520] (-) TimerEvent: {}
[154.398520] (-) TimerEvent: {}
[154.499582] (-) TimerEvent: {}
[154.600550] (-) TimerEvent: {}
[154.701778] (-) TimerEvent: {}
[154.802792] (-) TimerEvent: {}
[154.903843] (-) TimerEvent: {}
[155.004906] (-) TimerEvent: {}
[155.105865] (-) TimerEvent: {}
[155.235285] (-) TimerEvent: {}
[155.336233] (-) TimerEvent: {}
[155.437215] (-) TimerEvent: {}
[155.538196] (-) TimerEvent: {}
[155.639317] (-) TimerEvent: {}
[155.740464] (-) TimerEvent: {}
[155.841841] (-) TimerEvent: {}
[155.943095] (-) TimerEvent: {}
[156.044434] (-) TimerEvent: {}
[156.145504] (-) TimerEvent: {}
[156.246594] (-) TimerEvent: {}
[156.347758] (-) TimerEvent: {}
[156.449196] (-) TimerEvent: {}
[156.550301] (-) TimerEvent: {}
[156.651565] (-) TimerEvent: {}
[156.752807] (-) TimerEvent: {}
[156.854180] (-) TimerEvent: {}
[156.955547] (-) TimerEvent: {}
[157.056565] (-) TimerEvent: {}
[157.157537] (-) TimerEvent: {}
[157.258619] (-) TimerEvent: {}
[157.359816] (-) TimerEvent: {}
[157.460760] (-) TimerEvent: {}
[157.561834] (-) TimerEvent: {}
[157.662921] (-) TimerEvent: {}
[157.763926] (-) TimerEvent: {}
[157.864888] (-) TimerEvent: {}
[157.965902] (-) TimerEvent: {}
[158.066801] (-) TimerEvent: {}
[158.167779] (-) TimerEvent: {}
[158.268811] (-) TimerEvent: {}
[158.369926] (-) TimerEvent: {}
[158.470864] (-) TimerEvent: {}
[158.571864] (-) TimerEvent: {}
[158.672856] (-) TimerEvent: {}
[158.773907] (-) TimerEvent: {}
[158.874874] (-) TimerEvent: {}
[158.975873] (-) TimerEvent: {}
[159.077317] (-) TimerEvent: {}
[159.178385] (-) TimerEvent: {}
[159.319546] (-) TimerEvent: {}
[159.420580] (-) TimerEvent: {}
[159.521545] (-) TimerEvent: {}
[159.622620] (-) TimerEvent: {}
[159.723615] (-) TimerEvent: {}
[159.824743] (-) TimerEvent: {}
[159.925974] (-) TimerEvent: {}
[160.027428] (-) TimerEvent: {}
[160.128698] (-) TimerEvent: {}
[160.230038] (-) TimerEvent: {}
[160.331265] (-) TimerEvent: {}
[160.432603] (-) TimerEvent: {}
[160.533724] (-) TimerEvent: {}
[160.634664] (-) TimerEvent: {}
[160.735565] (-) TimerEvent: {}
[160.836505] (-) TimerEvent: {}
[160.937507] (-) TimerEvent: {}
[161.038404] (-) TimerEvent: {}
[161.139412] (-) TimerEvent: {}
[161.240316] (-) TimerEvent: {}
[161.341307] (-) TimerEvent: {}
[161.442328] (-) TimerEvent: {}
[161.543309] (-) TimerEvent: {}
[161.644244] (-) TimerEvent: {}
[161.745251] (-) TimerEvent: {}
[161.846342] (-) TimerEvent: {}
[161.947256] (-) TimerEvent: {}
[162.051005] (-) TimerEvent: {}
[162.151972] (-) TimerEvent: {}
[162.253007] (-) TimerEvent: {}
[162.353944] (-) TimerEvent: {}
[162.454906] (-) TimerEvent: {}
[162.556004] (-) TimerEvent: {}
[162.656914] (-) TimerEvent: {}
[162.757979] (-) TimerEvent: {}
[162.858984] (-) TimerEvent: {}
[162.960007] (-) TimerEvent: {}
[163.060895] (-) TimerEvent: {}
[163.161959] (-) TimerEvent: {}
[163.262987] (-) TimerEvent: {}
[163.363979] (-) TimerEvent: {}
[163.465523] (-) TimerEvent: {}
[163.567116] (-) TimerEvent: {}
[163.668263] (-) TimerEvent: {}
[163.769822] (-) TimerEvent: {}
[163.870955] (-) TimerEvent: {}
[163.972373] (-) TimerEvent: {}
[164.074069] (-) TimerEvent: {}
[164.175297] (-) TimerEvent: {}
[164.276571] (-) TimerEvent: {}
[164.377774] (-) TimerEvent: {}
[164.479133] (-) TimerEvent: {}
[164.580862] (-) TimerEvent: {}
[164.682292] (-) TimerEvent: {}
[164.785131] (-) TimerEvent: {}
[164.886332] (-) TimerEvent: {}
[164.987733] (-) TimerEvent: {}
[165.089014] (-) TimerEvent: {}
[165.190291] (-) TimerEvent: {}
[165.291384] (-) TimerEvent: {}
[165.392646] (-) TimerEvent: {}
[165.494061] (-) TimerEvent: {}
[165.595207] (-) TimerEvent: {}
[165.696665] (-) TimerEvent: {}
[165.797838] (-) TimerEvent: {}
[165.898935] (-) TimerEvent: {}
[166.000196] (-) TimerEvent: {}
[166.136944] (-) TimerEvent: {}
[166.238013] (-) TimerEvent: {}
[166.339105] (-) TimerEvent: {}
[166.440375] (-) TimerEvent: {}
[166.541643] (-) TimerEvent: {}
[166.643026] (-) TimerEvent: {}
[166.744186] (-) TimerEvent: {}
[166.845786] (-) TimerEvent: {}
[166.947608] (-) TimerEvent: {}
[167.049443] (-) TimerEvent: {}
[167.150687] (-) TimerEvent: {}
[167.251806] (-) TimerEvent: {}
[167.353061] (-) TimerEvent: {}
[167.454522] (-) TimerEvent: {}
[167.555464] (-) TimerEvent: {}
[167.656579] (-) TimerEvent: {}
[167.757491] (-) TimerEvent: {}
[167.858340] (-) TimerEvent: {}
[167.959181] (-) TimerEvent: {}
[168.060034] (-) TimerEvent: {}
[168.160956] (-) TimerEvent: {}
[168.262119] (-) TimerEvent: {}
[168.334695] (hiveflight_sim_node) StdoutLine: {'line': b'[100%] \x1b[32m\x1b[1mLinking CXX executable simulation_node\x1b[0m\n'}
[168.362222] (-) TimerEvent: {}
[168.463080] (-) TimerEvent: {}
[168.563976] (-) TimerEvent: {}
[168.664957] (-) TimerEvent: {}
[168.765993] (-) TimerEvent: {}
[168.868028] (-) TimerEvent: {}
[168.969294] (-) TimerEvent: {}
[169.070248] (-) TimerEvent: {}
[169.171277] (-) TimerEvent: {}
[169.272450] (-) TimerEvent: {}
[169.373553] (-) TimerEvent: {}
[169.474557] (-) TimerEvent: {}
[169.575590] (-) TimerEvent: {}
[169.676637] (-) TimerEvent: {}
[169.777543] (-) TimerEvent: {}
[169.878498] (-) TimerEvent: {}
[169.979480] (-) TimerEvent: {}
[170.080778] (-) TimerEvent: {}
[170.184186] (-) TimerEvent: {}
[170.285143] (-) TimerEvent: {}
[170.386436] (-) TimerEvent: {}
[170.487586] (-) TimerEvent: {}
[170.588786] (-) TimerEvent: {}
[170.690295] (-) TimerEvent: {}
[170.791315] (-) TimerEvent: {}
[170.892233] (-) TimerEvent: {}
[170.993221] (-) TimerEvent: {}
[171.094052] (-) TimerEvent: {}
[171.194987] (-) TimerEvent: {}
[171.296780] (-) TimerEvent: {}
[171.397653] (-) TimerEvent: {}
[171.498526] (-) TimerEvent: {}
[171.601556] (-) TimerEvent: {}
[171.702464] (-) TimerEvent: {}
[171.803332] (-) TimerEvent: {}
[171.904306] (-) TimerEvent: {}
[172.005250] (-) TimerEvent: {}
[172.106093] (-) TimerEvent: {}
[172.207056] (-) TimerEvent: {}
[172.308096] (-) TimerEvent: {}
[172.409058] (-) TimerEvent: {}
[172.509953] (-) TimerEvent: {}
[172.610823] (-) TimerEvent: {}
[172.711685] (-) TimerEvent: {}
[172.812812] (-) TimerEvent: {}
[172.954716] (-) TimerEvent: {}
[173.055685] (-) TimerEvent: {}
[173.156680] (-) TimerEvent: {}
[173.257796] (-) TimerEvent: {}
[173.358986] (-) TimerEvent: {}
[173.460085] (-) TimerEvent: {}
[173.561045] (-) TimerEvent: {}
[173.661973] (-) TimerEvent: {}
[173.763125] (-) TimerEvent: {}
[173.864064] (-) TimerEvent: {}
[173.965101] (-) TimerEvent: {}
[174.066129] (-) TimerEvent: {}
[174.167077] (-) TimerEvent: {}
[174.267959] (-) TimerEvent: {}
[174.368834] (-) TimerEvent: {}
[174.469657] (-) TimerEvent: {}
[174.570632] (-) TimerEvent: {}
[174.671531] (-) TimerEvent: {}
[174.772577] (-) TimerEvent: {}
[174.835200] (hiveflight_sim_node) StdoutLine: {'line': b'[100%] Built target simulation_node\n'}
[174.872787] (-) TimerEvent: {}
[174.973906] (-) TimerEvent: {}
[175.008889] (hiveflight_sim_node) CommandEnded: {'returncode': 0}
[175.040352] (hiveflight_sim_node) JobProgress: {'identifier': 'hiveflight_sim_node', 'progress': 'install'}
[175.049158] (hiveflight_sim_node) Command: {'cmd': ['/usr/bin/cmake', '--install', '/mnt/c/work/ubuntu_work/HiveFlight/ros2_ws/build/hiveflight_sim_node'], 'cwd': '/mnt/c/work/ubuntu_work/HiveFlight/ros2_ws/build/hiveflight_sim_node', 'env': OrderedDict([('LESSOPEN', '| /usr/bin/lesspipe %s'), ('USER', 'ivano'), ('SHLVL', '2'), ('LD_LIBRARY_PATH', '/mnt/c/work/ubuntu_work/HiveFlight/ros2_ws/install/lib:/usr/lib/x86_64-linux-gnu/gazebo-11/plugins:/home/ivano/hiveflight_ws/install/hiveflight_interfaces/lib:/opt/ros/humble/opt/rviz_ogre_vendor/lib:/opt/ros/humble/lib/x86_64-linux-gnu:/opt/ros/humble/lib'), ('MOTD_SHOWN', 'update-motd'), ('HOME', '/home/ivano'), ('OLDPWD', '/mnt/c/work/ubuntu_work/HiveFlight'), ('ROS_PYTHON_VERSION', '3'), ('DBUS_SESSION_BUS_ADDRESS', 'unix:path=/run/user/1000/bus'), ('WSL_DISTRO_NAME', 'Ubuntu-22.04'), ('WAYLAND_DISPLAY', 'wayland-0'), ('COLCON_PREFIX_PATH', '/mnt/c/work/ubuntu_work/HiveFlight/ros2_ws/install:/home/ivano/hiveflight_ws/install'), ('ROS_DISTRO', 'humble'), ('LOGNAME', 'ivano'), ('NAME', 'LAPTOP-7K9MEH4D'), ('WSL_INTEROP', '/run/WSL/331_interop'), ('PULSE_SERVER', 'unix:/mnt/wslg/PulseServer'), ('_', '/usr/bin/colcon'), ('ROS_VERSION', '2'), ('TERM', 'xterm-256color'), ('ROS_LOCALHOST_ONLY', '0'), ('PATH', '/opt/ros/humble/bin:/usr/local/sbin:/usr/local/bin:/usr/sbin:/usr/bin:/sbin:/bin:/usr/games:/usr/local/games:/usr/lib/wsl/lib:/mnt/c/Users/ivano/AppData/Roaming/Code/User/globalStorage/github.copilot-chat/debugCommand:/mnt/c/Users/ivano/AppData/Roaming/Code/User/globalStorage/github.copilot-chat/copilotCli:/mnt/c/windows/system32:/mnt/c/windows:/mnt/c/windows/System32/Wbem:/mnt/c/windows/System32/WindowsPowerShell/v1.0/:/mnt/c/windows/System32/OpenSSH/:/mnt/c/Program Files/HP/1E.Performance.Assist/Extensibility/NomadBranch:/mnt/c/Program Files/CMake/bin:/mnt/c/Program Files (x86)/Windows Kits/10/Windows Performance Toolkit/:/mnt/c/Program Files/Git/cmd:/mnt/c/windows/system32:/mnt/c/windows:/mnt/c/windows/System32/Wbem:/mnt/c/windows/System32/WindowsPowerShell/v1.0/:/mnt/c/windows/System32/OpenSSH/:/mnt/c/Program Files/HP/1E.Performance.Assist/Extensibility/NomadBranch:/mnt/c/Program Files/CMake/bin:/mnt/c/Program Files (x86)/Windows Kits/10/Windows Performance Toolkit/:/mnt/c/Program Files/Git/cmd:/mnt/c/vcpkg:/mnt/c/Users/ivano/AppData/Local/Programs/Microsoft VS Code/bin:/snap/bin'), ('XDG_RUNTIME_DIR', '/run/user/1000'), ('DISPLAY', ':0'), ('LANG', 'C.UTF-8'), ('LS_COLORS', 'rs=0:di=01;34:ln=01;36:mh=00:pi=40;33:so=01;35:do=01;35:bd=40;33;01:cd=40;33;01:or=40;31;01:mi=00:su=37;41:sg=30;43:ca=30;41:tw=30;42:ow=34;42:st=37;44:ex=01;32:*.tar=01;31:*.tgz=01;31:*.arc=01;31:*.arj=01;31:*.taz=01;31:*.lha=01;31:*.lz4=01;31:*.lzh=01;31:*.lzma=01;31:*.tlz=01;31:*.txz=01;31:*.tzo=01;31:*.t7z=01;31:*.zip=01;31:*.z=01;31:*.dz=01;31:*.gz=01;31:*.lrz=01;31:*.lz=01;31:*.lzo=01;31:*.xz=01;31:*.zst=01;31:*.tzst=01;31:*.bz2=01;31:*.bz=01;31:*.tbz=01;31:*.tbz2=01;31:*.tz=01;31:*.deb=01;31:*.rpm=01;31:*.jar=01;31:*.war=01;31:*.ear=01;31:*.sar=01;31:*.rar=01;31:*.alz=01;31:*.ace=01;31:*.zoo=01;31:*.cpio=01;31:*.7z=01;31:*.rz=01;31:*.cab=01;31:*.wim=01;31:*.swm=01;31:*.dwm=01;31:*.esd=01;31:*.jpg=01;35:*.jpeg=01;35:*.mjpg=01;35:*.mjpeg=01;35:*.gif=01;35:*.bmp=01;35:*.pbm=01;35:*.pgm=01;35:*.ppm=01;35:*.tga=01;35:*.xbm=01;35:*.xpm=01;35:*.tif=01;35:*.tiff=01;35:*.png=01;35:*.svg=01;35:*.svgz=01;35:*.mng=01;35:*.pcx=01;35:*.mov=01;35:*.mpg=01;35:*.mpeg=01;35:*.m2v=01;35:*.mkv=01;35:*.webm=01;35:*.webp=01;35:*.ogm=01;35:*.mp4=01;35:*.m4v=01;35:*.mp4v=01;35:*.vob=01;35:*.qt=01;35:*.nuv=01;35:*.wmv=01;35:*.asf=01;35:*.rm=01;35:*.rmvb=01;35:*.flc=01;35:*.avi=01;35:*.fli=01;35:*.flv=01;35:*.gl=01;35:*.dl=01;35:*.xcf=01;35:*.xwd=01;35:*.yuv=01;35:*.cgm=01;35:*.emf=01;35:*.ogv=01;35:*.ogx=01;35:*.aac=00;36:*.au=00;36:*.flac=00;36:*.m4a=00;36:*.mid=00;36:*.midi=00;36:*.mka=00;36:*.mp3=00;36:*.mpc=00;36:*.ogg=00;36:*.ra=00;36:*.wav=00;36:*.oga=00;36:*.opus=00;36:*.spx=00;36:*.xspf=00;36:'), ('AMENT_PREFIX_PATH', '/mnt/c/work/ubuntu_work/HiveFlight/ros2_ws/install:/home/ivano/hiveflight_ws/install/hiveflight_interfaces:/home/ivano/hiveflight_ws/install/hiveflight:/opt/ros/humble'), ('SHELL', '/bin/bash'), ('LESSCLOSE', '/usr/bin/lesspipe %s %s'), ('PWD', '/mnt/c/work/ubuntu_work/HiveFlight/ros2_ws/build/hiveflight_sim_node'), ('XDG_DATA_DIRS', '/usr/local/share:/usr/share:/var/lib/snapd/desktop'), ('PYTHONPATH', '/mnt/c/work/ubuntu_work/HiveFlight/ros2_ws/install/local/lib/python3.10/dist-packages:/home/ivano/hiveflight_ws/install/hiveflight_interfaces/local/lib/python3.10/dist-packages:/opt/ros/humble/lib/python3.10/site-packages:/opt/ros/humble/local/lib/python3.10/dist-packages'), ('COLCON', '1'), ('WSL2_GUI_APPS_ENABLED', '1'), ('HOSTTYPE', 'x86_64'), ('CMAKE_PREFIX_PATH', '/mnt/c/work/ubuntu_work/HiveFlight/ros2_ws/install:/home/ivano/hiveflight_ws/install/hiveflight_interfaces:/home/ivano/hiveflight_ws/install/hiveflight:/opt/ros/humble'), ('WSLENV', '')]), 'shell': False}
[175.074045] (-) TimerEvent: {}
[175.174806] (-) TimerEvent: {}
[175.187405] (hiveflight_sim_node) StdoutLine: {'line': b'-- Install configuration: ""\n'}
[175.216371] (hiveflight_sim_node) StdoutLine: {'line': b'-- Installing: /mnt/c/work/ubuntu_work/HiveFlight/ros2_ws/install/lib/hiveflight_sim_node/simulation_node\n'}
[175.274984] (-) TimerEvent: {}
[175.375907] (-) TimerEvent: {}
[175.477006] (-) TimerEvent: {}
[175.578021] (-) TimerEvent: {}
[175.691006] (-) TimerEvent: {}
[175.755486] (hiveflight_sim_node) StdoutLine: {'line': b'-- Set runtime path of "/mnt/c/work/ubuntu_work/HiveFlight/ros2_ws/install/lib/hiveflight_sim_node/simulation_node" to ""\n'}
[175.770269] (hiveflight_sim_node) StdoutLine: {'line': b'-- Installing: /mnt/c/work/ubuntu_work/HiveFlight/ros2_ws/install/share/hiveflight_sim_node/launch\n'}
[175.791192] (-) TimerEvent: {}
[175.820084] (hiveflight_sim_node) StdoutLine: {'line': b'-- Installing: /mnt/c/work/ubuntu_work/HiveFlight/ros2_ws/install/share/hiveflight_sim_node/launch/hiveflight.launch.py\n'}
[175.891424] (-) TimerEvent: {}
[175.948519] (hiveflight_sim_node) StdoutLine: {'line': b'-- Installing: /mnt/c/work/ubuntu_work/HiveFlight/ros2_ws/install/share/ament_index/resource_index/package_run_dependencies/hiveflight_sim_node\n'}
[175.992064] (-) TimerEvent: {}
[176.093181] (-) TimerEvent: {}
[176.142465] (hiveflight_sim_node) StdoutLine: {'line': b'-- Installing: /mnt/c/work/ubuntu_work/HiveFlight/ros2_ws/install/share/ament_index/resource_index/parent_prefix_path/hiveflight_sim_node\n'}
[176.193500] (-) TimerEvent: {}
[176.294547] (-) TimerEvent: {}
[176.322068] (hiveflight_sim_node) StdoutLine: {'line': b'-- Installing: /mnt/c/work/ubuntu_work/HiveFlight/ros2_ws/install/share/hiveflight_sim_node/environment/ament_prefix_path.sh\n'}
[176.394854] (-) TimerEvent: {}
[176.418837] (hiveflight_sim_node) StdoutLine: {'line': b'-- Installing: /mnt/c/work/ubuntu_work/HiveFlight/ros2_ws/install/share/hiveflight_sim_node/environment/ament_prefix_path.dsv\n'}
[176.495069] (-) TimerEvent: {}
[176.558787] (hiveflight_sim_node) StdoutLine: {'line': b'-- Installing: /mnt/c/work/ubuntu_work/HiveFlight/ros2_ws/install/share/hiveflight_sim_node/environment/path.sh\n'}
[176.595278] (-) TimerEvent: {}
[176.650216] (hiveflight_sim_node) StdoutLine: {'line': b'-- Installing: /mnt/c/work/ubuntu_work/HiveFlight/ros2_ws/install/share/hiveflight_sim_node/environment/path.dsv\n'}
[176.695488] (-) TimerEvent: {}
[176.750541] (hiveflight_sim_node) StdoutLine: {'line': b'-- Installing: /mnt/c/work/ubuntu_work/HiveFlight/ros2_ws/install/share/hiveflight_sim_node/local_setup.bash\n'}
[176.795705] (-) TimerEvent: {}
[176.836602] (hiveflight_sim_node) StdoutLine: {'line': b'-- Installing: /mnt/c/work/ubuntu_work/HiveFlight/ros2_ws/install/share/hiveflight_sim_node/local_setup.sh\n'}
[176.896477] (-) TimerEvent: {}
[176.972583] (hiveflight_sim_node) StdoutLine: {'line': b'-- Installing: /mnt/c/work/ubuntu_work/HiveFlight/ros2_ws/install/share/hiveflight_sim_node/local_setup.zsh\n'}
[176.996701] (-) TimerEvent: {}
[177.061939] (hiveflight_sim_node) StdoutLine: {'line': b'-- Installing: /mnt/c/work/ubuntu_work/HiveFlight/ros2_ws/install/share/hiveflight_sim_node/local_setup.dsv\n'}
[177.096893] (-) TimerEvent: {}
[177.150698] (hiveflight_sim_node) StdoutLine: {'line': b'-- Installing: /mnt/c/work/ubuntu_work/HiveFlight/ros2_ws/install/share/hiveflight_sim_node/package.dsv\n'}
[177.197151] (-) TimerEvent: {}
[177.260014] (hiveflight_sim_node) StdoutLine: {'line': b'-- Installing: /mnt/c/work/ubuntu_work/HiveFlight/ros2_ws/install/share/ament_index/resource_index/packages/hiveflight_sim_node\n'}
[177.297397] (-) TimerEvent: {}
[177.398362] (-) TimerEvent: {}
[177.402353] (hiveflight_sim_node) StdoutLine: {'line': b'-- Installing: /mnt/c/work/ubuntu_work/HiveFlight/ros2_ws/install/share/hiveflight_sim_node/cmake/hiveflight_sim_nodeConfig.cmake\n'}
[177.498585] (-) TimerEvent: {}
[177.499301] (hiveflight_sim_node) StdoutLine: {'line': b'-- Installing: /mnt/c/work/ubuntu_work/HiveFlight/ros2_ws/install/share/hiveflight_sim_node/cmake/hiveflight_sim_nodeConfig-version.cmake\n'}
[177.598783] (-) TimerEvent: {}
[177.600785] (hiveflight_sim_node) StdoutLine: {'line': b'-- Installing: /mnt/c/work/ubuntu_work/HiveFlight/ros2_ws/install/share/hiveflight_sim_node/package.xml\n'}
[177.699041] (-) TimerEvent: {}
[177.734487] (hiveflight_sim_node) CommandEnded: {'returncode': 0}
[177.799245] (-) TimerEvent: {}
[177.900374] (-) TimerEvent: {}
[178.001440] (-) TimerEvent: {}
[178.102659] (-) TimerEvent: {}
[178.203590] (-) TimerEvent: {}
[178.304835] (-) TimerEvent: {}
[178.410605] (-) TimerEvent: {}
[178.511475] (-) TimerEvent: {}
[178.612274] (-) TimerEvent: {}
[178.713196] (-) TimerEvent: {}
[178.814238] (-) TimerEvent: {}
[178.915661] (-) TimerEvent: {}
[179.016535] (-) TimerEvent: {}
[179.117526] (-) TimerEvent: {}
[179.218417] (-) TimerEvent: {}
[179.319290] (-) TimerEvent: {}
[179.420124] (-) TimerEvent: {}
[179.520896] (-) TimerEvent: {}
[179.621701] (-) TimerEvent: {}
[179.678711] (hiveflight_sim_node) JobEnded: {'identifier': 'hiveflight_sim_node', 'rc': 0}
[179.693776] (-) EventReactorShutdown: {}
