[0.000000] (-) TimerEvent: {}
[0.001168] (hiveflight_interfaces) JobQueued: {'identifier': 'hiveflight_interfaces', 'dependencies': OrderedDict()}
[0.001894] (hiveflight_sim) JobQueued: {'identifier': 'hiveflight_sim', 'dependencies': OrderedDict([('hiveflight_interfaces', '/mnt/c/work/ubuntu_work/HiveFlight/ros2_ws/install')])}
[0.002609] (hiveflight_sim_node) JobQueued: {'identifier': 'hiveflight_sim_node', 'dependencies': OrderedDict([('hiveflight_interfaces', '/mnt/c/work/ubuntu_work/HiveFlight/ros2_ws/install'), ('hiveflight_sim', '/mnt/c/work/ubuntu_work/HiveFlight/ros2_ws/install')])}
[0.003258] (hiveflight_interfaces) JobStarted: {'identifier': 'hiveflight_interfaces'}
[0.100819] (-) TimerEvent: {}
[0.207870] (-) TimerEvent: {}
[0.322257] (-) TimerEvent: {}
[0.413942] (hiveflight_interfaces) JobProgress: {'identifier': 'hiveflight_interfaces', 'progress': 'cmake'}
[0.423034] (-) TimerEvent: {}
[0.529282] (-) TimerEvent: {}
[0.560535] (hiveflight_interfaces) Command: {'cmd': ['/usr/bin/cmake', '/mnt/c/work/ubuntu_work/HiveFlight/ros2_ws/src/hiveflight_interfaces', '-DCMAKE_INSTALL_PREFIX=/mnt/c/work/ubuntu_work/HiveFlight/ros2_ws/install'], 'cwd': '/mnt/c/work/ubuntu_work/HiveFlight/ros2_ws/build/hiveflight_interfaces', 'env': OrderedDict([('LESSOPEN', '| /usr/bin/lesspipe %s'), ('USER', 'ivano'), ('SHLVL', '2'), ('LD_LIBRARY_PATH', '/mnt/c/work/ubuntu_work/HiveFlight/ros2_ws/install/lib:/usr/lib/x86_64-linux-gnu/gazebo-11/plugins:/opt/ros/humble/opt/rviz_ogre_vendor/lib:/opt/ros/humble/lib/x86_64-linux-gnu:/opt/ros/humble/lib'), ('HOME', '/home/ivano'), ('OLDPWD', '/mnt/c/work/ubuntu_work/HiveFlight/ros2_ws'), ('ROS_PYTHON_VERSION', '3'), ('DBUS_SESSION_BUS_ADDRESS', 'unix:path=/run/user/1000/bus'), ('WSL_DISTRO_NAME', 'Ubuntu-22.04'), ('WAYLAND_DISPLAY', 'wayland-0'), ('COLCON_PREFIX_PATH', '/mnt/c/work/ubuntu_work/HiveFlight/ros2_ws/install'), ('ROS_DISTRO', 'humble'), ('LOGNAME', 'ivano'), ('NAME', 'LAPTOP-7K9MEH4D'), ('WSL_INTEROP', '/run/WSL/327_interop'), ('PULSE_SERVER', 'unix:/mnt/wslg/PulseServer'), ('_', '/usr/bin/colcon'), ('ROS_VERSION', '2'), ('TERM', 'xterm-256color'), ('ROS_LOCALHOST_ONLY', '0'), ('PATH', '/opt/ros/humble/bin:/usr/local/sbin:/usr/local/bin:/usr/sbin:/usr/bin:/sbin:/bin:/usr/games:/usr/local/games:/usr/lib/wsl/lib:/mnt/c/Users/ivano/AppData/Roaming/Code/User/globalStorage/github.copilot-chat/debugCommand:/mnt/c/Users/ivano/AppData/Roaming/Code/User/globalStorage/github.copilot-chat/copilotCli:/mnt/c/Users/ivano/.codegpt/bin:/mnt/c/windows/system32:/mnt/c/windows:/mnt/c/windows/System32/Wbem:/mnt/c/windows/System32/WindowsPowerShell/v1.0/:/mnt/c/windows/System32/OpenSSH/:/mnt/c/Program Files/HP/1E.Performance.Assist/Extensibility/NomadBranch:/mnt/c/Program Files/CMake/bin:/mnt/c/Program Files (x86)/Windows Kits/10/Windows Performance Toolkit/:/mnt/c/Program Files/Git/cmd:/mnt/c/Users/ivano/.local/bin:/mnt/c/windows/system32:/mnt/c/windows:/mnt/c/windows/System32/Wbem:/mnt/c/windows/System32/WindowsPowerShell/v1.0/:/mnt/c/windows/System32/OpenSSH/:/mnt/c/Program Files/HP/1E.Performance.Assist/Extensibility/NomadBranch:/mnt/c/Program Files/CMake/bin:/mnt/c/Program Files (x86)/Windows Kits/10/Windows Performance Toolkit/:/mnt/c/Program Files/Git/cmd:/mnt/c/vcpkg:/mnt/c/Users/ivano/AppData/Local/Programs/Microsoft VS Code/bin:/mnt/c/Users/ivano/.vscode/extensions/ms-python.debugpy-2026.6.0-win32-x64/bundled/scripts/noConfigScripts:/snap/bin'), ('XDG_RUNTIME_DIR', '/run/user/1000'), ('DISPLAY', ':0'), ('LANG', 'C.UTF-8'), ('LS_COLORS', 'rs=0:di=01;34:ln=01;36:mh=00:pi=40;33:so=01;35:do=01;35:bd=40;33;01:cd=40;33;01:or=40;31;01:mi=00:su=37;41:sg=30;43:ca=30;41:tw=30;42:ow=34;42:st=37;44:ex=01;32:*.tar=01;31:*.tgz=01;31:*.arc=01;31:*.arj=01;31:*.taz=01;31:*.lha=01;31:*.lz4=01;31:*.lzh=01;31:*.lzma=01;31:*.tlz=01;31:*.txz=01;31:*.tzo=01;31:*.t7z=01;31:*.zip=01;31:*.z=01;31:*.dz=01;31:*.gz=01;31:*.lrz=01;31:*.lz=01;31:*.lzo=01;31:*.xz=01;31:*.zst=01;31:*.tzst=01;31:*.bz2=01;31:*.bz=01;31:*.tbz=01;31:*.tbz2=01;31:*.tz=01;31:*.deb=01;31:*.rpm=01;31:*.jar=01;31:*.war=01;31:*.ear=01;31:*.sar=01;31:*.rar=01;31:*.alz=01;31:*.ace=01;31:*.zoo=01;31:*.cpio=01;31:*.7z=01;31:*.rz=01;31:*.cab=01;31:*.wim=01;31:*.swm=01;31:*.dwm=01;31:*.esd=01;31:*.jpg=01;35:*.jpeg=01;35:*.mjpg=01;35:*.mjpeg=01;35:*.gif=01;35:*.bmp=01;35:*.pbm=01;35:*.pgm=01;35:*.ppm=01;35:*.tga=01;35:*.xbm=01;35:*.xpm=01;35:*.tif=01;35:*.tiff=01;35:*.png=01;35:*.svg=01;35:*.svgz=01;35:*.mng=01;35:*.pcx=01;35:*.mov=01;35:*.mpg=01;35:*.mpeg=01;35:*.m2v=01;35:*.mkv=01;35:*.webm=01;35:*.webp=01;35:*.ogm=01;35:*.mp4=01;35:*.m4v=01;35:*.mp4v=01;35:*.vob=01;35:*.qt=01;35:*.nuv=01;35:*.wmv=01;35:*.asf=01;35:*.rm=01;35:*.rmvb=01;35:*.flc=01;35:*.avi=01;35:*.fli=01;35:*.flv=01;35:*.gl=01;35:*.dl=01;35:*.xcf=01;35:*.xwd=01;35:*.yuv=01;35:*.cgm=01;35:*.emf=01;35:*.ogv=01;35:*.ogx=01;35:*.aac=00;36:*.au=00;36:*.flac=00;36:*.m4a=00;36:*.mid=00;36:*.midi=00;36:*.mka=00;36:*.mp3=00;36:*.mpc=00;36:*.ogg=00;36:*.ra=00;36:*.wav=00;36:*.oga=00;36:*.opus=00;36:*.spx=00;36:*.xspf=00;36:'), ('AMENT_PREFIX_PATH', '/mnt/c/work/ubuntu_work/HiveFlight/ros2_ws/install:/opt/ros/humble'), ('SHELL', '/bin/bash'), ('LESSCLOSE', '/usr/bin/lesspipe %s %s'), ('PWD', '/mnt/c/work/ubuntu_work/HiveFlight/ros2_ws/build/hiveflight_interfaces'), ('XDG_DATA_DIRS', '/usr/local/share:/usr/share:/var/lib/snapd/desktop'), ('PYTHONPATH', '/mnt/c/work/ubuntu_work/HiveFlight/ros2_ws/install/local/lib/python3.10/dist-packages:/opt/ros/humble/lib/python3.10/site-packages:/opt/ros/humble/local/lib/python3.10/dist-packages'), ('COLCON', '1'), ('WSL2_GUI_APPS_ENABLED', '1'), ('HOSTTYPE', 'x86_64'), ('CMAKE_PREFIX_PATH', '/mnt/c/work/ubuntu_work/HiveFlight/ros2_ws/install:/opt/ros/humble'), ('WSLENV', '')]), 'shell': False}
[0.646539] (-) TimerEvent: {}
[0.755678] (-) TimerEvent: {}
[0.863362] (-) TimerEvent: {}
[0.972842] (-) TimerEvent: {}
[1.081933] (-) TimerEvent: {}
[1.187498] (-) TimerEvent: {}
[1.295853] (-) TimerEvent: {}
[1.403159] (-) TimerEvent: {}
[1.510868] (-) TimerEvent: {}
[1.618778] (-) TimerEvent: {}
[1.726168] (-) TimerEvent: {}
[1.834003] (-) TimerEvent: {}
[1.940049] (-) TimerEvent: {}
[2.046865] (-) TimerEvent: {}
[2.154560] (-) TimerEvent: {}
[2.262295] (-) TimerEvent: {}
[2.370084] (-) TimerEvent: {}
[2.478163] (-) TimerEvent: {}
[2.586181] (-) TimerEvent: {}
[2.698261] (-) TimerEvent: {}
[2.717048] (hiveflight_interfaces) StdoutLine: {'line': b'-- The C compiler identification is GNU 11.4.0\n'}
[2.802364] (-) TimerEvent: {}
[2.909521] (-) TimerEvent: {}
[3.017059] (-) TimerEvent: {}
[3.124872] (-) TimerEvent: {}
[3.231818] (-) TimerEvent: {}
[3.339714] (-) TimerEvent: {}
[3.447824] (-) TimerEvent: {}
[3.555813] (-) TimerEvent: {}
[3.663492] (-) TimerEvent: {}
[3.771355] (-) TimerEvent: {}
[3.879412] (-) TimerEvent: {}
[3.987305] (-) TimerEvent: {}
[4.096873] (-) TimerEvent: {}
[4.218828] (-) TimerEvent: {}
[4.320843] (-) TimerEvent: {}
[4.426345] (-) TimerEvent: {}
[4.529134] (-) TimerEvent: {}
[4.635194] (-) TimerEvent: {}
[4.742398] (-) TimerEvent: {}
[4.850094] (-) TimerEvent: {}
[4.957608] (-) TimerEvent: {}
[5.065059] (-) TimerEvent: {}
[5.171714] (-) TimerEvent: {}
[5.279283] (-) TimerEvent: {}
[5.368838] (hiveflight_interfaces) StdoutLine: {'line': b'-- The CXX compiler identification is GNU 11.4.0\n'}
[5.379731] (-) TimerEvent: {}
[5.486430] (-) TimerEvent: {}
[5.594250] (-) TimerEvent: {}
[5.701783] (-) TimerEvent: {}
[5.809269] (-) TimerEvent: {}
[5.916809] (-) TimerEvent: {}
[6.024628] (-) TimerEvent: {}
[6.132198] (-) TimerEvent: {}
[6.239864] (-) TimerEvent: {}
[6.347519] (-) TimerEvent: {}
[6.455294] (-) TimerEvent: {}
[6.563593] (-) TimerEvent: {}
[6.609628] (hiveflight_interfaces) StdoutLine: {'line': b'-- Detecting C compiler ABI info\n'}
[6.665105] (-) TimerEvent: {}
[6.773108] (-) TimerEvent: {}
[6.879402] (-) TimerEvent: {}
[6.987365] (-) TimerEvent: {}
[7.093596] (-) TimerEvent: {}
[7.201255] (-) TimerEvent: {}
[7.303360] (-) TimerEvent: {}
[7.411044] (-) TimerEvent: {}
[7.518556] (-) TimerEvent: {}
[7.620999] (-) TimerEvent: {}
[7.727379] (-) TimerEvent: {}
[7.832703] (-) TimerEvent: {}
[7.937364] (-) TimerEvent: {}
[8.044957] (-) TimerEvent: {}
[8.152798] (-) TimerEvent: {}
[8.260825] (-) TimerEvent: {}
[8.368481] (-) TimerEvent: {}
[8.476032] (-) TimerEvent: {}
[8.583516] (-) TimerEvent: {}
[8.691038] (-) TimerEvent: {}
[8.798770] (-) TimerEvent: {}
[8.906540] (-) TimerEvent: {}
[9.015866] (-) TimerEvent: {}
[9.123370] (-) TimerEvent: {}
[9.148637] (hiveflight_interfaces) StdoutLine: {'line': b'-- Detecting C compiler ABI info - done\n'}
[9.210806] (hiveflight_interfaces) StdoutLine: {'line': b'-- Check for working C compiler: /usr/bin/cc - skipped\n'}
[9.223810] (-) TimerEvent: {}
[9.258454] (hiveflight_interfaces) StdoutLine: {'line': b'-- Detecting C compile features\n'}
[9.261671] (hiveflight_interfaces) StdoutLine: {'line': b'-- Detecting C compile features - done\n'}
[9.326805] (-) TimerEvent: {}
[9.428156] (hiveflight_interfaces) StdoutLine: {'line': b'-- Detecting CXX compiler ABI info\n'}
[9.431150] (-) TimerEvent: {}
[9.539014] (-) TimerEvent: {}
[9.646414] (-) TimerEvent: {}
[9.753878] (-) TimerEvent: {}
[9.861949] (-) TimerEvent: {}
[9.963364] (-) TimerEvent: {}
[10.070924] (-) TimerEvent: {}
[10.178337] (-) TimerEvent: {}
[10.285917] (-) TimerEvent: {}
[10.393259] (-) TimerEvent: {}
[10.500835] (-) TimerEvent: {}
[10.606486] (-) TimerEvent: {}
[10.713946] (-) TimerEvent: {}
[10.821876] (-) TimerEvent: {}
[10.929181] (-) TimerEvent: {}
[11.050621] (-) TimerEvent: {}
[11.153731] (-) TimerEvent: {}
[11.261422] (-) TimerEvent: {}
[11.368819] (-) TimerEvent: {}
[11.476375] (-) TimerEvent: {}
[11.556674] (hiveflight_interfaces) StdoutLine: {'line': b'-- Detecting CXX compiler ABI info - done\n'}
[11.605679] (-) TimerEvent: {}
[11.621511] (hiveflight_interfaces) StdoutLine: {'line': b'-- Check for working CXX compiler: /usr/bin/c++ - skipped\n'}
[11.624847] (hiveflight_interfaces) StdoutLine: {'line': b'-- Detecting CXX compile features\n'}
[11.627365] (hiveflight_interfaces) StdoutLine: {'line': b'-- Detecting CXX compile features - done\n'}
[11.709885] (-) TimerEvent: {}
[11.814362] (-) TimerEvent: {}
[11.818401] (hiveflight_interfaces) StdoutLine: {'line': b'-- Found ament_cmake: 1.3.14 (/opt/ros/humble/share/ament_cmake/cmake)\n'}
[11.919843] (-) TimerEvent: {}
[12.024057] (-) TimerEvent: {}
[12.130593] (-) TimerEvent: {}
[12.237735] (-) TimerEvent: {}
[12.343746] (-) TimerEvent: {}
[12.451472] (-) TimerEvent: {}
[12.558367] (-) TimerEvent: {}
[12.664667] (-) TimerEvent: {}
[12.735752] (hiveflight_interfaces) StdoutLine: {'line': b'-- Found Python3: /usr/bin/python3 (found version "3.10.12") found components: Interpreter \n'}
[12.784491] (-) TimerEvent: {}
[12.888403] (-) TimerEvent: {}
[12.991838] (-) TimerEvent: {}
[13.098031] (-) TimerEvent: {}
[13.204846] (-) TimerEvent: {}
[13.311409] (-) TimerEvent: {}
[13.418447] (-) TimerEvent: {}
[13.525910] (-) TimerEvent: {}
[13.633587] (-) TimerEvent: {}
[13.740662] (-) TimerEvent: {}
[13.846714] (-) TimerEvent: {}
[13.954624] (-) TimerEvent: {}
[14.057795] (-) TimerEvent: {}
[14.164350] (-) TimerEvent: {}
[14.271065] (-) TimerEvent: {}
[14.378028] (-) TimerEvent: {}
[14.484798] (-) TimerEvent: {}
[14.591444] (-) TimerEvent: {}
[14.697672] (-) TimerEvent: {}
[14.798954] (-) TimerEvent: {}
[14.907896] (-) TimerEvent: {}
[15.009384] (-) TimerEvent: {}
[15.112327] (-) TimerEvent: {}
[15.219373] (-) TimerEvent: {}
[15.254240] (hiveflight_interfaces) StdoutLine: {'line': b'-- Found geometry_msgs: 4.9.1 (/opt/ros/humble/share/geometry_msgs/cmake)\n'}
[15.322191] (-) TimerEvent: {}
[15.428428] (-) TimerEvent: {}
[15.534446] (-) TimerEvent: {}
[15.641146] (-) TimerEvent: {}
[15.748750] (-) TimerEvent: {}
[15.855641] (-) TimerEvent: {}
[15.963095] (-) TimerEvent: {}
[16.071675] (-) TimerEvent: {}
[16.180331] (-) TimerEvent: {}
[16.288054] (-) TimerEvent: {}
[16.396442] (-) TimerEvent: {}
[16.504064] (-) TimerEvent: {}
[16.611721] (-) TimerEvent: {}
[16.719292] (-) TimerEvent: {}
[16.806403] (hiveflight_interfaces) StdoutLine: {'line': b'-- Found rosidl_generator_c: 3.1.8 (/opt/ros/humble/share/rosidl_generator_c/cmake)\n'}
[16.836730] (-) TimerEvent: {}
[16.950206] (-) TimerEvent: {}
[17.057849] (-) TimerEvent: {}
[17.165351] (-) TimerEvent: {}
[17.178239] (hiveflight_interfaces) StdoutLine: {'line': b'-- Found rosidl_adapter: 3.1.8 (/opt/ros/humble/share/rosidl_adapter/cmake)\n'}
[17.269004] (-) TimerEvent: {}
[17.375437] (-) TimerEvent: {}
[17.488384] (-) TimerEvent: {}
[17.559810] (hiveflight_interfaces) StdoutLine: {'line': b'-- Found rosidl_generator_cpp: 3.1.8 (/opt/ros/humble/share/rosidl_generator_cpp/cmake)\n'}
[17.588803] (-) TimerEvent: {}
[17.711730] (-) TimerEvent: {}
[17.818517] (-) TimerEvent: {}
[17.902157] (hiveflight_interfaces) StdoutLine: {'line': b'-- Using all available rosidl_typesupport_c: rosidl_typesupport_fastrtps_c;rosidl_typesupport_introspection_c\n'}
[17.919619] (-) TimerEvent: {}
[18.027352] (-) TimerEvent: {}
[18.134839] (-) TimerEvent: {}
[18.242909] (-) TimerEvent: {}
[18.349947] (-) TimerEvent: {}
[18.405546] (hiveflight_interfaces) StdoutLine: {'line': b'-- Using all available rosidl_typesupport_cpp: rosidl_typesupport_fastrtps_cpp;rosidl_typesupport_introspection_cpp\n'}
[18.452121] (-) TimerEvent: {}
[18.560045] (-) TimerEvent: {}
[18.666752] (-) TimerEvent: {}
[18.774726] (-) TimerEvent: {}
[18.882286] (-) TimerEvent: {}
[18.984045] (hiveflight_interfaces) StdoutLine: {'line': b'-- Found rosidl_default_generators: 1.2.1 (/opt/ros/humble/share/rosidl_default_generators/cmake)\n'}
[18.987356] (-) TimerEvent: {}
[19.093254] (-) TimerEvent: {}
[19.200522] (-) TimerEvent: {}
[19.310840] (-) TimerEvent: {}
[19.419729] (-) TimerEvent: {}
[19.527803] (-) TimerEvent: {}
[19.636366] (-) TimerEvent: {}
[19.746359] (-) TimerEvent: {}
[19.853282] (-) TimerEvent: {}
[19.962007] (-) TimerEvent: {}
[20.069031] (-) TimerEvent: {}
[20.177032] (-) TimerEvent: {}
[20.284682] (-) TimerEvent: {}
[20.391616] (-) TimerEvent: {}
[20.501423] (-) TimerEvent: {}
[20.603067] (-) TimerEvent: {}
[20.705006] (-) TimerEvent: {}
[20.806954] (-) TimerEvent: {}
[20.908886] (-) TimerEvent: {}
[21.010847] (-) TimerEvent: {}
[21.112833] (-) TimerEvent: {}
[21.214511] (-) TimerEvent: {}
[21.324645] (-) TimerEvent: {}
[21.429909] (-) TimerEvent: {}
[21.533398] (-) TimerEvent: {}
[21.641868] (-) TimerEvent: {}
[21.750498] (-) TimerEvent: {}
[21.860612] (-) TimerEvent: {}
[21.969577] (-) TimerEvent: {}
[22.078118] (-) TimerEvent: {}
[22.186702] (-) TimerEvent: {}
[22.294907] (-) TimerEvent: {}
[22.404452] (-) TimerEvent: {}
[22.513295] (-) TimerEvent: {}
[22.620169] (-) TimerEvent: {}
[22.723440] (-) TimerEvent: {}
[22.832653] (-) TimerEvent: {}
[22.960666] (-) TimerEvent: {}
[23.070038] (-) TimerEvent: {}
[23.178899] (-) TimerEvent: {}
[23.287777] (-) TimerEvent: {}
[23.396497] (-) TimerEvent: {}
[23.505065] (-) TimerEvent: {}
[23.611968] (-) TimerEvent: {}
[23.717644] (-) TimerEvent: {}
[23.822886] (-) TimerEvent: {}
[23.931585] (-) TimerEvent: {}
[24.040449] (-) TimerEvent: {}
[24.149112] (-) TimerEvent: {}
[24.257675] (-) TimerEvent: {}
[24.365390] (-) TimerEvent: {}
[24.474560] (-) TimerEvent: {}
[24.577601] (-) TimerEvent: {}
[24.686435] (-) TimerEvent: {}
[24.795225] (-) TimerEvent: {}
[24.864565] (hiveflight_interfaces) StdoutLine: {'line': b'-- Found ament_cmake_ros: 0.10.0 (/opt/ros/humble/share/ament_cmake_ros/cmake)\n'}
[24.897616] (-) TimerEvent: {}
[25.006889] (-) TimerEvent: {}
[25.113929] (-) TimerEvent: {}
[25.221059] (-) TimerEvent: {}
[25.330001] (-) TimerEvent: {}
[25.438223] (-) TimerEvent: {}
[25.546725] (-) TimerEvent: {}
[25.655422] (-) TimerEvent: {}
[25.763057] (-) TimerEvent: {}
[25.883608] (-) TimerEvent: {}
[25.992629] (-) TimerEvent: {}
[26.096439] (-) TimerEvent: {}
[26.205298] (-) TimerEvent: {}
[26.314215] (-) TimerEvent: {}
[26.423278] (-) TimerEvent: {}
[26.532788] (-) TimerEvent: {}
[26.641777] (-) TimerEvent: {}
[26.751032] (-) TimerEvent: {}
[26.859775] (-) TimerEvent: {}
[26.965777] (-) TimerEvent: {}
[27.074578] (-) TimerEvent: {}
[27.183273] (-) TimerEvent: {}
[27.291999] (-) TimerEvent: {}
[27.401113] (-) TimerEvent: {}
[27.509661] (-) TimerEvent: {}
[27.618330] (-) TimerEvent: {}
[27.726786] (-) TimerEvent: {}
[27.828562] (-) TimerEvent: {}
[27.936682] (-) TimerEvent: {}
[28.043934] (-) TimerEvent: {}
[28.152576] (-) TimerEvent: {}
[28.260785] (-) TimerEvent: {}
[28.368997] (-) TimerEvent: {}
[28.477047] (-) TimerEvent: {}
[28.583075] (-) TimerEvent: {}
[28.689206] (-) TimerEvent: {}
[28.796725] (-) TimerEvent: {}
[28.903753] (-) TimerEvent: {}
[29.011940] (-) TimerEvent: {}
[29.120023] (-) TimerEvent: {}
[29.228188] (-) TimerEvent: {}
[29.336927] (-) TimerEvent: {}
[29.444882] (-) TimerEvent: {}
[29.553105] (-) TimerEvent: {}
[29.661207] (-) TimerEvent: {}
[29.769216] (-) TimerEvent: {}
[29.876852] (-) TimerEvent: {}
[29.978899] (-) TimerEvent: {}
[30.086853] (-) TimerEvent: {}
[30.194842] (-) TimerEvent: {}
[30.302851] (-) TimerEvent: {}
[30.411196] (-) TimerEvent: {}
[30.519294] (-) TimerEvent: {}
[30.627387] (-) TimerEvent: {}
[30.735458] (-) TimerEvent: {}
[30.843676] (-) TimerEvent: {}
[30.950787] (-) TimerEvent: {}
[31.059025] (-) TimerEvent: {}
[31.166942] (-) TimerEvent: {}
[31.275033] (-) TimerEvent: {}
[31.383105] (-) TimerEvent: {}
[31.491615] (-) TimerEvent: {}
[31.599762] (-) TimerEvent: {}
[31.707477] (-) TimerEvent: {}
[31.811784] (-) TimerEvent: {}
[31.919965] (-) TimerEvent: {}
[32.023887] (-) TimerEvent: {}
[32.155063] (-) TimerEvent: {}
[32.262352] (-) TimerEvent: {}
[32.370248] (-) TimerEvent: {}
[32.477537] (-) TimerEvent: {}
[32.585510] (-) TimerEvent: {}
[32.693761] (-) TimerEvent: {}
[32.801642] (-) TimerEvent: {}
[32.949046] (-) TimerEvent: {}
[33.057005] (-) TimerEvent: {}
[33.165023] (-) TimerEvent: {}
[33.272993] (-) TimerEvent: {}
[33.381090] (-) TimerEvent: {}
[33.489650] (-) TimerEvent: {}
[33.597847] (-) TimerEvent: {}
[33.705732] (-) TimerEvent: {}
[33.813756] (-) TimerEvent: {}
[33.921790] (-) TimerEvent: {}
[34.029849] (-) TimerEvent: {}
[34.137745] (-) TimerEvent: {}
[34.245708] (-) TimerEvent: {}
[34.353731] (-) TimerEvent: {}
[34.461889] (-) TimerEvent: {}
[34.570088] (-) TimerEvent: {}
[34.678104] (-) TimerEvent: {}
[34.786243] (-) TimerEvent: {}
[34.894234] (-) TimerEvent: {}
[35.002151] (-) TimerEvent: {}
[35.110573] (-) TimerEvent: {}
[35.218577] (-) TimerEvent: {}
[35.326752] (-) TimerEvent: {}
[35.433564] (-) TimerEvent: {}
[35.541525] (-) TimerEvent: {}
[35.648041] (-) TimerEvent: {}
[35.756041] (-) TimerEvent: {}
[35.863637] (-) TimerEvent: {}
[35.971687] (-) TimerEvent: {}
[36.083237] (-) TimerEvent: {}
[36.191726] (-) TimerEvent: {}
[36.299398] (-) TimerEvent: {}
[36.407136] (-) TimerEvent: {}
[36.514785] (-) TimerEvent: {}
[36.622723] (-) TimerEvent: {}
[36.730349] (-) TimerEvent: {}
[36.872770] (-) TimerEvent: {}
[36.980409] (-) TimerEvent: {}
[37.088043] (-) TimerEvent: {}
[37.195599] (-) TimerEvent: {}
[37.303187] (-) TimerEvent: {}
[37.410716] (-) TimerEvent: {}
[37.517482] (-) TimerEvent: {}
[37.625007] (-) TimerEvent: {}
[37.732730] (-) TimerEvent: {}
[37.840613] (-) TimerEvent: {}
[37.948850] (-) TimerEvent: {}
[38.056494] (-) TimerEvent: {}
[38.164022] (-) TimerEvent: {}
[38.271556] (-) TimerEvent: {}
[38.379245] (-) TimerEvent: {}
[38.485632] (-) TimerEvent: {}
[38.593152] (-) TimerEvent: {}
[38.699813] (-) TimerEvent: {}
[38.806710] (-) TimerEvent: {}
[38.908796] (-) TimerEvent: {}
[39.015852] (-) TimerEvent: {}
[39.123320] (-) TimerEvent: {}
[39.231511] (-) TimerEvent: {}
[39.339766] (-) TimerEvent: {}
[39.447576] (-) TimerEvent: {}
[39.556527] (-) TimerEvent: {}
[39.664335] (-) TimerEvent: {}
[39.767370] (-) TimerEvent: {}
[40.000958] (-) TimerEvent: {}
[40.108731] (-) TimerEvent: {}
[40.216400] (-) TimerEvent: {}
[40.324915] (-) TimerEvent: {}
[40.432693] (-) TimerEvent: {}
[40.540961] (-) TimerEvent: {}
[40.648420] (-) TimerEvent: {}
[40.756066] (-) TimerEvent: {}
[40.858271] (-) TimerEvent: {}
[40.965946] (-) TimerEvent: {}
[41.073532] (-) TimerEvent: {}
[41.181275] (-) TimerEvent: {}
[41.291957] (-) TimerEvent: {}
[41.399644] (-) TimerEvent: {}
[41.507226] (-) TimerEvent: {}
[41.614699] (-) TimerEvent: {}
[41.722663] (-) TimerEvent: {}
[41.867390] (-) TimerEvent: {}
[41.973232] (-) TimerEvent: {}
[41.991019] (hiveflight_interfaces) StdoutLine: {'line': b'-- Using all available rosidl_typesupport_c: rosidl_typesupport_fastrtps_c;rosidl_typesupport_introspection_c\n'}
[42.077592] (-) TimerEvent: {}
[42.185395] (-) TimerEvent: {}
[42.292955] (-) TimerEvent: {}
[42.400569] (-) TimerEvent: {}
[42.508166] (-) TimerEvent: {}
[42.616070] (-) TimerEvent: {}
[42.723620] (-) TimerEvent: {}
[42.831103] (-) TimerEvent: {}
[42.938521] (-) TimerEvent: {}
[43.046105] (-) TimerEvent: {}
[43.153753] (-) TimerEvent: {}
[43.261376] (-) TimerEvent: {}
[43.369122] (-) TimerEvent: {}
[43.476735] (-) TimerEvent: {}
[43.584682] (-) TimerEvent: {}
[43.692620] (-) TimerEvent: {}
[43.795256] (-) TimerEvent: {}
[43.902881] (-) TimerEvent: {}
[44.005508] (-) TimerEvent: {}
[44.114306] (-) TimerEvent: {}
[44.222030] (-) TimerEvent: {}
[44.329584] (-) TimerEvent: {}
[44.437070] (-) TimerEvent: {}
[44.544612] (-) TimerEvent: {}
[44.652461] (-) TimerEvent: {}
[44.772751] (-) TimerEvent: {}
[44.880408] (-) TimerEvent: {}
[44.987240] (-) TimerEvent: {}
[45.094865] (-) TimerEvent: {}
[45.202520] (-) TimerEvent: {}
[45.310120] (-) TimerEvent: {}
[45.417755] (-) TimerEvent: {}
[45.525475] (-) TimerEvent: {}
[45.636732] (-) TimerEvent: {}
[45.744475] (-) TimerEvent: {}
[45.852112] (-) TimerEvent: {}
[45.959612] (-) TimerEvent: {}
[46.067042] (-) TimerEvent: {}
[46.214854] (-) TimerEvent: {}
[46.322375] (-) TimerEvent: {}
[46.430220] (-) TimerEvent: {}
[46.537919] (-) TimerEvent: {}
[46.646140] (-) TimerEvent: {}
[46.754260] (-) TimerEvent: {}
[46.862305] (-) TimerEvent: {}
[46.970270] (-) TimerEvent: {}
[47.078250] (-) TimerEvent: {}
[47.186404] (-) TimerEvent: {}
[47.294547] (-) TimerEvent: {}
[47.402576] (-) TimerEvent: {}
[47.510609] (-) TimerEvent: {}
[47.675802] (-) TimerEvent: {}
[47.778186] (-) TimerEvent: {}
[47.884460] (-) TimerEvent: {}
[47.992875] (-) TimerEvent: {}
[48.101087] (-) TimerEvent: {}
[48.188377] (hiveflight_interfaces) StdoutLine: {'line': b'-- Using all available rosidl_typesupport_cpp: rosidl_typesupport_fastrtps_cpp;rosidl_typesupport_introspection_cpp\n'}
[48.201452] (-) TimerEvent: {}
[48.309587] (-) TimerEvent: {}
[48.417979] (-) TimerEvent: {}
[48.527951] (-) TimerEvent: {}
[48.610067] (hiveflight_interfaces) StdoutLine: {'line': b'-- Found PythonInterp: /usr/bin/python3 (found suitable version "3.10.12", minimum required is "3.6") \n'}
[48.628471] (-) TimerEvent: {}
[48.716393] (hiveflight_interfaces) StdoutLine: {'line': b'-- Found python_cmake_module: 0.10.0 (/opt/ros/humble/share/python_cmake_module/cmake)\n'}
[48.728620] (-) TimerEvent: {}
[48.836137] (-) TimerEvent: {}
[48.943085] (-) TimerEvent: {}
[49.051594] (-) TimerEvent: {}
[49.159855] (-) TimerEvent: {}
[49.268067] (-) TimerEvent: {}
[49.369334] (-) TimerEvent: {}
[49.475818] (-) TimerEvent: {}
[49.583773] (-) TimerEvent: {}
[49.692343] (-) TimerEvent: {}
[49.800739] (-) TimerEvent: {}
[49.908983] (-) TimerEvent: {}
[50.017455] (-) TimerEvent: {}
[50.124990] (hiveflight_interfaces) StdoutLine: {'line': b'-- Found PythonLibs: /usr/lib/x86_64-linux-gnu/libpython3.10.so (found suitable version "3.10.12", minimum required is "3.5") \n'}
[50.127390] (-) TimerEvent: {}
[50.128275] (hiveflight_interfaces) StdoutLine: {'line': b'-- Using PYTHON_EXECUTABLE: /usr/bin/python3\n'}
[50.130377] (hiveflight_interfaces) StdoutLine: {'line': b'-- Using PYTHON_INCLUDE_DIRS: /usr/include/python3.10\n'}
[50.132696] (hiveflight_interfaces) StdoutLine: {'line': b'-- Using PYTHON_LIBRARIES: /usr/lib/x86_64-linux-gnu/libpython3.10.so\n'}
[50.233309] (-) TimerEvent: {}
[50.243202] (hiveflight_interfaces) StdoutLine: {'line': b'-- Found PythonExtra: .so  \n'}
[50.339311] (-) TimerEvent: {}
[50.446178] (-) TimerEvent: {}
[50.574059] (-) TimerEvent: {}
[50.683156] (-) TimerEvent: {}
[50.791557] (-) TimerEvent: {}
[50.900145] (-) TimerEvent: {}
[51.006481] (-) TimerEvent: {}
[51.114778] (-) TimerEvent: {}
[51.222881] (-) TimerEvent: {}
[51.330935] (-) TimerEvent: {}
[51.439050] (-) TimerEvent: {}
[51.547136] (-) TimerEvent: {}
[51.654343] (-) TimerEvent: {}
[51.762482] (-) TimerEvent: {}
[51.870587] (-) TimerEvent: {}
[51.978587] (-) TimerEvent: {}
[52.086853] (-) TimerEvent: {}
[52.195300] (-) TimerEvent: {}
[52.304408] (-) TimerEvent: {}
[52.412463] (-) TimerEvent: {}
[52.521224] (-) TimerEvent: {}
[52.629308] (-) TimerEvent: {}
[52.737139] (-) TimerEvent: {}
[52.845321] (-) TimerEvent: {}
[52.947046] (-) TimerEvent: {}
[53.048613] (-) TimerEvent: {}
[53.149911] (-) TimerEvent: {}
[53.251325] (-) TimerEvent: {}
[53.357619] (-) TimerEvent: {}
[53.480716] (-) TimerEvent: {}
[53.587127] (-) TimerEvent: {}
[53.695876] (-) TimerEvent: {}
[53.804117] (-) TimerEvent: {}
[53.912075] (-) TimerEvent: {}
[54.019118] (-) TimerEvent: {}
[54.127214] (-) TimerEvent: {}
[54.235435] (-) TimerEvent: {}
[54.337075] (-) TimerEvent: {}
[54.450962] (-) TimerEvent: {}
[54.559098] (-) TimerEvent: {}
[54.667020] (-) TimerEvent: {}
[54.775215] (-) TimerEvent: {}
[54.883635] (-) TimerEvent: {}
[54.990952] (-) TimerEvent: {}
[55.099550] (-) TimerEvent: {}
[55.208670] (-) TimerEvent: {}
[55.317011] (-) TimerEvent: {}
[55.418406] (-) TimerEvent: {}
[55.520089] (-) TimerEvent: {}
[55.621328] (-) TimerEvent: {}
[55.722754] (-) TimerEvent: {}
[55.827497] (-) TimerEvent: {}
[55.936187] (-) TimerEvent: {}
[56.044551] (-) TimerEvent: {}
[56.152884] (-) TimerEvent: {}
[56.261368] (-) TimerEvent: {}
[56.405054] (-) TimerEvent: {}
[56.513761] (-) TimerEvent: {}
[56.621861] (-) TimerEvent: {}
[56.730121] (-) TimerEvent: {}
[56.838458] (-) TimerEvent: {}
[56.946395] (-) TimerEvent: {}
[57.053920] (-) TimerEvent: {}
[57.162371] (-) TimerEvent: {}
[57.270750] (-) TimerEvent: {}
[57.379133] (-) TimerEvent: {}
[57.487810] (-) TimerEvent: {}
[57.595075] (-) TimerEvent: {}
[57.703781] (-) TimerEvent: {}
[57.811111] (-) TimerEvent: {}
[57.918551] (-) TimerEvent: {}
[58.026030] (-) TimerEvent: {}
[58.132520] (-) TimerEvent: {}
[58.240757] (-) TimerEvent: {}
[58.349015] (-) TimerEvent: {}
[58.457304] (-) TimerEvent: {}
[58.565832] (-) TimerEvent: {}
[58.673301] (-) TimerEvent: {}
[58.781454] (-) TimerEvent: {}
[58.889652] (-) TimerEvent: {}
[58.997997] (-) TimerEvent: {}
[59.116730] (-) TimerEvent: {}
[59.225144] (-) TimerEvent: {}
[59.334181] (-) TimerEvent: {}
[59.442513] (-) TimerEvent: {}
[59.550744] (-) TimerEvent: {}
[59.659110] (-) TimerEvent: {}
[59.767394] (-) TimerEvent: {}
[59.874978] (-) TimerEvent: {}
[59.985425] (-) TimerEvent: {}
[60.092696] (-) TimerEvent: {}
[60.146064] (hiveflight_interfaces) StdoutLine: {'line': b'-- Configuring done\n'}
[60.196115] (-) TimerEvent: {}
[60.304601] (-) TimerEvent: {}
[60.412843] (-) TimerEvent: {}
[60.521114] (-) TimerEvent: {}
[60.629674] (-) TimerEvent: {}
[60.781629] (-) TimerEvent: {}
[60.889991] (-) TimerEvent: {}
[60.998199] (-) TimerEvent: {}
[61.106488] (-) TimerEvent: {}
[61.214440] (-) TimerEvent: {}
[61.322738] (-) TimerEvent: {}
[61.431143] (-) TimerEvent: {}
[61.539788] (-) TimerEvent: {}
[61.648064] (-) TimerEvent: {}
[61.756414] (-) TimerEvent: {}
[61.864699] (-) TimerEvent: {}
[61.973888] (-) TimerEvent: {}
[62.082273] (-) TimerEvent: {}
[62.191222] (-) TimerEvent: {}
[62.299651] (-) TimerEvent: {}
[62.411054] (-) TimerEvent: {}
[62.519613] (-) TimerEvent: {}
[62.627911] (-) TimerEvent: {}
[62.736117] (-) TimerEvent: {}
[62.844621] (-) TimerEvent: {}
[62.952903] (-) TimerEvent: {}
[63.061106] (-) TimerEvent: {}
[63.169454] (-) TimerEvent: {}
[63.277555] (-) TimerEvent: {}
[63.385511] (-) TimerEvent: {}
[63.493851] (-) TimerEvent: {}
[63.602228] (-) TimerEvent: {}
[63.710198] (-) TimerEvent: {}
[63.814433] (-) TimerEvent: {}
[63.922427] (-) TimerEvent: {}
[64.030597] (-) TimerEvent: {}
[64.138601] (-) TimerEvent: {}
[64.245401] (-) TimerEvent: {}
[64.353237] (-) TimerEvent: {}
[64.461111] (-) TimerEvent: {}
[64.569463] (-) TimerEvent: {}
[64.678106] (-) TimerEvent: {}
[64.785988] (-) TimerEvent: {}
[64.893896] (-) TimerEvent: {}
[65.001712] (-) TimerEvent: {}
[65.109689] (-) TimerEvent: {}
[65.217750] (-) TimerEvent: {}
[65.328461] (-) TimerEvent: {}
[65.436693] (-) TimerEvent: {}
[65.544412] (-) TimerEvent: {}
[65.652702] (-) TimerEvent: {}
[65.760946] (-) TimerEvent: {}
[65.868943] (-) TimerEvent: {}
[65.976828] (-) TimerEvent: {}
[65.991704] (hiveflight_interfaces) StdoutLine: {'line': b'-- Generating done\n'}
[66.082311] (-) TimerEvent: {}
[66.190220] (-) TimerEvent: {}
[66.298432] (-) TimerEvent: {}
[66.408564] (-) TimerEvent: {}
[66.516572] (-) TimerEvent: {}
[66.624461] (-) TimerEvent: {}
[66.732588] (-) TimerEvent: {}
[66.840535] (-) TimerEvent: {}
[66.942390] (-) TimerEvent: {}
[67.044509] (-) TimerEvent: {}
[67.152484] (-) TimerEvent: {}
[67.260340] (-) TimerEvent: {}
[67.368375] (-) TimerEvent: {}
[67.476470] (-) TimerEvent: {}
[67.584564] (-) TimerEvent: {}
[67.691661] (-) TimerEvent: {}
[67.795061] (-) TimerEvent: {}
[67.902944] (-) TimerEvent: {}
[68.050985] (-) TimerEvent: {}
[68.159000] (-) TimerEvent: {}
[68.267017] (-) TimerEvent: {}
[68.374921] (-) TimerEvent: {}
[68.482899] (-) TimerEvent: {}
[68.590848] (-) TimerEvent: {}
[68.664849] (hiveflight_interfaces) StdoutLine: {'line': b'-- Build files have been written to: /mnt/c/work/ubuntu_work/HiveFlight/ros2_ws/build/hiveflight_interfaces\n'}
[68.690883] (hiveflight_interfaces) CommandEnded: {'returncode': 0}
[68.694566] (-) TimerEvent: {}
[68.707558] (hiveflight_interfaces) JobProgress: {'identifier': 'hiveflight_interfaces', 'progress': 'build'}
[68.723444] (hiveflight_interfaces) Command: {'cmd': ['/usr/bin/cmake', '--build', '/mnt/c/work/ubuntu_work/HiveFlight/ros2_ws/build/hiveflight_interfaces', '--', '-j16', '-l16'], 'cwd': '/mnt/c/work/ubuntu_work/HiveFlight/ros2_ws/build/hiveflight_interfaces', 'env': OrderedDict([('LESSOPEN', '| /usr/bin/lesspipe %s'), ('USER', 'ivano'), ('SHLVL', '2'), ('LD_LIBRARY_PATH', '/mnt/c/work/ubuntu_work/HiveFlight/ros2_ws/install/lib:/usr/lib/x86_64-linux-gnu/gazebo-11/plugins:/opt/ros/humble/opt/rviz_ogre_vendor/lib:/opt/ros/humble/lib/x86_64-linux-gnu:/opt/ros/humble/lib'), ('HOME', '/home/ivano'), ('OLDPWD', '/mnt/c/work/ubuntu_work/HiveFlight/ros2_ws'), ('ROS_PYTHON_VERSION', '3'), ('DBUS_SESSION_BUS_ADDRESS', 'unix:path=/run/user/1000/bus'), ('WSL_DISTRO_NAME', 'Ubuntu-22.04'), ('WAYLAND_DISPLAY', 'wayland-0'), ('COLCON_PREFIX_PATH', '/mnt/c/work/ubuntu_work/HiveFlight/ros2_ws/install'), ('ROS_DISTRO', 'humble'), ('LOGNAME', 'ivano'), ('NAME', 'LAPTOP-7K9MEH4D'), ('WSL_INTEROP', '/run/WSL/327_interop'), ('PULSE_SERVER', 'unix:/mnt/wslg/PulseServer'), ('_', '/usr/bin/colcon'), ('ROS_VERSION', '2'), ('TERM', 'xterm-256color'), ('ROS_LOCALHOST_ONLY', '0'), ('PATH', '/opt/ros/humble/bin:/usr/local/sbin:/usr/local/bin:/usr/sbin:/usr/bin:/sbin:/bin:/usr/games:/usr/local/games:/usr/lib/wsl/lib:/mnt/c/Users/ivano/AppData/Roaming/Code/User/globalStorage/github.copilot-chat/debugCommand:/mnt/c/Users/ivano/AppData/Roaming/Code/User/globalStorage/github.copilot-chat/copilotCli:/mnt/c/Users/ivano/.codegpt/bin:/mnt/c/windows/system32:/mnt/c/windows:/mnt/c/windows/System32/Wbem:/mnt/c/windows/System32/WindowsPowerShell/v1.0/:/mnt/c/windows/System32/OpenSSH/:/mnt/c/Program Files/HP/1E.Performance.Assist/Extensibility/NomadBranch:/mnt/c/Program Files/CMake/bin:/mnt/c/Program Files (x86)/Windows Kits/10/Windows Performance Toolkit/:/mnt/c/Program Files/Git/cmd:/mnt/c/Users/ivano/.local/bin:/mnt/c/windows/system32:/mnt/c/windows:/mnt/c/windows/System32/Wbem:/mnt/c/windows/System32/WindowsPowerShell/v1.0/:/mnt/c/windows/System32/OpenSSH/:/mnt/c/Program Files/HP/1E.Performance.Assist/Extensibility/NomadBranch:/mnt/c/Program Files/CMake/bin:/mnt/c/Program Files (x86)/Windows Kits/10/Windows Performance Toolkit/:/mnt/c/Program Files/Git/cmd:/mnt/c/vcpkg:/mnt/c/Users/ivano/AppData/Local/Programs/Microsoft VS Code/bin:/mnt/c/Users/ivano/.vscode/extensions/ms-python.debugpy-2026.6.0-win32-x64/bundled/scripts/noConfigScripts:/snap/bin'), ('XDG_RUNTIME_DIR', '/run/user/1000'), ('DISPLAY', ':0'), ('LANG', 'C.UTF-8'), ('LS_COLORS', 'rs=0:di=01;34:ln=01;36:mh=00:pi=40;33:so=01;35:do=01;35:bd=40;33;01:cd=40;33;01:or=40;31;01:mi=00:su=37;41:sg=30;43:ca=30;41:tw=30;42:ow=34;42:st=37;44:ex=01;32:*.tar=01;31:*.tgz=01;31:*.arc=01;31:*.arj=01;31:*.taz=01;31:*.lha=01;31:*.lz4=01;31:*.lzh=01;31:*.lzma=01;31:*.tlz=01;31:*.txz=01;31:*.tzo=01;31:*.t7z=01;31:*.zip=01;31:*.z=01;31:*.dz=01;31:*.gz=01;31:*.lrz=01;31:*.lz=01;31:*.lzo=01;31:*.xz=01;31:*.zst=01;31:*.tzst=01;31:*.bz2=01;31:*.bz=01;31:*.tbz=01;31:*.tbz2=01;31:*.tz=01;31:*.deb=01;31:*.rpm=01;31:*.jar=01;31:*.war=01;31:*.ear=01;31:*.sar=01;31:*.rar=01;31:*.alz=01;31:*.ace=01;31:*.zoo=01;31:*.cpio=01;31:*.7z=01;31:*.rz=01;31:*.cab=01;31:*.wim=01;31:*.swm=01;31:*.dwm=01;31:*.esd=01;31:*.jpg=01;35:*.jpeg=01;35:*.mjpg=01;35:*.mjpeg=01;35:*.gif=01;35:*.bmp=01;35:*.pbm=01;35:*.pgm=01;35:*.ppm=01;35:*.tga=01;35:*.xbm=01;35:*.xpm=01;35:*.tif=01;35:*.tiff=01;35:*.png=01;35:*.svg=01;35:*.svgz=01;35:*.mng=01;35:*.pcx=01;35:*.mov=01;35:*.mpg=01;35:*.mpeg=01;35:*.m2v=01;35:*.mkv=01;35:*.webm=01;35:*.webp=01;35:*.ogm=01;35:*.mp4=01;35:*.m4v=01;35:*.mp4v=01;35:*.vob=01;35:*.qt=01;35:*.nuv=01;35:*.wmv=01;35:*.asf=01;35:*.rm=01;35:*.rmvb=01;35:*.flc=01;35:*.avi=01;35:*.fli=01;35:*.flv=01;35:*.gl=01;35:*.dl=01;35:*.xcf=01;35:*.xwd=01;35:*.yuv=01;35:*.cgm=01;35:*.emf=01;35:*.ogv=01;35:*.ogx=01;35:*.aac=00;36:*.au=00;36:*.flac=00;36:*.m4a=00;36:*.mid=00;36:*.midi=00;36:*.mka=00;36:*.mp3=00;36:*.mpc=00;36:*.ogg=00;36:*.ra=00;36:*.wav=00;36:*.oga=00;36:*.opus=00;36:*.spx=00;36:*.xspf=00;36:'), ('AMENT_PREFIX_PATH', '/mnt/c/work/ubuntu_work/HiveFlight/ros2_ws/install:/opt/ros/humble'), ('SHELL', '/bin/bash'), ('LESSCLOSE', '/usr/bin/lesspipe %s %s'), ('PWD', '/mnt/c/work/ubuntu_work/HiveFlight/ros2_ws/build/hiveflight_interfaces'), ('XDG_DATA_DIRS', '/usr/local/share:/usr/share:/var/lib/snapd/desktop'), ('PYTHONPATH', '/mnt/c/work/ubuntu_work/HiveFlight/ros2_ws/install/local/lib/python3.10/dist-packages:/opt/ros/humble/lib/python3.10/site-packages:/opt/ros/humble/local/lib/python3.10/dist-packages'), ('COLCON', '1'), ('WSL2_GUI_APPS_ENABLED', '1'), ('HOSTTYPE', 'x86_64'), ('CMAKE_PREFIX_PATH', '/mnt/c/work/ubuntu_work/HiveFlight/ros2_ws/install:/opt/ros/humble'), ('WSLENV', '')]), 'shell': False}
[68.795953] (-) TimerEvent: {}
[68.904061] (-) TimerEvent: {}
[69.012013] (-) TimerEvent: {}
[69.119954] (-) TimerEvent: {}
[69.228023] (-) TimerEvent: {}
[69.335079] (-) TimerEvent: {}
[69.442829] (-) TimerEvent: {}
[69.490676] (hiveflight_interfaces) StdoutLine: {'line': b'[  3%] \x1b[34m\x1b[1mGenerating C code for ROS interfaces\x1b[0m\n'}
[69.546364] (-) TimerEvent: {}
[69.591163] (hiveflight_interfaces) StdoutLine: {'line': b'[  6%] \x1b[34m\x1b[1mGenerating Rust code for ROS interfaces\x1b[0m\n'}
[69.638383] (hiveflight_interfaces) StdoutLine: {'line': b'[  9%] \x1b[34m\x1b[1mGenerating C++ code for ROS interfaces\x1b[0m\n'}
[69.646663] (-) TimerEvent: {}
[69.706319] (hiveflight_interfaces) StdoutLine: {'line': b'[  9%] Built target ament_cmake_python_copy_hiveflight_interfaces\n'}
[69.748397] (-) TimerEvent: {}
[69.857415] (-) TimerEvent: {}
[69.966088] (-) TimerEvent: {}
[70.067674] (-) TimerEvent: {}
[70.174816] (-) TimerEvent: {}
[70.282778] (-) TimerEvent: {}
[70.390839] (-) TimerEvent: {}
[70.492798] (-) TimerEvent: {}
[70.541014] (hiveflight_interfaces) StdoutLine: {'line': b'[  9%] Built target hiveflight_interfaces__rs\n'}
[70.596372] (-) TimerEvent: {}
[70.638344] (hiveflight_interfaces) StdoutLine: {'line': b'[  9%] Built target hiveflight_interfaces__cpp\n'}
[70.698280] (-) TimerEvent: {}
[70.786180] (hiveflight_interfaces) StdoutLine: {'line': b'[ 12%] \x1b[34m\x1b[1mGenerating C++ introspection for ROS interfaces\x1b[0m\n'}
[70.798977] (-) TimerEvent: {}
[70.830235] (hiveflight_interfaces) StdoutLine: {'line': b'[ 15%] \x1b[34m\x1b[1mGenerating C++ type support dispatch for ROS interfaces\x1b[0m\n'}
[70.849973] (hiveflight_interfaces) StdoutLine: {'line': b'running egg_info\n'}
[70.856788] (hiveflight_interfaces) StdoutLine: {'line': b'creating hiveflight_interfaces.egg-info\n'}
[70.860149] (hiveflight_interfaces) StdoutLine: {'line': b'[ 18%] \x1b[32mBuilding C object CMakeFiles/hiveflight_interfaces__rosidl_generator_c.dir/rosidl_generator_c/hiveflight_interfaces/msg/detail/drone_message__functions.c.o\x1b[0m\n'}
[70.864357] (hiveflight_interfaces) StdoutLine: {'line': b'writing hiveflight_interfaces.egg-info/PKG-INFO\n'}
[70.879826] (hiveflight_interfaces) StdoutLine: {'line': b'writing dependency_links to hiveflight_interfaces.egg-info/dependency_links.txt\n'}
[70.884778] (hiveflight_interfaces) StdoutLine: {'line': b'[ 21%] \x1b[34m\x1b[1mGenerating C++ type support for eProsima Fast-RTPS\x1b[0m\n'}
[70.899981] (-) TimerEvent: {}
[70.902484] (hiveflight_interfaces) StdoutLine: {'line': b'writing top-level names to hiveflight_interfaces.egg-info/top_level.txt\n'}
[70.918798] (hiveflight_interfaces) StdoutLine: {'line': b"writing manifest file 'hiveflight_interfaces.egg-info/SOURCES.txt'\n"}
[70.981688] (hiveflight_interfaces) StdoutLine: {'line': b"reading manifest file 'hiveflight_interfaces.egg-info/SOURCES.txt'\n"}
[71.001252] (-) TimerEvent: {}
[71.053541] (hiveflight_interfaces) StdoutLine: {'line': b"writing manifest file 'hiveflight_interfaces.egg-info/SOURCES.txt'\n"}
[71.103596] (-) TimerEvent: {}
[71.205021] (-) TimerEvent: {}
[71.255674] (hiveflight_interfaces) StdoutLine: {'line': b'[ 21%] Built target ament_cmake_python_build_hiveflight_interfaces_egg\n'}
[71.305364] (-) TimerEvent: {}
[71.407225] (-) TimerEvent: {}
[71.509320] (-) TimerEvent: {}
[71.589796] (hiveflight_interfaces) StderrLine: {'line': b"gmake[2]: Warning: File 'rosidl_typesupport_cpp/hiveflight_interfaces/msg/drone_message__type_support.cpp' has modification time 1 s in the future\n"}
[71.610226] (-) TimerEvent: {}
[71.686236] (hiveflight_interfaces) StdoutLine: {'line': b'[ 25%] \x1b[32mBuilding CXX object CMakeFiles/hiveflight_interfaces__rosidl_typesupport_cpp.dir/rosidl_typesupport_cpp/hiveflight_interfaces/msg/drone_message__type_support.cpp.o\x1b[0m\n'}
[71.710601] (-) TimerEvent: {}
[71.714502] (hiveflight_interfaces) StdoutLine: {'line': b'[ 28%] \x1b[32m\x1b[1mLinking C shared library libhiveflight_interfaces__rosidl_generator_c.so\x1b[0m\n'}
[71.735349] (hiveflight_interfaces) StderrLine: {'line': b"gmake[2]: Warning: File 'rosidl_typesupport_introspection_cpp/hiveflight_interfaces/msg/detail/drone_message__type_support.cpp' has modification time 0.98 s in the future\n"}
[71.811027] (-) TimerEvent: {}
[71.845314] (hiveflight_interfaces) StdoutLine: {'line': b'[ 31%] \x1b[32mBuilding CXX object CMakeFiles/hiveflight_interfaces__rosidl_typesupport_introspection_cpp.dir/rosidl_typesupport_introspection_cpp/hiveflight_interfaces/msg/detail/drone_message__type_support.cpp.o\x1b[0m\n'}
[71.858370] (hiveflight_interfaces) StderrLine: {'line': b"gmake[2]: Warning: File 'rosidl_typesupport_fastrtps_cpp/hiveflight_interfaces/msg/detail/dds_fastrtps/drone_message__type_support.cpp' has modification time 0.88 s in the future\n"}
[71.909102] (hiveflight_interfaces) StdoutLine: {'line': b'[ 34%] \x1b[32mBuilding CXX object CMakeFiles/hiveflight_interfaces__rosidl_typesupport_fastrtps_cpp.dir/rosidl_typesupport_fastrtps_cpp/hiveflight_interfaces/msg/detail/dds_fastrtps/drone_message__type_support.cpp.o\x1b[0m\n'}
[71.913281] (-) TimerEvent: {}
[72.014740] (-) TimerEvent: {}
[72.116713] (-) TimerEvent: {}
[72.218342] (-) TimerEvent: {}
[72.319784] (-) TimerEvent: {}
[72.421822] (-) TimerEvent: {}
[72.523659] (-) TimerEvent: {}
[72.598553] (hiveflight_interfaces) StdoutLine: {'line': b'[ 34%] Built target hiveflight_interfaces__rosidl_generator_c\n'}
[72.624140] (-) TimerEvent: {}
[72.726288] (-) TimerEvent: {}
[72.759329] (hiveflight_interfaces) StdoutLine: {'line': b'[ 40%] \x1b[34m\x1b[1mGenerating C type support dispatch for ROS interfaces\x1b[0m\n'}
[72.771994] (hiveflight_interfaces) StdoutLine: {'line': b'[ 40%] \x1b[34m\x1b[1mGenerating C type support for eProsima Fast-RTPS\x1b[0m\n'}
[72.826958] (-) TimerEvent: {}
[72.828914] (hiveflight_interfaces) StdoutLine: {'line': b'[ 43%] \x1b[34m\x1b[1mGenerating C introspection for ROS interfaces\x1b[0m\n'}
[72.933620] (-) TimerEvent: {}
[73.041756] (-) TimerEvent: {}
[73.150031] (-) TimerEvent: {}
[73.258420] (-) TimerEvent: {}
[73.366288] (-) TimerEvent: {}
[73.468045] (-) TimerEvent: {}
[73.563561] (hiveflight_interfaces) StdoutLine: {'line': b'[ 46%] \x1b[32m\x1b[1mLinking CXX shared library libhiveflight_interfaces__rosidl_typesupport_cpp.so\x1b[0m\n'}
[73.568425] (-) TimerEvent: {}
[73.653321] (hiveflight_interfaces) StderrLine: {'line': b"gmake[2]: Warning: File 'rosidl_typesupport_c/hiveflight_interfaces/msg/drone_message__type_support.cpp' has modification time 0.84 s in the future\n"}
[73.669089] (-) TimerEvent: {}
[73.771190] (-) TimerEvent: {}
[73.788789] (hiveflight_interfaces) StdoutLine: {'line': b'[ 50%] \x1b[32mBuilding CXX object CMakeFiles/hiveflight_interfaces__rosidl_typesupport_c.dir/rosidl_typesupport_c/hiveflight_interfaces/msg/drone_message__type_support.cpp.o\x1b[0m\n'}
[73.833933] (hiveflight_interfaces) StderrLine: {'line': b"gmake[2]: Warning: File 'rosidl_typesupport_fastrtps_c/hiveflight_interfaces/msg/detail/drone_message__type_support_c.cpp' has modification time 0.83 s in the future\n"}
[73.885884] (-) TimerEvent: {}
[73.945106] (hiveflight_interfaces) StderrLine: {'line': b"gmake[2]: Warning: File 'rosidl_typesupport_introspection_c/hiveflight_interfaces/msg/detail/drone_message__type_support.c' has modification time 0.76 s in the future\n"}
[73.968941] (hiveflight_interfaces) StdoutLine: {'line': b'[ 53%] \x1b[32mBuilding CXX object CMakeFiles/hiveflight_interfaces__rosidl_typesupport_fastrtps_c.dir/rosidl_typesupport_fastrtps_c/hiveflight_interfaces/msg/detail/drone_message__type_support_c.cpp.o\x1b[0m\n'}
[73.986968] (-) TimerEvent: {}
[74.024896] (hiveflight_interfaces) StdoutLine: {'line': b'[ 56%] \x1b[32mBuilding C object CMakeFiles/hiveflight_interfaces__rosidl_typesupport_introspection_c.dir/rosidl_typesupport_introspection_c/hiveflight_interfaces/msg/detail/drone_message__type_support.c.o\x1b[0m\n'}
[74.087382] (-) TimerEvent: {}
[74.189161] (-) TimerEvent: {}
[74.291255] (-) TimerEvent: {}
[74.368072] (hiveflight_interfaces) StderrLine: {'line': b'gmake[2]: warning:  Clock skew detected.  Your build may be incomplete.\n'}
[74.391706] (-) TimerEvent: {}
[74.410586] (hiveflight_interfaces) StdoutLine: {'line': b'[ 59%] \x1b[32m\x1b[1mLinking CXX shared library libhiveflight_interfaces__rosidl_typesupport_c.so\x1b[0m\n'}
[74.423405] (hiveflight_interfaces) StdoutLine: {'line': b'[ 62%] \x1b[32m\x1b[1mLinking CXX shared library libhiveflight_interfaces__rosidl_typesupport_introspection_cpp.so\x1b[0m\n'}
[74.451041] (hiveflight_interfaces) StdoutLine: {'line': b'[ 62%] Built target hiveflight_interfaces__rosidl_typesupport_cpp\n'}
[74.492160] (-) TimerEvent: {}
[74.568792] (hiveflight_interfaces) StdoutLine: {'line': b'[ 65%] \x1b[32m\x1b[1mLinking CXX shared library libhiveflight_interfaces__rosidl_typesupport_fastrtps_cpp.so\x1b[0m\n'}
[74.592935] (-) TimerEvent: {}
[74.694643] (-) TimerEvent: {}
[74.796344] (-) TimerEvent: {}
[74.898251] (-) TimerEvent: {}
[75.001473] (-) TimerEvent: {}
[75.095912] (hiveflight_interfaces) StdoutLine: {'line': b'[ 68%] \x1b[32m\x1b[1mLinking C shared library libhiveflight_interfaces__rosidl_typesupport_introspection_c.so\x1b[0m\n'}
[75.101692] (-) TimerEvent: {}
[75.203742] (-) TimerEvent: {}
[75.226671] (hiveflight_interfaces) StderrLine: {'line': b'gmake[2]: warning:  Clock skew detected.  Your build may be incomplete.\n'}
[75.304993] (-) TimerEvent: {}
[75.306739] (hiveflight_interfaces) StderrLine: {'line': b'gmake[2]: warning:  Clock skew detected.  Your build may be incomplete.\n'}
[75.367921] (hiveflight_interfaces) StdoutLine: {'line': b'[ 68%] Built target hiveflight_interfaces__rosidl_typesupport_c\n'}
[75.407388] (-) TimerEvent: {}
[75.457354] (hiveflight_interfaces) StdoutLine: {'line': b'[ 68%] Built target hiveflight_interfaces__rosidl_typesupport_introspection_cpp\n'}
[75.510762] (-) TimerEvent: {}
[75.546764] (hiveflight_interfaces) StderrLine: {'line': b'gmake[2]: warning:  Clock skew detected.  Your build may be incomplete.\n'}
[75.611985] (-) TimerEvent: {}
[75.672545] (hiveflight_interfaces) StdoutLine: {'line': b'[ 68%] Built target hiveflight_interfaces__rosidl_typesupport_fastrtps_cpp\n'}
[75.714672] (-) TimerEvent: {}
[75.819462] (-) TimerEvent: {}
[75.865048] (hiveflight_interfaces) StderrLine: {'line': b'gmake[2]: warning:  Clock skew detected.  Your build may be incomplete.\n'}
[75.921239] (-) TimerEvent: {}
[75.996613] (hiveflight_interfaces) StdoutLine: {'line': b'[ 68%] Built target hiveflight_interfaces__rosidl_typesupport_introspection_c\n'}
[76.021866] (-) TimerEvent: {}
[76.128565] (-) TimerEvent: {}
[76.235391] (-) TimerEvent: {}
[76.343064] (-) TimerEvent: {}
[76.427131] (hiveflight_interfaces) StdoutLine: {'line': b'[ 71%] \x1b[32m\x1b[1mLinking CXX shared library libhiveflight_interfaces__rosidl_typesupport_fastrtps_c.so\x1b[0m\n'}
[76.443469] (-) TimerEvent: {}
[76.551363] (-) TimerEvent: {}
[76.657728] (-) TimerEvent: {}
[76.765308] (-) TimerEvent: {}
[76.872979] (-) TimerEvent: {}
[76.980591] (-) TimerEvent: {}
[77.086502] (-) TimerEvent: {}
[77.136457] (hiveflight_interfaces) StderrLine: {'line': b'gmake[2]: warning:  Clock skew detected.  Your build may be incomplete.\n'}
[77.189757] (-) TimerEvent: {}
[77.298212] (-) TimerEvent: {}
[77.303047] (hiveflight_interfaces) StdoutLine: {'line': b'[ 71%] Built target hiveflight_interfaces__rosidl_typesupport_fastrtps_c\n'}
[77.402190] (-) TimerEvent: {}
[77.510119] (-) TimerEvent: {}
[77.615736] (-) TimerEvent: {}
[77.711647] (hiveflight_interfaces) StdoutLine: {'line': b'[ 71%] Built target hiveflight_interfaces\n'}
[77.715954] (-) TimerEvent: {}
[77.822188] (-) TimerEvent: {}
[77.929820] (-) TimerEvent: {}
[78.037557] (-) TimerEvent: {}
[78.129837] (hiveflight_interfaces) StdoutLine: {'line': b'[ 75%] \x1b[34m\x1b[1mGenerating Python code for ROS interfaces\x1b[0m\n'}
[78.137801] (-) TimerEvent: {}
[78.242707] (-) TimerEvent: {}
[78.349208] (-) TimerEvent: {}
[78.456193] (-) TimerEvent: {}
[78.562675] (-) TimerEvent: {}
[78.669613] (-) TimerEvent: {}
[78.776494] (-) TimerEvent: {}
[78.883400] (-) TimerEvent: {}
[78.992074] (-) TimerEvent: {}
[79.099588] (-) TimerEvent: {}
[79.182319] (hiveflight_interfaces) StdoutLine: {'line': b'[ 75%] Built target hiveflight_interfaces__py\n'}
[79.200048] (-) TimerEvent: {}
[79.307534] (-) TimerEvent: {}
[79.415160] (-) TimerEvent: {}
[79.487832] (hiveflight_interfaces) StderrLine: {'line': b"gmake[2]: Warning: File 'rosidl_generator_py/hiveflight_interfaces/msg/_drone_message_s.c' has modification time 0.38 s in the future\n"}
[79.517097] (-) TimerEvent: {}
[79.672525] (-) TimerEvent: {}
[79.723029] (hiveflight_interfaces) StdoutLine: {'line': b'[ 78%] \x1b[32mBuilding C object CMakeFiles/hiveflight_interfaces__rosidl_generator_py.dir/rosidl_generator_py/hiveflight_interfaces/msg/_drone_message_s.c.o\x1b[0m\n'}
[79.773180] (-) TimerEvent: {}
[79.881318] (-) TimerEvent: {}
[79.988950] (-) TimerEvent: {}
[80.096636] (-) TimerEvent: {}
[80.204368] (-) TimerEvent: {}
[80.311956] (-) TimerEvent: {}
[80.418751] (-) TimerEvent: {}
[80.526192] (-) TimerEvent: {}
[80.630357] (-) TimerEvent: {}
[80.737457] (-) TimerEvent: {}
[80.844097] (-) TimerEvent: {}
[80.952196] (-) TimerEvent: {}
[81.104613] (-) TimerEvent: {}
[81.212723] (-) TimerEvent: {}
[81.321479] (-) TimerEvent: {}
[81.345791] (hiveflight_interfaces) StdoutLine: {'line': b'[ 81%] \x1b[32m\x1b[1mLinking C shared library rosidl_generator_py/hiveflight_interfaces/libhiveflight_interfaces__rosidl_generator_py.so\x1b[0m\n'}
[81.425667] (-) TimerEvent: {}
[81.535046] (-) TimerEvent: {}
[81.644468] (-) TimerEvent: {}
[81.754029] (-) TimerEvent: {}
[81.863156] (-) TimerEvent: {}
[81.973310] (-) TimerEvent: {}
[82.082492] (-) TimerEvent: {}
[82.191582] (-) TimerEvent: {}
[82.300722] (-) TimerEvent: {}
[82.327094] (hiveflight_interfaces) StderrLine: {'line': b'gmake[2]: warning:  Clock skew detected.  Your build may be incomplete.\n'}
[82.406311] (-) TimerEvent: {}
[82.451341] (hiveflight_interfaces) StdoutLine: {'line': b'[ 81%] Built target hiveflight_interfaces__rosidl_generator_py\n'}
[82.507998] (-) TimerEvent: {}
[82.617241] (-) TimerEvent: {}
[82.679714] (hiveflight_interfaces) StderrLine: {'line': b"gmake[2]: Warning: File 'rosidl_generator_py/hiveflight_interfaces/libhiveflight_interfaces__rosidl_generator_py.so' has modification time 0.21 s in the future\n"}
[82.706862] (hiveflight_interfaces) StderrLine: {'line': b"gmake[2]: Warning: File 'rosidl_generator_py/hiveflight_interfaces/libhiveflight_interfaces__rosidl_generator_py.so' has modification time 0.18 s in the future\n"}
[82.717948] (-) TimerEvent: {}
[82.756411] (hiveflight_interfaces) StdoutLine: {'line': b'[ 84%] \x1b[32mBuilding C object CMakeFiles/hiveflight_interfaces__rosidl_typesupport_fastrtps_c__pyext.dir/rosidl_generator_py/hiveflight_interfaces/_hiveflight_interfaces_s.ep.rosidl_typesupport_fastrtps_c.c.o\x1b[0m\n'}
[82.773275] (hiveflight_interfaces) StdoutLine: {'line': b'[ 87%] \x1b[32mBuilding C object CMakeFiles/hiveflight_interfaces__rosidl_typesupport_introspection_c__pyext.dir/rosidl_generator_py/hiveflight_interfaces/_hiveflight_interfaces_s.ep.rosidl_typesupport_introspection_c.c.o\x1b[0m\n'}
[82.806072] (hiveflight_interfaces) StderrLine: {'line': b"gmake[2]: Warning: File 'rosidl_generator_py/hiveflight_interfaces/libhiveflight_interfaces__rosidl_generator_py.so' has modification time 0.084 s in the future\n"}
[82.818370] (-) TimerEvent: {}
[82.867293] (hiveflight_interfaces) StdoutLine: {'line': b'[ 90%] \x1b[32mBuilding C object CMakeFiles/hiveflight_interfaces__rosidl_typesupport_c__pyext.dir/rosidl_generator_py/hiveflight_interfaces/_hiveflight_interfaces_s.ep.rosidl_typesupport_c.c.o\x1b[0m\n'}
[82.918833] (-) TimerEvent: {}
[83.020685] (-) TimerEvent: {}
[83.122336] (-) TimerEvent: {}
[83.224042] (-) TimerEvent: {}
[83.326114] (-) TimerEvent: {}
[83.427564] (-) TimerEvent: {}
[83.529213] (-) TimerEvent: {}
[83.630870] (-) TimerEvent: {}
[83.732497] (-) TimerEvent: {}
[83.835724] (-) TimerEvent: {}
[83.937225] (-) TimerEvent: {}
[84.039883] (-) TimerEvent: {}
[84.121992] (hiveflight_interfaces) StdoutLine: {'line': b'[ 93%] \x1b[32m\x1b[1mLinking C shared library rosidl_generator_py/hiveflight_interfaces/hiveflight_interfaces_s__rosidl_typesupport_c.cpython-310-x86_64-linux-gnu.so\x1b[0m\n'}
[84.134232] (hiveflight_interfaces) StdoutLine: {'line': b'[ 96%] \x1b[32m\x1b[1mLinking C shared library rosidl_generator_py/hiveflight_interfaces/hiveflight_interfaces_s__rosidl_typesupport_introspection_c.cpython-310-x86_64-linux-gnu.so\x1b[0m\n'}
[84.140402] (-) TimerEvent: {}
[84.160941] (hiveflight_interfaces) StdoutLine: {'line': b'[100%] \x1b[32m\x1b[1mLinking C shared library rosidl_generator_py/hiveflight_interfaces/hiveflight_interfaces_s__rosidl_typesupport_fastrtps_c.cpython-310-x86_64-linux-gnu.so\x1b[0m\n'}
[84.246720] (-) TimerEvent: {}
[84.350426] (-) TimerEvent: {}
[84.457623] (-) TimerEvent: {}
[84.568551] (-) TimerEvent: {}
[84.670174] (-) TimerEvent: {}
[84.771804] (-) TimerEvent: {}
[84.873568] (-) TimerEvent: {}
[84.880011] (hiveflight_interfaces) StderrLine: {'line': b'gmake[2]: warning:  Clock skew detected.  Your build may be incomplete.\n'}
[84.967826] (hiveflight_interfaces) StderrLine: {'line': b'gmake[2]: warning:  Clock skew detected.  Your build may be incomplete.\n'}
[84.973947] (-) TimerEvent: {}
[85.012062] (hiveflight_interfaces) StdoutLine: {'line': b'[100%] Built target hiveflight_interfaces__rosidl_typesupport_c__pyext\n'}
[85.059316] (hiveflight_interfaces) StdoutLine: {'line': b'[100%] Built target hiveflight_interfaces__rosidl_typesupport_introspection_c__pyext\n'}
[85.075118] (-) TimerEvent: {}
[85.184355] (-) TimerEvent: {}
[85.263970] (hiveflight_interfaces) StderrLine: {'line': b'gmake[2]: warning:  Clock skew detected.  Your build may be incomplete.\n'}
[85.284944] (-) TimerEvent: {}
[85.394234] (-) TimerEvent: {}
[85.397810] (hiveflight_interfaces) StdoutLine: {'line': b'[100%] Built target hiveflight_interfaces__rosidl_typesupport_fastrtps_c__pyext\n'}
[85.501117] (-) TimerEvent: {}
[85.604020] (-) TimerEvent: {}
[85.713479] (-) TimerEvent: {}
[85.815356] (hiveflight_interfaces) CommandEnded: {'returncode': 0}
[85.818158] (-) TimerEvent: {}
[85.866074] (hiveflight_interfaces) JobProgress: {'identifier': 'hiveflight_interfaces', 'progress': 'install'}
[85.919998] (-) TimerEvent: {}
[86.007080] (hiveflight_interfaces) Command: {'cmd': ['/usr/bin/cmake', '--install', '/mnt/c/work/ubuntu_work/HiveFlight/ros2_ws/build/hiveflight_interfaces'], 'cwd': '/mnt/c/work/ubuntu_work/HiveFlight/ros2_ws/build/hiveflight_interfaces', 'env': OrderedDict([('LESSOPEN', '| /usr/bin/lesspipe %s'), ('USER', 'ivano'), ('SHLVL', '2'), ('LD_LIBRARY_PATH', '/mnt/c/work/ubuntu_work/HiveFlight/ros2_ws/install/lib:/usr/lib/x86_64-linux-gnu/gazebo-11/plugins:/opt/ros/humble/opt/rviz_ogre_vendor/lib:/opt/ros/humble/lib/x86_64-linux-gnu:/opt/ros/humble/lib'), ('HOME', '/home/ivano'), ('OLDPWD', '/mnt/c/work/ubuntu_work/HiveFlight/ros2_ws'), ('ROS_PYTHON_VERSION', '3'), ('DBUS_SESSION_BUS_ADDRESS', 'unix:path=/run/user/1000/bus'), ('WSL_DISTRO_NAME', 'Ubuntu-22.04'), ('WAYLAND_DISPLAY', 'wayland-0'), ('COLCON_PREFIX_PATH', '/mnt/c/work/ubuntu_work/HiveFlight/ros2_ws/install'), ('ROS_DISTRO', 'humble'), ('LOGNAME', 'ivano'), ('NAME', 'LAPTOP-7K9MEH4D'), ('WSL_INTEROP', '/run/WSL/327_interop'), ('PULSE_SERVER', 'unix:/mnt/wslg/PulseServer'), ('_', '/usr/bin/colcon'), ('ROS_VERSION', '2'), ('TERM', 'xterm-256color'), ('ROS_LOCALHOST_ONLY', '0'), ('PATH', '/opt/ros/humble/bin:/usr/local/sbin:/usr/local/bin:/usr/sbin:/usr/bin:/sbin:/bin:/usr/games:/usr/local/games:/usr/lib/wsl/lib:/mnt/c/Users/ivano/AppData/Roaming/Code/User/globalStorage/github.copilot-chat/debugCommand:/mnt/c/Users/ivano/AppData/Roaming/Code/User/globalStorage/github.copilot-chat/copilotCli:/mnt/c/Users/ivano/.codegpt/bin:/mnt/c/windows/system32:/mnt/c/windows:/mnt/c/windows/System32/Wbem:/mnt/c/windows/System32/WindowsPowerShell/v1.0/:/mnt/c/windows/System32/OpenSSH/:/mnt/c/Program Files/HP/1E.Performance.Assist/Extensibility/NomadBranch:/mnt/c/Program Files/CMake/bin:/mnt/c/Program Files (x86)/Windows Kits/10/Windows Performance Toolkit/:/mnt/c/Program Files/Git/cmd:/mnt/c/Users/ivano/.local/bin:/mnt/c/windows/system32:/mnt/c/windows:/mnt/c/windows/System32/Wbem:/mnt/c/windows/System32/WindowsPowerShell/v1.0/:/mnt/c/windows/System32/OpenSSH/:/mnt/c/Program Files/HP/1E.Performance.Assist/Extensibility/NomadBranch:/mnt/c/Program Files/CMake/bin:/mnt/c/Program Files (x86)/Windows Kits/10/Windows Performance Toolkit/:/mnt/c/Program Files/Git/cmd:/mnt/c/vcpkg:/mnt/c/Users/ivano/AppData/Local/Programs/Microsoft VS Code/bin:/mnt/c/Users/ivano/.vscode/extensions/ms-python.debugpy-2026.6.0-win32-x64/bundled/scripts/noConfigScripts:/snap/bin'), ('XDG_RUNTIME_DIR', '/run/user/1000'), ('DISPLAY', ':0'), ('LANG', 'C.UTF-8'), ('LS_COLORS', 'rs=0:di=01;34:ln=01;36:mh=00:pi=40;33:so=01;35:do=01;35:bd=40;33;01:cd=40;33;01:or=40;31;01:mi=00:su=37;41:sg=30;43:ca=30;41:tw=30;42:ow=34;42:st=37;44:ex=01;32:*.tar=01;31:*.tgz=01;31:*.arc=01;31:*.arj=01;31:*.taz=01;31:*.lha=01;31:*.lz4=01;31:*.lzh=01;31:*.lzma=01;31:*.tlz=01;31:*.txz=01;31:*.tzo=01;31:*.t7z=01;31:*.zip=01;31:*.z=01;31:*.dz=01;31:*.gz=01;31:*.lrz=01;31:*.lz=01;31:*.lzo=01;31:*.xz=01;31:*.zst=01;31:*.tzst=01;31:*.bz2=01;31:*.bz=01;31:*.tbz=01;31:*.tbz2=01;31:*.tz=01;31:*.deb=01;31:*.rpm=01;31:*.jar=01;31:*.war=01;31:*.ear=01;31:*.sar=01;31:*.rar=01;31:*.alz=01;31:*.ace=01;31:*.zoo=01;31:*.cpio=01;31:*.7z=01;31:*.rz=01;31:*.cab=01;31:*.wim=01;31:*.swm=01;31:*.dwm=01;31:*.esd=01;31:*.jpg=01;35:*.jpeg=01;35:*.mjpg=01;35:*.mjpeg=01;35:*.gif=01;35:*.bmp=01;35:*.pbm=01;35:*.pgm=01;35:*.ppm=01;35:*.tga=01;35:*.xbm=01;35:*.xpm=01;35:*.tif=01;35:*.tiff=01;35:*.png=01;35:*.svg=01;35:*.svgz=01;35:*.mng=01;35:*.pcx=01;35:*.mov=01;35:*.mpg=01;35:*.mpeg=01;35:*.m2v=01;35:*.mkv=01;35:*.webm=01;35:*.webp=01;35:*.ogm=01;35:*.mp4=01;35:*.m4v=01;35:*.mp4v=01;35:*.vob=01;35:*.qt=01;35:*.nuv=01;35:*.wmv=01;35:*.asf=01;35:*.rm=01;35:*.rmvb=01;35:*.flc=01;35:*.avi=01;35:*.fli=01;35:*.flv=01;35:*.gl=01;35:*.dl=01;35:*.xcf=01;35:*.xwd=01;35:*.yuv=01;35:*.cgm=01;35:*.emf=01;35:*.ogv=01;35:*.ogx=01;35:*.aac=00;36:*.au=00;36:*.flac=00;36:*.m4a=00;36:*.mid=00;36:*.midi=00;36:*.mka=00;36:*.mp3=00;36:*.mpc=00;36:*.ogg=00;36:*.ra=00;36:*.wav=00;36:*.oga=00;36:*.opus=00;36:*.spx=00;36:*.xspf=00;36:'), ('AMENT_PREFIX_PATH', '/mnt/c/work/ubuntu_work/HiveFlight/ros2_ws/install:/opt/ros/humble'), ('SHELL', '/bin/bash'), ('LESSCLOSE', '/usr/bin/lesspipe %s %s'), ('PWD', '/mnt/c/work/ubuntu_work/HiveFlight/ros2_ws/build/hiveflight_interfaces'), ('XDG_DATA_DIRS', '/usr/local/share:/usr/share:/var/lib/snapd/desktop'), ('PYTHONPATH', '/mnt/c/work/ubuntu_work/HiveFlight/ros2_ws/install/local/lib/python3.10/dist-packages:/opt/ros/humble/lib/python3.10/site-packages:/opt/ros/humble/local/lib/python3.10/dist-packages'), ('COLCON', '1'), ('WSL2_GUI_APPS_ENABLED', '1'), ('HOSTTYPE', 'x86_64'), ('CMAKE_PREFIX_PATH', '/mnt/c/work/ubuntu_work/HiveFlight/ros2_ws/install:/opt/ros/humble'), ('WSLENV', '')]), 'shell': False}
[86.020447] (-) TimerEvent: {}
[86.075341] (hiveflight_interfaces) StdoutLine: {'line': b'-- Install configuration: ""\n'}
[86.124065] (-) TimerEvent: {}
[86.163395] (hiveflight_interfaces) StdoutLine: {'line': b'-- Installing: /mnt/c/work/ubuntu_work/HiveFlight/ros2_ws/install/share/ament_index/resource_index/rosidl_interfaces/hiveflight_interfaces\n'}
[86.228936] (-) TimerEvent: {}
[86.338022] (-) TimerEvent: {}
[86.339439] (hiveflight_interfaces) StdoutLine: {'line': b'-- Installing: /mnt/c/work/ubuntu_work/HiveFlight/ros2_ws/install/include/hiveflight_interfaces/hiveflight_interfaces\n'}
[86.393395] (hiveflight_interfaces) StdoutLine: {'line': b'-- Installing: /mnt/c/work/ubuntu_work/HiveFlight/ros2_ws/install/include/hiveflight_interfaces/hiveflight_interfaces/msg\n'}
[86.441603] (-) TimerEvent: {}
[86.511354] (hiveflight_interfaces) StdoutLine: {'line': b'-- Installing: /mnt/c/work/ubuntu_work/HiveFlight/ros2_ws/install/include/hiveflight_interfaces/hiveflight_interfaces/msg/detail\n'}
[86.544050] (-) TimerEvent: {}
[86.626630] (hiveflight_interfaces) StdoutLine: {'line': b'-- Installing: /mnt/c/work/ubuntu_work/HiveFlight/ros2_ws/install/include/hiveflight_interfaces/hiveflight_interfaces/msg/detail/drone_message__functions.c\n'}
[86.645513] (-) TimerEvent: {}
[86.754652] (-) TimerEvent: {}
[86.836680] (hiveflight_interfaces) StdoutLine: {'line': b'-- Installing: /mnt/c/work/ubuntu_work/HiveFlight/ros2_ws/install/include/hiveflight_interfaces/hiveflight_interfaces/msg/detail/drone_message__functions.h\n'}
[86.879822] (-) TimerEvent: {}
[86.988958] (-) TimerEvent: {}
[87.098219] (-) TimerEvent: {}
[87.207770] (-) TimerEvent: {}
[87.317336] (-) TimerEvent: {}
[87.319651] (hiveflight_interfaces) StdoutLine: {'line': b'-- Installing: /mnt/c/work/ubuntu_work/HiveFlight/ros2_ws/install/include/hiveflight_interfaces/hiveflight_interfaces/msg/detail/drone_message__struct.h\n'}
[87.425079] (-) TimerEvent: {}
[87.534752] (-) TimerEvent: {}
[87.644373] (-) TimerEvent: {}
[87.683550] (hiveflight_interfaces) StdoutLine: {'line': b'-- Installing: /mnt/c/work/ubuntu_work/HiveFlight/ros2_ws/install/include/hiveflight_interfaces/hiveflight_interfaces/msg/detail/drone_message__type_support.h\n'}
[87.749084] (-) TimerEvent: {}
[87.857338] (-) TimerEvent: {}
[87.966983] (-) TimerEvent: {}
[88.018771] (hiveflight_interfaces) StdoutLine: {'line': b'-- Installing: /mnt/c/work/ubuntu_work/HiveFlight/ros2_ws/install/include/hiveflight_interfaces/hiveflight_interfaces/msg/drone_message.h\n'}
[88.070786] (-) TimerEvent: {}
[88.180447] (-) TimerEvent: {}
[88.289848] (-) TimerEvent: {}
[88.300969] (hiveflight_interfaces) StdoutLine: {'line': b'-- Installing: /mnt/c/work/ubuntu_work/HiveFlight/ros2_ws/install/include/hiveflight_interfaces/hiveflight_interfaces/msg/rosidl_generator_c__visibility_control.h\n'}
[88.396972] (-) TimerEvent: {}
[88.506490] (-) TimerEvent: {}
[88.616538] (-) TimerEvent: {}
[88.618594] (hiveflight_interfaces) StdoutLine: {'line': b'-- Installing: /mnt/c/work/ubuntu_work/HiveFlight/ros2_ws/install/share/hiveflight_interfaces/environment/library_path.sh\n'}
[88.722523] (-) TimerEvent: {}
[88.809889] (hiveflight_interfaces) StdoutLine: {'line': b'-- Installing: /mnt/c/work/ubuntu_work/HiveFlight/ros2_ws/install/share/hiveflight_interfaces/environment/library_path.dsv\n'}
[88.823476] (-) TimerEvent: {}
[88.932958] (-) TimerEvent: {}
[89.015961] (hiveflight_interfaces) StdoutLine: {'line': b'-- Installing: /mnt/c/work/ubuntu_work/HiveFlight/ros2_ws/install/lib/libhiveflight_interfaces__rosidl_generator_c.so\n'}
[89.034327] (-) TimerEvent: {}
[89.143814] (-) TimerEvent: {}
[89.231040] (hiveflight_interfaces) StdoutLine: {'line': b'-- Set runtime path of "/mnt/c/work/ubuntu_work/HiveFlight/ros2_ws/install/lib/libhiveflight_interfaces__rosidl_generator_c.so" to ""\n'}
[89.244741] (-) TimerEvent: {}
[89.257771] (hiveflight_interfaces) StdoutLine: {'line': b'-- Up-to-date: /mnt/c/work/ubuntu_work/HiveFlight/ros2_ws/install/include/hiveflight_interfaces/hiveflight_interfaces\n'}
[89.310240] (hiveflight_interfaces) StdoutLine: {'line': b'-- Up-to-date: /mnt/c/work/ubuntu_work/HiveFlight/ros2_ws/install/include/hiveflight_interfaces/hiveflight_interfaces/msg\n'}
[89.347477] (-) TimerEvent: {}
[89.371847] (hiveflight_interfaces) StdoutLine: {'line': b'-- Up-to-date: /mnt/c/work/ubuntu_work/HiveFlight/ros2_ws/install/include/hiveflight_interfaces/hiveflight_interfaces/msg/detail\n'}
[89.452596] (-) TimerEvent: {}
[89.528302] (hiveflight_interfaces) StdoutLine: {'line': b'-- Installing: /mnt/c/work/ubuntu_work/HiveFlight/ros2_ws/install/include/hiveflight_interfaces/hiveflight_interfaces/msg/detail/drone_message__rosidl_typesupport_fastrtps_c.h\n'}
[89.554160] (-) TimerEvent: {}
[89.662187] (-) TimerEvent: {}
[89.744403] (hiveflight_interfaces) StdoutLine: {'line': b'-- Installing: /mnt/c/work/ubuntu_work/HiveFlight/ros2_ws/install/include/hiveflight_interfaces/hiveflight_interfaces/msg/rosidl_typesupport_fastrtps_c__visibility_control.h\n'}
[89.763515] (-) TimerEvent: {}
[89.871669] (-) TimerEvent: {}
[89.970386] (hiveflight_interfaces) StdoutLine: {'line': b'-- Installing: /mnt/c/work/ubuntu_work/HiveFlight/ros2_ws/install/lib/libhiveflight_interfaces__rosidl_typesupport_fastrtps_c.so\n'}
[89.973371] (-) TimerEvent: {}
[90.081365] (-) TimerEvent: {}
[90.189100] (-) TimerEvent: {}
[90.199827] (hiveflight_interfaces) StdoutLine: {'line': b'-- Set runtime path of "/mnt/c/work/ubuntu_work/HiveFlight/ros2_ws/install/lib/libhiveflight_interfaces__rosidl_typesupport_fastrtps_c.so" to ""\n'}
[90.231656] (hiveflight_interfaces) StdoutLine: {'line': b'-- Up-to-date: /mnt/c/work/ubuntu_work/HiveFlight/ros2_ws/install/include/hiveflight_interfaces/hiveflight_interfaces\n'}
[90.290067] (hiveflight_interfaces) StdoutLine: {'line': b'-- Up-to-date: /mnt/c/work/ubuntu_work/HiveFlight/ros2_ws/install/include/hiveflight_interfaces/hiveflight_interfaces/msg\n'}
[90.292678] (-) TimerEvent: {}
[90.356080] (hiveflight_interfaces) StdoutLine: {'line': b'-- Up-to-date: /mnt/c/work/ubuntu_work/HiveFlight/ros2_ws/install/include/hiveflight_interfaces/hiveflight_interfaces/msg/detail\n'}
[90.395174] (-) TimerEvent: {}
[90.444495] (hiveflight_interfaces) StdoutLine: {'line': b'-- Installing: /mnt/c/work/ubuntu_work/HiveFlight/ros2_ws/install/include/hiveflight_interfaces/hiveflight_interfaces/msg/detail/drone_message__builder.hpp\n'}
[90.498590] (-) TimerEvent: {}
[90.606326] (-) TimerEvent: {}
[90.688777] (hiveflight_interfaces) StdoutLine: {'line': b'-- Installing: /mnt/c/work/ubuntu_work/HiveFlight/ros2_ws/install/include/hiveflight_interfaces/hiveflight_interfaces/msg/detail/drone_message__struct.hpp\n'}
[90.707572] (-) TimerEvent: {}
[90.815875] (-) TimerEvent: {}
[90.903307] (hiveflight_interfaces) StdoutLine: {'line': b'-- Installing: /mnt/c/work/ubuntu_work/HiveFlight/ros2_ws/install/include/hiveflight_interfaces/hiveflight_interfaces/msg/detail/drone_message__traits.hpp\n'}
[90.916743] (-) TimerEvent: {}
[91.024210] (-) TimerEvent: {}
[91.126467] (hiveflight_interfaces) StdoutLine: {'line': b'-- Installing: /mnt/c/work/ubuntu_work/HiveFlight/ros2_ws/install/include/hiveflight_interfaces/hiveflight_interfaces/msg/detail/drone_message__type_support.hpp\n'}
[91.129548] (-) TimerEvent: {}
[91.237329] (-) TimerEvent: {}
[91.363058] (-) TimerEvent: {}
[91.435917] (hiveflight_interfaces) StdoutLine: {'line': b'-- Installing: /mnt/c/work/ubuntu_work/HiveFlight/ros2_ws/install/include/hiveflight_interfaces/hiveflight_interfaces/msg/drone_message.hpp\n'}
[91.463676] (-) TimerEvent: {}
[91.571554] (-) TimerEvent: {}
[91.661016] (hiveflight_interfaces) StdoutLine: {'line': b'-- Installing: /mnt/c/work/ubuntu_work/HiveFlight/ros2_ws/install/include/hiveflight_interfaces/hiveflight_interfaces/msg/rosidl_generator_cpp__visibility_control.hpp\n'}
[91.672325] (-) TimerEvent: {}
[91.773902] (-) TimerEvent: {}
[91.845446] (hiveflight_interfaces) StdoutLine: {'line': b'-- Up-to-date: /mnt/c/work/ubuntu_work/HiveFlight/ros2_ws/install/include/hiveflight_interfaces/hiveflight_interfaces\n'}
[91.875910] (-) TimerEvent: {}
[91.895012] (hiveflight_interfaces) StdoutLine: {'line': b'-- Up-to-date: /mnt/c/work/ubuntu_work/HiveFlight/ros2_ws/install/include/hiveflight_interfaces/hiveflight_interfaces/msg\n'}
[91.956395] (hiveflight_interfaces) StdoutLine: {'line': b'-- Up-to-date: /mnt/c/work/ubuntu_work/HiveFlight/ros2_ws/install/include/hiveflight_interfaces/hiveflight_interfaces/msg/detail\n'}
[91.977428] (-) TimerEvent: {}
[92.069156] (hiveflight_interfaces) StdoutLine: {'line': b'-- Installing: /mnt/c/work/ubuntu_work/HiveFlight/ros2_ws/install/include/hiveflight_interfaces/hiveflight_interfaces/msg/detail/dds_fastrtps\n'}
[92.078010] (-) TimerEvent: {}
[92.171577] (hiveflight_interfaces) StdoutLine: {'line': b'-- Installing: /mnt/c/work/ubuntu_work/HiveFlight/ros2_ws/install/include/hiveflight_interfaces/hiveflight_interfaces/msg/detail/drone_message__rosidl_typesupport_fastrtps_cpp.hpp\n'}
[92.178425] (-) TimerEvent: {}
[92.285977] (-) TimerEvent: {}
[92.388441] (hiveflight_interfaces) StdoutLine: {'line': b'-- Installing: /mnt/c/work/ubuntu_work/HiveFlight/ros2_ws/install/include/hiveflight_interfaces/hiveflight_interfaces/msg/rosidl_typesupport_fastrtps_cpp__visibility_control.h\n'}
[92.391020] (-) TimerEvent: {}
[92.498573] (-) TimerEvent: {}
[92.575414] (hiveflight_interfaces) StdoutLine: {'line': b'-- Installing: /mnt/c/work/ubuntu_work/HiveFlight/ros2_ws/install/lib/libhiveflight_interfaces__rosidl_typesupport_fastrtps_cpp.so\n'}
[92.600220] (-) TimerEvent: {}
[92.708083] (-) TimerEvent: {}
[92.815835] (-) TimerEvent: {}
[92.832553] (hiveflight_interfaces) StdoutLine: {'line': b'-- Set runtime path of "/mnt/c/work/ubuntu_work/HiveFlight/ros2_ws/install/lib/libhiveflight_interfaces__rosidl_typesupport_fastrtps_cpp.so" to ""\n'}
[92.864661] (hiveflight_interfaces) StdoutLine: {'line': b'-- Up-to-date: /mnt/c/work/ubuntu_work/HiveFlight/ros2_ws/install/include/hiveflight_interfaces/hiveflight_interfaces\n'}
[92.917997] (hiveflight_interfaces) StdoutLine: {'line': b'-- Up-to-date: /mnt/c/work/ubuntu_work/HiveFlight/ros2_ws/install/include/hiveflight_interfaces/hiveflight_interfaces/msg\n'}
[92.921261] (-) TimerEvent: {}
[92.982493] (hiveflight_interfaces) StdoutLine: {'line': b'-- Up-to-date: /mnt/c/work/ubuntu_work/HiveFlight/ros2_ws/install/include/hiveflight_interfaces/hiveflight_interfaces/msg/detail\n'}
[93.023941] (-) TimerEvent: {}
[93.068353] (hiveflight_interfaces) StdoutLine: {'line': b'-- Installing: /mnt/c/work/ubuntu_work/HiveFlight/ros2_ws/install/include/hiveflight_interfaces/hiveflight_interfaces/msg/detail/drone_message__rosidl_typesupport_introspection_c.h\n'}
[93.127698] (-) TimerEvent: {}
[93.235602] (-) TimerEvent: {}
[93.302798] (hiveflight_interfaces) StdoutLine: {'line': b'-- Installing: /mnt/c/work/ubuntu_work/HiveFlight/ros2_ws/install/include/hiveflight_interfaces/hiveflight_interfaces/msg/detail/drone_message__type_support.c\n'}
[93.337706] (-) TimerEvent: {}
[93.445742] (-) TimerEvent: {}
[93.501189] (hiveflight_interfaces) StdoutLine: {'line': b'-- Installing: /mnt/c/work/ubuntu_work/HiveFlight/ros2_ws/install/include/hiveflight_interfaces/hiveflight_interfaces/msg/rosidl_typesupport_introspection_c__visibility_control.h\n'}
[93.548851] (-) TimerEvent: {}
[93.654521] (-) TimerEvent: {}
[93.689647] (hiveflight_interfaces) StdoutLine: {'line': b'-- Installing: /mnt/c/work/ubuntu_work/HiveFlight/ros2_ws/install/lib/libhiveflight_interfaces__rosidl_typesupport_introspection_c.so\n'}
[93.758845] (-) TimerEvent: {}
[93.866750] (-) TimerEvent: {}
[93.902562] (hiveflight_interfaces) StdoutLine: {'line': b'-- Set runtime path of "/mnt/c/work/ubuntu_work/HiveFlight/ros2_ws/install/lib/libhiveflight_interfaces__rosidl_typesupport_introspection_c.so" to ""\n'}
[93.933365] (hiveflight_interfaces) StdoutLine: {'line': b'-- Installing: /mnt/c/work/ubuntu_work/HiveFlight/ros2_ws/install/lib/libhiveflight_interfaces__rosidl_typesupport_c.so\n'}
[93.968940] (-) TimerEvent: {}
[94.076651] (-) TimerEvent: {}
[94.130048] (hiveflight_interfaces) StdoutLine: {'line': b'-- Set runtime path of "/mnt/c/work/ubuntu_work/HiveFlight/ros2_ws/install/lib/libhiveflight_interfaces__rosidl_typesupport_c.so" to ""\n'}
[94.156643] (hiveflight_interfaces) StdoutLine: {'line': b'-- Up-to-date: /mnt/c/work/ubuntu_work/HiveFlight/ros2_ws/install/include/hiveflight_interfaces/hiveflight_interfaces\n'}
[94.182024] (-) TimerEvent: {}
[94.229925] (hiveflight_interfaces) StdoutLine: {'line': b'-- Up-to-date: /mnt/c/work/ubuntu_work/HiveFlight/ros2_ws/install/include/hiveflight_interfaces/hiveflight_interfaces/msg\n'}
[94.285550] (-) TimerEvent: {}
[94.288925] (hiveflight_interfaces) StdoutLine: {'line': b'-- Up-to-date: /mnt/c/work/ubuntu_work/HiveFlight/ros2_ws/install/include/hiveflight_interfaces/hiveflight_interfaces/msg/detail\n'}
[94.391917] (-) TimerEvent: {}
[94.447384] (hiveflight_interfaces) StdoutLine: {'line': b'-- Installing: /mnt/c/work/ubuntu_work/HiveFlight/ros2_ws/install/include/hiveflight_interfaces/hiveflight_interfaces/msg/detail/drone_message__rosidl_typesupport_introspection_cpp.hpp\n'}
[94.495011] (-) TimerEvent: {}
[94.603248] (-) TimerEvent: {}
[94.669793] (hiveflight_interfaces) StdoutLine: {'line': b'-- Installing: /mnt/c/work/ubuntu_work/HiveFlight/ros2_ws/install/include/hiveflight_interfaces/hiveflight_interfaces/msg/detail/drone_message__type_support.cpp\n'}
[94.705552] (-) TimerEvent: {}
[94.813471] (-) TimerEvent: {}
[94.881996] (hiveflight_interfaces) StdoutLine: {'line': b'-- Installing: /mnt/c/work/ubuntu_work/HiveFlight/ros2_ws/install/lib/libhiveflight_interfaces__rosidl_typesupport_introspection_cpp.so\n'}
[94.915638] (-) TimerEvent: {}
[95.023841] (-) TimerEvent: {}
[95.078393] (hiveflight_interfaces) StdoutLine: {'line': b'-- Set runtime path of "/mnt/c/work/ubuntu_work/HiveFlight/ros2_ws/install/lib/libhiveflight_interfaces__rosidl_typesupport_introspection_cpp.so" to ""\n'}
[95.106162] (hiveflight_interfaces) StdoutLine: {'line': b'-- Installing: /mnt/c/work/ubuntu_work/HiveFlight/ros2_ws/install/lib/libhiveflight_interfaces__rosidl_typesupport_cpp.so\n'}
[95.125062] (-) TimerEvent: {}
[95.233217] (-) TimerEvent: {}
[95.302045] (hiveflight_interfaces) StdoutLine: {'line': b'-- Set runtime path of "/mnt/c/work/ubuntu_work/HiveFlight/ros2_ws/install/lib/libhiveflight_interfaces__rosidl_typesupport_cpp.so" to ""\n'}
[95.335402] (-) TimerEvent: {}
[95.336477] (hiveflight_interfaces) StdoutLine: {'line': b'-- Installing: /mnt/c/work/ubuntu_work/HiveFlight/ros2_ws/install/share/hiveflight_interfaces/environment/pythonpath.sh\n'}
[95.442037] (-) TimerEvent: {}
[95.539409] (hiveflight_interfaces) StdoutLine: {'line': b'-- Installing: /mnt/c/work/ubuntu_work/HiveFlight/ros2_ws/install/share/hiveflight_interfaces/environment/pythonpath.dsv\n'}
[95.543091] (-) TimerEvent: {}
[95.650819] (-) TimerEvent: {}
[95.692135] (hiveflight_interfaces) StdoutLine: {'line': b'-- Installing: /mnt/c/work/ubuntu_work/HiveFlight/ros2_ws/install/local/lib/python3.10/dist-packages/hiveflight_interfaces-0.0.1-py3.10.egg-info\n'}
[95.754748] (-) TimerEvent: {}
[95.782114] (hiveflight_interfaces) StdoutLine: {'line': b'-- Installing: /mnt/c/work/ubuntu_work/HiveFlight/ros2_ws/install/local/lib/python3.10/dist-packages/hiveflight_interfaces-0.0.1-py3.10.egg-info/dependency_links.txt\n'}
[95.859567] (-) TimerEvent: {}
[95.967813] (-) TimerEvent: {}
[95.996645] (hiveflight_interfaces) StdoutLine: {'line': b'-- Installing: /mnt/c/work/ubuntu_work/HiveFlight/ros2_ws/install/local/lib/python3.10/dist-packages/hiveflight_interfaces-0.0.1-py3.10.egg-info/PKG-INFO\n'}
[96.072741] (-) TimerEvent: {}
[96.180894] (-) TimerEvent: {}
[96.205263] (hiveflight_interfaces) StdoutLine: {'line': b'-- Installing: /mnt/c/work/ubuntu_work/HiveFlight/ros2_ws/install/local/lib/python3.10/dist-packages/hiveflight_interfaces-0.0.1-py3.10.egg-info/SOURCES.txt\n'}
[96.286002] (-) TimerEvent: {}
[96.393931] (-) TimerEvent: {}
[96.444550] (hiveflight_interfaces) StdoutLine: {'line': b'-- Installing: /mnt/c/work/ubuntu_work/HiveFlight/ros2_ws/install/local/lib/python3.10/dist-packages/hiveflight_interfaces-0.0.1-py3.10.egg-info/top_level.txt\n'}
[96.497329] (-) TimerEvent: {}
[96.605097] (-) TimerEvent: {}
[96.638049] (hiveflight_interfaces) StdoutLine: {'line': b'-- Installing: /mnt/c/work/ubuntu_work/HiveFlight/ros2_ws/install/local/lib/python3.10/dist-packages/hiveflight_interfaces\n'}
[96.709551] (-) TimerEvent: {}
[96.720725] (hiveflight_interfaces) StdoutLine: {'line': b'-- Installing: /mnt/c/work/ubuntu_work/HiveFlight/ros2_ws/install/local/lib/python3.10/dist-packages/hiveflight_interfaces/hiveflight_interfaces_s__rosidl_typesupport_c.cpython-310-x86_64-linux-gnu.so\n'}
[96.815519] (-) TimerEvent: {}
[96.923554] (-) TimerEvent: {}
[96.967198] (hiveflight_interfaces) StdoutLine: {'line': b'-- Installing: /mnt/c/work/ubuntu_work/HiveFlight/ros2_ws/install/local/lib/python3.10/dist-packages/hiveflight_interfaces/hiveflight_interfaces_s__rosidl_typesupport_fastrtps_c.cpython-310-x86_64-linux-gnu.so\n'}
[97.027187] (-) TimerEvent: {}
[97.135271] (-) TimerEvent: {}
[97.243671] (-) TimerEvent: {}
[97.246292] (hiveflight_interfaces) StdoutLine: {'line': b'-- Installing: /mnt/c/work/ubuntu_work/HiveFlight/ros2_ws/install/local/lib/python3.10/dist-packages/hiveflight_interfaces/hiveflight_interfaces_s__rosidl_typesupport_introspection_c.cpython-310-x86_64-linux-gnu.so\n'}
[97.350129] (-) TimerEvent: {}
[97.458167] (-) TimerEvent: {}
[97.510729] (hiveflight_interfaces) StdoutLine: {'line': b'-- Installing: /mnt/c/work/ubuntu_work/HiveFlight/ros2_ws/install/local/lib/python3.10/dist-packages/hiveflight_interfaces/libhiveflight_interfaces__rosidl_generator_py.so\n'}
[97.561198] (-) TimerEvent: {}
[97.668710] (-) TimerEvent: {}
[97.704981] (hiveflight_interfaces) StdoutLine: {'line': b'-- Installing: /mnt/c/work/ubuntu_work/HiveFlight/ros2_ws/install/local/lib/python3.10/dist-packages/hiveflight_interfaces/msg\n'}
[97.772816] (-) TimerEvent: {}
[97.807256] (hiveflight_interfaces) StdoutLine: {'line': b'-- Installing: /mnt/c/work/ubuntu_work/HiveFlight/ros2_ws/install/local/lib/python3.10/dist-packages/hiveflight_interfaces/msg/_drone_message.py\n'}
[97.877096] (-) TimerEvent: {}
[97.984694] (-) TimerEvent: {}
[98.013499] (hiveflight_interfaces) StdoutLine: {'line': b'-- Installing: /mnt/c/work/ubuntu_work/HiveFlight/ros2_ws/install/local/lib/python3.10/dist-packages/hiveflight_interfaces/msg/_drone_message_s.c\n'}
[98.089504] (-) TimerEvent: {}
[98.197561] (-) TimerEvent: {}
[98.261850] (hiveflight_interfaces) StdoutLine: {'line': b'-- Installing: /mnt/c/work/ubuntu_work/HiveFlight/ros2_ws/install/local/lib/python3.10/dist-packages/hiveflight_interfaces/msg/__init__.py\n'}
[98.299965] (-) TimerEvent: {}
[98.407670] (-) TimerEvent: {}
[98.484836] (hiveflight_interfaces) StdoutLine: {'line': b'-- Installing: /mnt/c/work/ubuntu_work/HiveFlight/ros2_ws/install/local/lib/python3.10/dist-packages/hiveflight_interfaces/_hiveflight_interfaces_s.ep.rosidl_typesupport_c.c\n'}
[98.509226] (-) TimerEvent: {}
[98.646560] (-) TimerEvent: {}
[98.754345] (-) TimerEvent: {}
[98.821994] (hiveflight_interfaces) StdoutLine: {'line': b'-- Installing: /mnt/c/work/ubuntu_work/HiveFlight/ros2_ws/install/local/lib/python3.10/dist-packages/hiveflight_interfaces/_hiveflight_interfaces_s.ep.rosidl_typesupport_fastrtps_c.c\n'}
[98.856499] (-) TimerEvent: {}
[98.964526] (-) TimerEvent: {}
[99.035216] (hiveflight_interfaces) StdoutLine: {'line': b'-- Installing: /mnt/c/work/ubuntu_work/HiveFlight/ros2_ws/install/local/lib/python3.10/dist-packages/hiveflight_interfaces/_hiveflight_interfaces_s.ep.rosidl_typesupport_introspection_c.c\n'}
[99.066538] (-) TimerEvent: {}
[99.175550] (-) TimerEvent: {}
[99.283563] (-) TimerEvent: {}
[99.324825] (hiveflight_interfaces) StdoutLine: {'line': b'-- Installing: /mnt/c/work/ubuntu_work/HiveFlight/ros2_ws/install/local/lib/python3.10/dist-packages/hiveflight_interfaces/__init__.py\n'}
[99.387470] (-) TimerEvent: {}
[99.495150] (-) TimerEvent: {}
[99.602884] (-) TimerEvent: {}
[99.710611] (-) TimerEvent: {}
[99.814747] (-) TimerEvent: {}
[99.921384] (-) TimerEvent: {}
[100.029049] (-) TimerEvent: {}
[100.136778] (-) TimerEvent: {}
[100.244397] (-) TimerEvent: {}
[100.351863] (-) TimerEvent: {}
[100.459560] (-) TimerEvent: {}
[100.567430] (-) TimerEvent: {}
[100.675735] (-) TimerEvent: {}
[100.770051] (hiveflight_interfaces) StdoutLine: {'line': b"Listing '/mnt/c/work/ubuntu_work/HiveFlight/ros2_ws/install/local/lib/python3.10/dist-packages/hiveflight_interfaces'...\n"}
[100.772600] (hiveflight_interfaces) StdoutLine: {'line': b"Compiling '/mnt/c/work/ubuntu_work/HiveFlight/ros2_ws/install/local/lib/python3.10/dist-packages/hiveflight_interfaces/__init__.py'...\n"}
[100.774549] (hiveflight_interfaces) StdoutLine: {'line': b"Listing '/mnt/c/work/ubuntu_work/HiveFlight/ros2_ws/install/local/lib/python3.10/dist-packages/hiveflight_interfaces/msg'...\n"}
[100.776553] (-) TimerEvent: {}
[100.777325] (hiveflight_interfaces) StdoutLine: {'line': b"Compiling '/mnt/c/work/ubuntu_work/HiveFlight/ros2_ws/install/local/lib/python3.10/dist-packages/hiveflight_interfaces/msg/__init__.py'...\n"}
[100.781730] (hiveflight_interfaces) StdoutLine: {'line': b"Compiling '/mnt/c/work/ubuntu_work/HiveFlight/ros2_ws/install/local/lib/python3.10/dist-packages/hiveflight_interfaces/msg/_drone_message.py'...\n"}
[100.880991] (-) TimerEvent: {}
[100.959151] (hiveflight_interfaces) StdoutLine: {'line': b'-- Installing: /mnt/c/work/ubuntu_work/HiveFlight/ros2_ws/install/local/lib/python3.10/dist-packages/hiveflight_interfaces/hiveflight_interfaces_s__rosidl_typesupport_fastrtps_c.cpython-310-x86_64-linux-gnu.so\n'}
[100.982424] (-) TimerEvent: {}
[101.090177] (-) TimerEvent: {}
[101.197743] (-) TimerEvent: {}
[101.275913] (hiveflight_interfaces) StdoutLine: {'line': b'-- Set runtime path of "/mnt/c/work/ubuntu_work/HiveFlight/ros2_ws/install/local/lib/python3.10/dist-packages/hiveflight_interfaces/hiveflight_interfaces_s__rosidl_typesupport_fastrtps_c.cpython-310-x86_64-linux-gnu.so" to ""\n'}
[101.299275] (-) TimerEvent: {}
[101.408646] (-) TimerEvent: {}
[101.493174] (hiveflight_interfaces) StdoutLine: {'line': b'-- Installing: /mnt/c/work/ubuntu_work/HiveFlight/ros2_ws/install/local/lib/python3.10/dist-packages/hiveflight_interfaces/hiveflight_interfaces_s__rosidl_typesupport_introspection_c.cpython-310-x86_64-linux-gnu.so\n'}
[101.509738] (-) TimerEvent: {}
[101.617620] (-) TimerEvent: {}
[101.725441] (-) TimerEvent: {}
[101.833824] (-) TimerEvent: {}
[101.855911] (hiveflight_interfaces) StdoutLine: {'line': b'-- Set runtime path of "/mnt/c/work/ubuntu_work/HiveFlight/ros2_ws/install/local/lib/python3.10/dist-packages/hiveflight_interfaces/hiveflight_interfaces_s__rosidl_typesupport_introspection_c.cpython-310-x86_64-linux-gnu.so" to ""\n'}
[101.938953] (-) TimerEvent: {}
[102.012935] (hiveflight_interfaces) StdoutLine: {'line': b'-- Installing: /mnt/c/work/ubuntu_work/HiveFlight/ros2_ws/install/local/lib/python3.10/dist-packages/hiveflight_interfaces/hiveflight_interfaces_s__rosidl_typesupport_c.cpython-310-x86_64-linux-gnu.so\n'}
[102.040765] (-) TimerEvent: {}
[102.148498] (-) TimerEvent: {}
[102.256479] (-) TimerEvent: {}
[102.364570] (-) TimerEvent: {}
[102.383621] (hiveflight_interfaces) StdoutLine: {'line': b'-- Set runtime path of "/mnt/c/work/ubuntu_work/HiveFlight/ros2_ws/install/local/lib/python3.10/dist-packages/hiveflight_interfaces/hiveflight_interfaces_s__rosidl_typesupport_c.cpython-310-x86_64-linux-gnu.so" to ""\n'}
[102.434691] (hiveflight_interfaces) StdoutLine: {'line': b'-- Installing: /mnt/c/work/ubuntu_work/HiveFlight/ros2_ws/install/lib/libhiveflight_interfaces__rosidl_generator_py.so\n'}
[102.466593] (-) TimerEvent: {}
[102.574157] (-) TimerEvent: {}
[102.648625] (hiveflight_interfaces) StdoutLine: {'line': b'-- Set runtime path of "/mnt/c/work/ubuntu_work/HiveFlight/ros2_ws/install/lib/libhiveflight_interfaces__rosidl_generator_py.so" to ""\n'}
[102.675964] (-) TimerEvent: {}
[102.784447] (-) TimerEvent: {}
[102.797627] (hiveflight_interfaces) StdoutLine: {'line': b'-- Installing: /mnt/c/work/ubuntu_work/HiveFlight/ros2_ws/install/share/ament_index/resource_index/rust_packages/hiveflight_interfaces\n'}
[102.890147] (-) TimerEvent: {}
[102.997921] (-) TimerEvent: {}
[103.017990] (hiveflight_interfaces) StdoutLine: {'line': b'-- Installing: /mnt/c/work/ubuntu_work/HiveFlight/ros2_ws/install/share/hiveflight_interfaces/rust\n'}
[103.085016] (hiveflight_interfaces) StdoutLine: {'line': b'-- Installing: /mnt/c/work/ubuntu_work/HiveFlight/ros2_ws/install/share/hiveflight_interfaces/rust/build.rs\n'}
[103.098929] (-) TimerEvent: {}
[103.206683] (-) TimerEvent: {}
[103.266050] (hiveflight_interfaces) StdoutLine: {'line': b'-- Installing: /mnt/c/work/ubuntu_work/HiveFlight/ros2_ws/install/share/hiveflight_interfaces/rust/Cargo.toml\n'}
[103.309396] (-) TimerEvent: {}
[103.411660] (-) TimerEvent: {}
[103.433629] (hiveflight_interfaces) StdoutLine: {'line': b'-- Installing: /mnt/c/work/ubuntu_work/HiveFlight/ros2_ws/install/share/hiveflight_interfaces/rust/src\n'}
[103.516784] (-) TimerEvent: {}
[103.528525] (hiveflight_interfaces) StdoutLine: {'line': b'-- Installing: /mnt/c/work/ubuntu_work/HiveFlight/ros2_ws/install/share/hiveflight_interfaces/rust/src/lib.rs\n'}
[103.622527] (-) TimerEvent: {}
[103.699944] (hiveflight_interfaces) StdoutLine: {'line': b'-- Installing: /mnt/c/work/ubuntu_work/HiveFlight/ros2_ws/install/share/hiveflight_interfaces/rust/src/msg\n'}
[103.724040] (-) TimerEvent: {}
[103.792755] (hiveflight_interfaces) StdoutLine: {'line': b'-- Installing: /mnt/c/work/ubuntu_work/HiveFlight/ros2_ws/install/share/hiveflight_interfaces/rust/src/msg/rmw.rs\n'}
[103.826154] (-) TimerEvent: {}
[103.933804] (-) TimerEvent: {}
[104.024352] (hiveflight_interfaces) StdoutLine: {'line': b'-- Installing: /mnt/c/work/ubuntu_work/HiveFlight/ros2_ws/install/share/hiveflight_interfaces/rust/src/msg.rs\n'}
[104.034452] (-) TimerEvent: {}
[104.142222] (-) TimerEvent: {}
[104.249919] (-) TimerEvent: {}
[104.251139] (hiveflight_interfaces) StdoutLine: {'line': b'-- Installing: /mnt/c/work/ubuntu_work/HiveFlight/ros2_ws/install/share/hiveflight_interfaces/msg/DroneMessage.idl\n'}
[104.356403] (-) TimerEvent: {}
[104.424925] (hiveflight_interfaces) StdoutLine: {'line': b'-- Installing: /mnt/c/work/ubuntu_work/HiveFlight/ros2_ws/install/share/hiveflight_interfaces/msg/DroneMessage.msg\n'}
[104.458588] (-) TimerEvent: {}
[104.566873] (-) TimerEvent: {}
[104.651994] (hiveflight_interfaces) StdoutLine: {'line': b'-- Installing: /mnt/c/work/ubuntu_work/HiveFlight/ros2_ws/install/share/ament_index/resource_index/package_run_dependencies/hiveflight_interfaces\n'}
[104.667834] (-) TimerEvent: {}
[104.775524] (-) TimerEvent: {}
[104.883297] (-) TimerEvent: {}
[104.921204] (hiveflight_interfaces) StdoutLine: {'line': b'-- Installing: /mnt/c/work/ubuntu_work/HiveFlight/ros2_ws/install/share/ament_index/resource_index/parent_prefix_path/hiveflight_interfaces\n'}
[104.987484] (-) TimerEvent: {}
[105.095080] (-) TimerEvent: {}
[105.102857] (hiveflight_interfaces) StdoutLine: {'line': b'-- Installing: /mnt/c/work/ubuntu_work/HiveFlight/ros2_ws/install/share/hiveflight_interfaces/environment/ament_prefix_path.sh\n'}
[105.201108] (-) TimerEvent: {}
[105.234928] (hiveflight_interfaces) StdoutLine: {'line': b'-- Installing: /mnt/c/work/ubuntu_work/HiveFlight/ros2_ws/install/share/hiveflight_interfaces/environment/ament_prefix_path.dsv\n'}
[105.305461] (-) TimerEvent: {}
[105.413693] (-) TimerEvent: {}
[105.466423] (hiveflight_interfaces) StdoutLine: {'line': b'-- Installing: /mnt/c/work/ubuntu_work/HiveFlight/ros2_ws/install/share/hiveflight_interfaces/environment/path.sh\n'}
[105.516786] (-) TimerEvent: {}
[105.606636] (hiveflight_interfaces) StdoutLine: {'line': b'-- Installing: /mnt/c/work/ubuntu_work/HiveFlight/ros2_ws/install/share/hiveflight_interfaces/environment/path.dsv\n'}
[105.617386] (-) TimerEvent: {}
[105.724887] (-) TimerEvent: {}
[105.747452] (hiveflight_interfaces) StdoutLine: {'line': b'-- Installing: /mnt/c/work/ubuntu_work/HiveFlight/ros2_ws/install/share/hiveflight_interfaces/local_setup.bash\n'}
[105.829650] (-) TimerEvent: {}
[105.942448] (-) TimerEvent: {}
[105.943373] (hiveflight_interfaces) StdoutLine: {'line': b'-- Installing: /mnt/c/work/ubuntu_work/HiveFlight/ros2_ws/install/share/hiveflight_interfaces/local_setup.sh\n'}
[106.048932] (-) TimerEvent: {}
[106.088564] (hiveflight_interfaces) StdoutLine: {'line': b'-- Installing: /mnt/c/work/ubuntu_work/HiveFlight/ros2_ws/install/share/hiveflight_interfaces/local_setup.zsh\n'}
[106.152891] (-) TimerEvent: {}
[106.213470] (hiveflight_interfaces) StdoutLine: {'line': b'-- Installing: /mnt/c/work/ubuntu_work/HiveFlight/ros2_ws/install/share/hiveflight_interfaces/local_setup.dsv\n'}
[106.255519] (-) TimerEvent: {}
[106.328585] (hiveflight_interfaces) StdoutLine: {'line': b'-- Installing: /mnt/c/work/ubuntu_work/HiveFlight/ros2_ws/install/share/hiveflight_interfaces/package.dsv\n'}
[106.357397] (-) TimerEvent: {}
[106.465258] (-) TimerEvent: {}
[106.508615] (hiveflight_interfaces) StdoutLine: {'line': b'-- Installing: /mnt/c/work/ubuntu_work/HiveFlight/ros2_ws/install/share/ament_index/resource_index/packages/hiveflight_interfaces\n'}
[106.568973] (-) TimerEvent: {}
[106.676590] (-) TimerEvent: {}
[106.782704] (hiveflight_interfaces) StdoutLine: {'line': b'-- Installing: /mnt/c/work/ubuntu_work/HiveFlight/ros2_ws/install/share/hiveflight_interfaces/cmake/export_hiveflight_interfaces__rosidl_generator_cExport.cmake\n'}
[106.786880] (-) TimerEvent: {}
[106.895567] (-) TimerEvent: {}
[107.003533] (-) TimerEvent: {}
[107.027113] (hiveflight_interfaces) StdoutLine: {'line': b'-- Installing: /mnt/c/work/ubuntu_work/HiveFlight/ros2_ws/install/share/hiveflight_interfaces/cmake/export_hiveflight_interfaces__rosidl_generator_cExport-noconfig.cmake\n'}
[107.108392] (-) TimerEvent: {}
[107.216043] (-) TimerEvent: {}
[107.248837] (hiveflight_interfaces) StdoutLine: {'line': b'-- Installing: /mnt/c/work/ubuntu_work/HiveFlight/ros2_ws/install/share/hiveflight_interfaces/cmake/export_hiveflight_interfaces__rosidl_typesupport_fastrtps_cExport.cmake\n'}
[107.320486] (-) TimerEvent: {}
[107.428494] (-) TimerEvent: {}
[107.500965] (hiveflight_interfaces) StdoutLine: {'line': b'-- Installing: /mnt/c/work/ubuntu_work/HiveFlight/ros2_ws/install/share/hiveflight_interfaces/cmake/export_hiveflight_interfaces__rosidl_typesupport_fastrtps_cExport-noconfig.cmake\n'}
[107.530375] (-) TimerEvent: {}
[107.638786] (-) TimerEvent: {}
[107.726068] (hiveflight_interfaces) StdoutLine: {'line': b'-- Installing: /mnt/c/work/ubuntu_work/HiveFlight/ros2_ws/install/share/hiveflight_interfaces/cmake/export_hiveflight_interfaces__rosidl_generator_cppExport.cmake\n'}
[107.739646] (-) TimerEvent: {}
[107.845700] (-) TimerEvent: {}
[107.951898] (hiveflight_interfaces) StdoutLine: {'line': b'-- Installing: /mnt/c/work/ubuntu_work/HiveFlight/ros2_ws/install/share/hiveflight_interfaces/cmake/export_hiveflight_interfaces__rosidl_typesupport_fastrtps_cppExport.cmake\n'}
[107.954751] (-) TimerEvent: {}
[108.063002] (-) TimerEvent: {}
[108.171057] (-) TimerEvent: {}
[108.202636] (hiveflight_interfaces) StdoutLine: {'line': b'-- Installing: /mnt/c/work/ubuntu_work/HiveFlight/ros2_ws/install/share/hiveflight_interfaces/cmake/export_hiveflight_interfaces__rosidl_typesupport_fastrtps_cppExport-noconfig.cmake\n'}
[108.275531] (-) TimerEvent: {}
[108.384416] (-) TimerEvent: {}
[108.431910] (hiveflight_interfaces) StdoutLine: {'line': b'-- Installing: /mnt/c/work/ubuntu_work/HiveFlight/ros2_ws/install/share/hiveflight_interfaces/cmake/hiveflight_interfaces__rosidl_typesupport_introspection_cExport.cmake\n'}
[108.488079] (-) TimerEvent: {}
[108.596101] (-) TimerEvent: {}
[108.628987] (hiveflight_interfaces) StdoutLine: {'line': b'-- Installing: /mnt/c/work/ubuntu_work/HiveFlight/ros2_ws/install/share/hiveflight_interfaces/cmake/hiveflight_interfaces__rosidl_typesupport_introspection_cExport-noconfig.cmake\n'}
[108.700765] (-) TimerEvent: {}
[108.808865] (-) TimerEvent: {}
[108.843861] (hiveflight_interfaces) StdoutLine: {'line': b'-- Installing: /mnt/c/work/ubuntu_work/HiveFlight/ros2_ws/install/share/hiveflight_interfaces/cmake/hiveflight_interfaces__rosidl_typesupport_cExport.cmake\n'}
[108.913344] (-) TimerEvent: {}
[109.021381] (-) TimerEvent: {}
[109.090178] (hiveflight_interfaces) StdoutLine: {'line': b'-- Installing: /mnt/c/work/ubuntu_work/HiveFlight/ros2_ws/install/share/hiveflight_interfaces/cmake/hiveflight_interfaces__rosidl_typesupport_cExport-noconfig.cmake\n'}
[109.123718] (-) TimerEvent: {}
[109.232359] (-) TimerEvent: {}
[109.292934] (hiveflight_interfaces) StdoutLine: {'line': b'-- Installing: /mnt/c/work/ubuntu_work/HiveFlight/ros2_ws/install/share/hiveflight_interfaces/cmake/hiveflight_interfaces__rosidl_typesupport_introspection_cppExport.cmake\n'}
[109.335225] (-) TimerEvent: {}
[109.443531] (-) TimerEvent: {}
[109.551947] (-) TimerEvent: {}
[109.571052] (hiveflight_interfaces) StdoutLine: {'line': b'-- Installing: /mnt/c/work/ubuntu_work/HiveFlight/ros2_ws/install/share/hiveflight_interfaces/cmake/hiveflight_interfaces__rosidl_typesupport_introspection_cppExport-noconfig.cmake\n'}
[109.657542] (-) TimerEvent: {}
[109.765853] (-) TimerEvent: {}
[109.777566] (hiveflight_interfaces) StdoutLine: {'line': b'-- Installing: /mnt/c/work/ubuntu_work/HiveFlight/ros2_ws/install/share/hiveflight_interfaces/cmake/hiveflight_interfaces__rosidl_typesupport_cppExport.cmake\n'}
[109.872208] (-) TimerEvent: {}
[109.980909] (-) TimerEvent: {}
[109.998240] (hiveflight_interfaces) StdoutLine: {'line': b'-- Installing: /mnt/c/work/ubuntu_work/HiveFlight/ros2_ws/install/share/hiveflight_interfaces/cmake/hiveflight_interfaces__rosidl_typesupport_cppExport-noconfig.cmake\n'}
[110.086638] (-) TimerEvent: {}
[110.194819] (-) TimerEvent: {}
[110.231555] (hiveflight_interfaces) StdoutLine: {'line': b'-- Installing: /mnt/c/work/ubuntu_work/HiveFlight/ros2_ws/install/share/hiveflight_interfaces/cmake/export_hiveflight_interfaces__rosidl_generator_pyExport.cmake\n'}
[110.299220] (-) TimerEvent: {}
[110.407306] (-) TimerEvent: {}
[110.409781] (hiveflight_interfaces) StdoutLine: {'line': b'-- Installing: /mnt/c/work/ubuntu_work/HiveFlight/ros2_ws/install/share/hiveflight_interfaces/cmake/export_hiveflight_interfaces__rosidl_generator_pyExport-noconfig.cmake\n'}
[110.514083] (-) TimerEvent: {}
[110.602137] (hiveflight_interfaces) StdoutLine: {'line': b'-- Installing: /mnt/c/work/ubuntu_work/HiveFlight/ros2_ws/install/share/hiveflight_interfaces/cmake/rosidl_cmake-extras.cmake\n'}
[110.614882] (-) TimerEvent: {}
[110.722779] (-) TimerEvent: {}
[110.735162] (hiveflight_interfaces) StdoutLine: {'line': b'-- Installing: /mnt/c/work/ubuntu_work/HiveFlight/ros2_ws/install/share/hiveflight_interfaces/cmake/ament_cmake_export_dependencies-extras.cmake\n'}
[110.828893] (-) TimerEvent: {}
[110.893620] (hiveflight_interfaces) StdoutLine: {'line': b'-- Installing: /mnt/c/work/ubuntu_work/HiveFlight/ros2_ws/install/share/hiveflight_interfaces/cmake/ament_cmake_export_include_directories-extras.cmake\n'}
[110.931342] (-) TimerEvent: {}
[111.039439] (-) TimerEvent: {}
[111.126701] (hiveflight_interfaces) StdoutLine: {'line': b'-- Installing: /mnt/c/work/ubuntu_work/HiveFlight/ros2_ws/install/share/hiveflight_interfaces/cmake/ament_cmake_export_libraries-extras.cmake\n'}
[111.140549] (-) TimerEvent: {}
[111.249286] (-) TimerEvent: {}
[111.272386] (hiveflight_interfaces) StdoutLine: {'line': b'-- Installing: /mnt/c/work/ubuntu_work/HiveFlight/ros2_ws/install/share/hiveflight_interfaces/cmake/ament_cmake_export_targets-extras.cmake\n'}
[111.354587] (-) TimerEvent: {}
[111.429769] (hiveflight_interfaces) StdoutLine: {'line': b'-- Installing: /mnt/c/work/ubuntu_work/HiveFlight/ros2_ws/install/share/hiveflight_interfaces/cmake/rosidl_cmake_export_typesupport_targets-extras.cmake\n'}
[111.456431] (-) TimerEvent: {}
[111.564580] (-) TimerEvent: {}
[111.607402] (hiveflight_interfaces) StdoutLine: {'line': b'-- Installing: /mnt/c/work/ubuntu_work/HiveFlight/ros2_ws/install/share/hiveflight_interfaces/cmake/rosidl_cmake_export_typesupport_libraries-extras.cmake\n'}
[111.667870] (-) TimerEvent: {}
[111.771818] (-) TimerEvent: {}
[111.772935] (hiveflight_interfaces) StdoutLine: {'line': b'-- Installing: /mnt/c/work/ubuntu_work/HiveFlight/ros2_ws/install/share/hiveflight_interfaces/cmake/hiveflight_interfacesConfig.cmake\n'}
[111.872411] (-) TimerEvent: {}
[111.936980] (hiveflight_interfaces) StdoutLine: {'line': b'-- Installing: /mnt/c/work/ubuntu_work/HiveFlight/ros2_ws/install/share/hiveflight_interfaces/cmake/hiveflight_interfacesConfig-version.cmake\n'}
[111.972729] (-) TimerEvent: {}
[112.081140] (-) TimerEvent: {}
[112.094303] (hiveflight_interfaces) StdoutLine: {'line': b'-- Installing: /mnt/c/work/ubuntu_work/HiveFlight/ros2_ws/install/share/hiveflight_interfaces/package.xml\n'}
[112.187157] (-) TimerEvent: {}
[112.243018] (hiveflight_interfaces) CommandEnded: {'returncode': 0}
[112.287516] (-) TimerEvent: {}
[112.395442] (-) TimerEvent: {}
[112.503615] (-) TimerEvent: {}
[112.611738] (-) TimerEvent: {}
[112.719705] (-) TimerEvent: {}
[112.827591] (-) TimerEvent: {}
[112.935889] (-) TimerEvent: {}
[113.044002] (-) TimerEvent: {}
[113.161698] (-) TimerEvent: {}
[113.269735] (-) TimerEvent: {}
[113.378223] (-) TimerEvent: {}
[113.484819] (-) TimerEvent: {}
[113.591959] (-) TimerEvent: {}
[113.699975] (-) TimerEvent: {}
[113.806905] (-) TimerEvent: {}
[113.915020] (-) TimerEvent: {}
[114.023583] (-) TimerEvent: {}
[114.132000] (-) TimerEvent: {}
[114.241099] (-) TimerEvent: {}
[114.349214] (-) TimerEvent: {}
[114.457146] (-) TimerEvent: {}
[114.564910] (-) TimerEvent: {}
[114.672898] (-) TimerEvent: {}
[114.780798] (-) TimerEvent: {}
[114.888816] (-) TimerEvent: {}
[114.997365] (-) TimerEvent: {}
[115.105541] (-) TimerEvent: {}
[115.213754] (-) TimerEvent: {}
[115.321622] (-) TimerEvent: {}
[115.429354] (-) TimerEvent: {}
[115.537164] (-) TimerEvent: {}
[115.561867] (hiveflight_interfaces) JobEnded: {'identifier': 'hiveflight_interfaces', 'rc': 0}
[115.612009] (hiveflight_sim) JobStarted: {'identifier': 'hiveflight_sim'}
[115.638028] (-) TimerEvent: {}
[115.746864] (-) TimerEvent: {}
[115.853640] (-) TimerEvent: {}
[115.961807] (-) TimerEvent: {}
[116.069659] (-) TimerEvent: {}
[116.177808] (-) TimerEvent: {}
[116.199565] (hiveflight_sim) JobProgress: {'identifier': 'hiveflight_sim', 'progress': 'cmake'}
[116.283260] (-) TimerEvent: {}
[116.361099] (hiveflight_sim) Command: {'cmd': ['/usr/bin/cmake', '/mnt/c/work/ubuntu_work/HiveFlight/ros2_ws/src/hiveflight_sim', '-DCMAKE_INSTALL_PREFIX=/mnt/c/work/ubuntu_work/HiveFlight/ros2_ws/install'], 'cwd': '/mnt/c/work/ubuntu_work/HiveFlight/ros2_ws/build/hiveflight_sim', 'env': OrderedDict([('LESSOPEN', '| /usr/bin/lesspipe %s'), ('USER', 'ivano'), ('SHLVL', '2'), ('LD_LIBRARY_PATH', '/mnt/c/work/ubuntu_work/HiveFlight/ros2_ws/install/lib:/usr/lib/x86_64-linux-gnu/gazebo-11/plugins:/opt/ros/humble/opt/rviz_ogre_vendor/lib:/opt/ros/humble/lib/x86_64-linux-gnu:/opt/ros/humble/lib'), ('HOME', '/home/ivano'), ('OLDPWD', '/mnt/c/work/ubuntu_work/HiveFlight/ros2_ws'), ('ROS_PYTHON_VERSION', '3'), ('DBUS_SESSION_BUS_ADDRESS', 'unix:path=/run/user/1000/bus'), ('WSL_DISTRO_NAME', 'Ubuntu-22.04'), ('WAYLAND_DISPLAY', 'wayland-0'), ('COLCON_PREFIX_PATH', '/mnt/c/work/ubuntu_work/HiveFlight/ros2_ws/install'), ('ROS_DISTRO', 'humble'), ('LOGNAME', 'ivano'), ('NAME', 'LAPTOP-7K9MEH4D'), ('WSL_INTEROP', '/run/WSL/327_interop'), ('PULSE_SERVER', 'unix:/mnt/wslg/PulseServer'), ('_', '/usr/bin/colcon'), ('ROS_VERSION', '2'), ('TERM', 'xterm-256color'), ('ROS_LOCALHOST_ONLY', '0'), ('PATH', '/opt/ros/humble/bin:/usr/local/sbin:/usr/local/bin:/usr/sbin:/usr/bin:/sbin:/bin:/usr/games:/usr/local/games:/usr/lib/wsl/lib:/mnt/c/Users/ivano/AppData/Roaming/Code/User/globalStorage/github.copilot-chat/debugCommand:/mnt/c/Users/ivano/AppData/Roaming/Code/User/globalStorage/github.copilot-chat/copilotCli:/mnt/c/Users/ivano/.codegpt/bin:/mnt/c/windows/system32:/mnt/c/windows:/mnt/c/windows/System32/Wbem:/mnt/c/windows/System32/WindowsPowerShell/v1.0/:/mnt/c/windows/System32/OpenSSH/:/mnt/c/Program Files/HP/1E.Performance.Assist/Extensibility/NomadBranch:/mnt/c/Program Files/CMake/bin:/mnt/c/Program Files (x86)/Windows Kits/10/Windows Performance Toolkit/:/mnt/c/Program Files/Git/cmd:/mnt/c/Users/ivano/.local/bin:/mnt/c/windows/system32:/mnt/c/windows:/mnt/c/windows/System32/Wbem:/mnt/c/windows/System32/WindowsPowerShell/v1.0/:/mnt/c/windows/System32/OpenSSH/:/mnt/c/Program Files/HP/1E.Performance.Assist/Extensibility/NomadBranch:/mnt/c/Program Files/CMake/bin:/mnt/c/Program Files (x86)/Windows Kits/10/Windows Performance Toolkit/:/mnt/c/Program Files/Git/cmd:/mnt/c/vcpkg:/mnt/c/Users/ivano/AppData/Local/Programs/Microsoft VS Code/bin:/mnt/c/Users/ivano/.vscode/extensions/ms-python.debugpy-2026.6.0-win32-x64/bundled/scripts/noConfigScripts:/snap/bin'), ('XDG_RUNTIME_DIR', '/run/user/1000'), ('DISPLAY', ':0'), ('LANG', 'C.UTF-8'), ('LS_COLORS', 'rs=0:di=01;34:ln=01;36:mh=00:pi=40;33:so=01;35:do=01;35:bd=40;33;01:cd=40;33;01:or=40;31;01:mi=00:su=37;41:sg=30;43:ca=30;41:tw=30;42:ow=34;42:st=37;44:ex=01;32:*.tar=01;31:*.tgz=01;31:*.arc=01;31:*.arj=01;31:*.taz=01;31:*.lha=01;31:*.lz4=01;31:*.lzh=01;31:*.lzma=01;31:*.tlz=01;31:*.txz=01;31:*.tzo=01;31:*.t7z=01;31:*.zip=01;31:*.z=01;31:*.dz=01;31:*.gz=01;31:*.lrz=01;31:*.lz=01;31:*.lzo=01;31:*.xz=01;31:*.zst=01;31:*.tzst=01;31:*.bz2=01;31:*.bz=01;31:*.tbz=01;31:*.tbz2=01;31:*.tz=01;31:*.deb=01;31:*.rpm=01;31:*.jar=01;31:*.war=01;31:*.ear=01;31:*.sar=01;31:*.rar=01;31:*.alz=01;31:*.ace=01;31:*.zoo=01;31:*.cpio=01;31:*.7z=01;31:*.rz=01;31:*.cab=01;31:*.wim=01;31:*.swm=01;31:*.dwm=01;31:*.esd=01;31:*.jpg=01;35:*.jpeg=01;35:*.mjpg=01;35:*.mjpeg=01;35:*.gif=01;35:*.bmp=01;35:*.pbm=01;35:*.pgm=01;35:*.ppm=01;35:*.tga=01;35:*.xbm=01;35:*.xpm=01;35:*.tif=01;35:*.tiff=01;35:*.png=01;35:*.svg=01;35:*.svgz=01;35:*.mng=01;35:*.pcx=01;35:*.mov=01;35:*.mpg=01;35:*.mpeg=01;35:*.m2v=01;35:*.mkv=01;35:*.webm=01;35:*.webp=01;35:*.ogm=01;35:*.mp4=01;35:*.m4v=01;35:*.mp4v=01;35:*.vob=01;35:*.qt=01;35:*.nuv=01;35:*.wmv=01;35:*.asf=01;35:*.rm=01;35:*.rmvb=01;35:*.flc=01;35:*.avi=01;35:*.fli=01;35:*.flv=01;35:*.gl=01;35:*.dl=01;35:*.xcf=01;35:*.xwd=01;35:*.yuv=01;35:*.cgm=01;35:*.emf=01;35:*.ogv=01;35:*.ogx=01;35:*.aac=00;36:*.au=00;36:*.flac=00;36:*.m4a=00;36:*.mid=00;36:*.midi=00;36:*.mka=00;36:*.mp3=00;36:*.mpc=00;36:*.ogg=00;36:*.ra=00;36:*.wav=00;36:*.oga=00;36:*.opus=00;36:*.spx=00;36:*.xspf=00;36:'), ('AMENT_PREFIX_PATH', '/mnt/c/work/ubuntu_work/HiveFlight/ros2_ws/install:/opt/ros/humble'), ('SHELL', '/bin/bash'), ('LESSCLOSE', '/usr/bin/lesspipe %s %s'), ('PWD', '/mnt/c/work/ubuntu_work/HiveFlight/ros2_ws/build/hiveflight_sim'), ('XDG_DATA_DIRS', '/usr/local/share:/usr/share:/var/lib/snapd/desktop'), ('PYTHONPATH', '/mnt/c/work/ubuntu_work/HiveFlight/ros2_ws/install/local/lib/python3.10/dist-packages:/opt/ros/humble/lib/python3.10/site-packages:/opt/ros/humble/local/lib/python3.10/dist-packages'), ('COLCON', '1'), ('WSL2_GUI_APPS_ENABLED', '1'), ('HOSTTYPE', 'x86_64'), ('CMAKE_PREFIX_PATH', '/mnt/c/work/ubuntu_work/HiveFlight/ros2_ws/install:/opt/ros/humble'), ('WSLENV', '')]), 'shell': False}
[116.443733] (-) TimerEvent: {}
[116.552442] (-) TimerEvent: {}
[116.660920] (-) TimerEvent: {}
[116.769479] (-) TimerEvent: {}
[116.878129] (-) TimerEvent: {}
[116.986624] (-) TimerEvent: {}
[117.095192] (-) TimerEvent: {}
[117.226431] (-) TimerEvent: {}
[117.334956] (-) TimerEvent: {}
[117.441214] (-) TimerEvent: {}
[117.550572] (-) TimerEvent: {}
[117.659315] (-) TimerEvent: {}
[117.767840] (-) TimerEvent: {}
[117.876945] (-) TimerEvent: {}
[117.991275] (-) TimerEvent: {}
[118.100341] (-) TimerEvent: {}
[118.104467] (hiveflight_sim) StdoutLine: {'line': b'-- The C compiler identification is GNU 11.4.0\n'}
[118.205888] (-) TimerEvent: {}
[118.314835] (-) TimerEvent: {}
[118.423334] (-) TimerEvent: {}
[118.531893] (-) TimerEvent: {}
[118.640571] (-) TimerEvent: {}
[118.749420] (-) TimerEvent: {}
[118.858159] (-) TimerEvent: {}
[118.974999] (-) TimerEvent: {}
[119.083587] (-) TimerEvent: {}
[119.192226] (-) TimerEvent: {}
[119.301157] (-) TimerEvent: {}
[119.409985] (-) TimerEvent: {}
[119.518553] (-) TimerEvent: {}
[119.627141] (-) TimerEvent: {}
[119.735794] (-) TimerEvent: {}
[119.842318] (-) TimerEvent: {}
[119.951089] (-) TimerEvent: {}
[120.095848] (hiveflight_sim) StdoutLine: {'line': b'-- The CXX compiler identification is GNU 11.4.0\n'}
[120.098294] (-) TimerEvent: {}
[120.204614] (-) TimerEvent: {}
[120.313875] (-) TimerEvent: {}
[120.422444] (-) TimerEvent: {}
[120.531149] (-) TimerEvent: {}
[120.639894] (-) TimerEvent: {}
[120.748623] (-) TimerEvent: {}
[120.857440] (-) TimerEvent: {}
[120.966607] (-) TimerEvent: {}
[121.075338] (-) TimerEvent: {}
[121.139601] (hiveflight_sim) StdoutLine: {'line': b'-- Detecting C compiler ABI info\n'}
[121.178039] (-) TimerEvent: {}
[121.286671] (-) TimerEvent: {}
[121.395398] (-) TimerEvent: {}
[121.504419] (-) TimerEvent: {}
[121.613077] (-) TimerEvent: {}
[121.722110] (-) TimerEvent: {}
[121.831517] (-) TimerEvent: {}
[121.941490] (-) TimerEvent: {}
[122.049790] (-) TimerEvent: {}
[122.158569] (-) TimerEvent: {}
[122.267258] (-) TimerEvent: {}
[122.375943] (-) TimerEvent: {}
[122.485335] (-) TimerEvent: {}
[122.594355] (-) TimerEvent: {}
[122.701926] (-) TimerEvent: {}
[122.810797] (-) TimerEvent: {}
[122.919666] (-) TimerEvent: {}
[123.028764] (-) TimerEvent: {}
[123.137578] (-) TimerEvent: {}
[123.246495] (-) TimerEvent: {}
[123.383198] (-) TimerEvent: {}
[123.492316] (-) TimerEvent: {}
[123.601260] (-) TimerEvent: {}
[123.709828] (-) TimerEvent: {}
[123.814075] (-) TimerEvent: {}
[123.922807] (-) TimerEvent: {}
[124.032408] (-) TimerEvent: {}
[124.141062] (-) TimerEvent: {}
[124.249625] (-) TimerEvent: {}
[124.319137] (hiveflight_sim) StdoutLine: {'line': b'-- Detecting C compiler ABI info - done\n'}
[124.352012] (-) TimerEvent: {}
[124.383564] (hiveflight_sim) StdoutLine: {'line': b'-- Check for working C compiler: /usr/bin/cc - skipped\n'}
[124.388882] (hiveflight_sim) StdoutLine: {'line': b'-- Detecting C compile features\n'}
[124.391906] (hiveflight_sim) StdoutLine: {'line': b'-- Detecting C compile features - done\n'}
[124.456416] (-) TimerEvent: {}
[124.564495] (-) TimerEvent: {}
[124.566508] (hiveflight_sim) StdoutLine: {'line': b'-- Detecting CXX compiler ABI info\n'}
[124.670140] (-) TimerEvent: {}
[124.778193] (-) TimerEvent: {}
[124.886267] (-) TimerEvent: {}
[124.994334] (-) TimerEvent: {}
[125.102303] (-) TimerEvent: {}
[125.210116] (-) TimerEvent: {}
[125.318045] (-) TimerEvent: {}
[125.426215] (-) TimerEvent: {}
[125.534329] (-) TimerEvent: {}
[125.642424] (-) TimerEvent: {}
[125.750357] (-) TimerEvent: {}
[125.858513] (-) TimerEvent: {}
[125.967155] (-) TimerEvent: {}
[126.075120] (-) TimerEvent: {}
[126.181062] (-) TimerEvent: {}
[126.297632] (-) TimerEvent: {}
[126.405621] (-) TimerEvent: {}
[126.513541] (-) TimerEvent: {}
[126.621500] (-) TimerEvent: {}
[126.729788] (-) TimerEvent: {}
[126.839275] (-) TimerEvent: {}
[126.947256] (-) TimerEvent: {}
[127.055214] (-) TimerEvent: {}
[127.163524] (-) TimerEvent: {}
[127.271907] (-) TimerEvent: {}
[127.379868] (-) TimerEvent: {}
[127.487883] (-) TimerEvent: {}
[127.526397] (hiveflight_sim) StdoutLine: {'line': b'-- Detecting CXX compiler ABI info - done\n'}
[127.591464] (-) TimerEvent: {}
[127.597837] (hiveflight_sim) StdoutLine: {'line': b'-- Check for working CXX compiler: /usr/bin/c++ - skipped\n'}
[127.600347] (hiveflight_sim) StdoutLine: {'line': b'-- Detecting CXX compile features\n'}
[127.604277] (hiveflight_sim) StdoutLine: {'line': b'-- Detecting CXX compile features - done\n'}
[127.695222] (-) TimerEvent: {}
[127.798896] (-) TimerEvent: {}
[127.855179] (hiveflight_sim) StdoutLine: {'line': b'-- Found ament_cmake: 1.3.14 (/opt/ros/humble/share/ament_cmake/cmake)\n'}
[127.901963] (-) TimerEvent: {}
[128.010078] (-) TimerEvent: {}
[128.118326] (-) TimerEvent: {}
[128.226535] (-) TimerEvent: {}
[128.333813] (-) TimerEvent: {}
[128.441662] (-) TimerEvent: {}
[128.549359] (-) TimerEvent: {}
[128.657279] (-) TimerEvent: {}
[128.765123] (-) TimerEvent: {}
[128.873212] (-) TimerEvent: {}
[128.981198] (-) TimerEvent: {}
[129.089234] (-) TimerEvent: {}
[129.207414] (-) TimerEvent: {}
[129.316019] (-) TimerEvent: {}
[129.424070] (-) TimerEvent: {}
[129.530753] (-) TimerEvent: {}
[129.638484] (-) TimerEvent: {}
[129.746598] (-) TimerEvent: {}
[129.853444] (-) TimerEvent: {}
[129.961483] (-) TimerEvent: {}
[130.069327] (-) TimerEvent: {}
[130.177274] (-) TimerEvent: {}
[130.285260] (-) TimerEvent: {}
[130.311035] (hiveflight_sim) StdoutLine: {'line': b'-- Found Python3: /usr/bin/python3 (found version "3.10.12") found components: Interpreter \n'}
[130.389114] (-) TimerEvent: {}
[130.497203] (-) TimerEvent: {}
[130.605221] (-) TimerEvent: {}
[130.713070] (-) TimerEvent: {}
[130.821061] (-) TimerEvent: {}
[130.930841] (-) TimerEvent: {}
[131.039833] (-) TimerEvent: {}
[131.147861] (-) TimerEvent: {}
[131.255173] (-) TimerEvent: {}
[131.364630] (-) TimerEvent: {}
[131.472806] (-) TimerEvent: {}
[131.581521] (-) TimerEvent: {}
[131.689393] (-) TimerEvent: {}
[131.792175] (-) TimerEvent: {}
[131.900313] (-) TimerEvent: {}
[132.008457] (-) TimerEvent: {}
[132.126285] (-) TimerEvent: {}
[132.234141] (-) TimerEvent: {}
[132.342098] (-) TimerEvent: {}
[132.450056] (-) TimerEvent: {}
[132.558025] (-) TimerEvent: {}
[132.665880] (-) TimerEvent: {}
[132.773655] (-) TimerEvent: {}
[132.881111] (-) TimerEvent: {}
[132.939422] (hiveflight_sim) StdoutLine: {'line': b'-- Found rclcpp: 16.0.19 (/opt/ros/humble/share/rclcpp/cmake)\n'}
[132.982204] (-) TimerEvent: {}
[133.090407] (-) TimerEvent: {}
[133.197170] (-) TimerEvent: {}
[133.305153] (-) TimerEvent: {}
[133.412167] (-) TimerEvent: {}
[133.520585] (-) TimerEvent: {}
[133.629922] (-) TimerEvent: {}
[133.738278] (-) TimerEvent: {}
[133.846660] (-) TimerEvent: {}
[133.952714] (-) TimerEvent: {}
[134.062001] (-) TimerEvent: {}
[134.170016] (-) TimerEvent: {}
[134.277764] (-) TimerEvent: {}
[134.385834] (-) TimerEvent: {}
[134.495533] (-) TimerEvent: {}
[134.603584] (-) TimerEvent: {}
[134.712000] (-) TimerEvent: {}
[134.820180] (-) TimerEvent: {}
[134.928381] (-) TimerEvent: {}
[135.036378] (-) TimerEvent: {}
[135.144471] (-) TimerEvent: {}
[135.171102] (hiveflight_sim) StdoutLine: {'line': b'-- Found rosidl_generator_c: 3.1.8 (/opt/ros/humble/share/rosidl_generator_c/cmake)\n'}
[135.247607] (-) TimerEvent: {}
[135.355735] (-) TimerEvent: {}
[135.465789] (-) TimerEvent: {}
[135.489364] (hiveflight_sim) StdoutLine: {'line': b'-- Found rosidl_adapter: 3.1.8 (/opt/ros/humble/share/rosidl_adapter/cmake)\n'}
[135.569290] (-) TimerEvent: {}
[135.671518] (-) TimerEvent: {}
[135.765986] (hiveflight_sim) StdoutLine: {'line': b'-- Found rosidl_generator_cpp: 3.1.8 (/opt/ros/humble/share/rosidl_generator_cpp/cmake)\n'}
[135.771725] (-) TimerEvent: {}
[135.878422] (-) TimerEvent: {}
[135.986469] (-) TimerEvent: {}
[136.058928] (hiveflight_sim) StdoutLine: {'line': b'-- Using all available rosidl_typesupport_c: rosidl_typesupport_fastrtps_c;rosidl_typesupport_introspection_c\n'}
[136.088409] (-) TimerEvent: {}
[136.196313] (-) TimerEvent: {}
[136.304586] (-) TimerEvent: {}
[136.414638] (-) TimerEvent: {}
[136.465526] (hiveflight_sim) StdoutLine: {'line': b'-- Using all available rosidl_typesupport_cpp: rosidl_typesupport_fastrtps_cpp;rosidl_typesupport_introspection_cpp\n'}
[136.516602] (-) TimerEvent: {}
[136.624948] (-) TimerEvent: {}
[136.732727] (-) TimerEvent: {}
[136.840628] (-) TimerEvent: {}
[136.948715] (-) TimerEvent: {}
[137.056651] (-) TimerEvent: {}
[137.164159] (-) TimerEvent: {}
[137.274002] (-) TimerEvent: {}
[137.380422] (-) TimerEvent: {}
[137.486833] (-) TimerEvent: {}
[137.594866] (-) TimerEvent: {}
[137.700203] (-) TimerEvent: {}
[137.808438] (-) TimerEvent: {}
[137.934840] (-) TimerEvent: {}
[138.042826] (-) TimerEvent: {}
[138.151423] (-) TimerEvent: {}
[138.228779] (hiveflight_sim) StdoutLine: {'line': b'-- Found rmw_implementation_cmake: 6.1.2 (/opt/ros/humble/share/rmw_implementation_cmake/cmake)\n'}
[138.251824] (-) TimerEvent: {}
[138.359877] (-) TimerEvent: {}
[138.434129] (hiveflight_sim) StdoutLine: {'line': b'-- Found rmw_fastrtps_cpp: 6.2.10 (/opt/ros/humble/share/rmw_fastrtps_cpp/cmake)\n'}
[138.460454] (-) TimerEvent: {}
[138.568141] (-) TimerEvent: {}
[138.676198] (-) TimerEvent: {}
[138.783050] (-) TimerEvent: {}
[138.891377] (-) TimerEvent: {}
[138.998471] (-) TimerEvent: {}
[139.106796] (-) TimerEvent: {}
[139.213502] (-) TimerEvent: {}
[139.321160] (-) TimerEvent: {}
[139.429198] (-) TimerEvent: {}
[139.535561] (-) TimerEvent: {}
[139.644017] (-) TimerEvent: {}
[139.751082] (-) TimerEvent: {}
[139.858485] (-) TimerEvent: {}
[139.966677] (-) TimerEvent: {}
[140.074964] (-) TimerEvent: {}
[140.183119] (-) TimerEvent: {}
[140.291169] (-) TimerEvent: {}
[140.399149] (-) TimerEvent: {}
[140.500941] (-) TimerEvent: {}
[140.607818] (-) TimerEvent: {}
[140.715867] (-) TimerEvent: {}
[140.823694] (-) TimerEvent: {}
[140.931472] (-) TimerEvent: {}
[141.032862] (-) TimerEvent: {}
[141.134637] (-) TimerEvent: {}
[141.236698] (-) TimerEvent: {}
[141.344405] (-) TimerEvent: {}
[141.452388] (-) TimerEvent: {}
[141.553674] (-) TimerEvent: {}
[141.655284] (-) TimerEvent: {}
[141.756721] (-) TimerEvent: {}
[141.864539] (-) TimerEvent: {}
[141.972098] (-) TimerEvent: {}
[142.079731] (-) TimerEvent: {}
[142.191438] (-) TimerEvent: {}
[142.299364] (-) TimerEvent: {}
[142.400905] (-) TimerEvent: {}
[142.503126] (-) TimerEvent: {}
[142.604829] (-) TimerEvent: {}
[142.706662] (-) TimerEvent: {}
[142.808576] (-) TimerEvent: {}
[142.916878] (-) TimerEvent: {}
[143.025081] (-) TimerEvent: {}
[143.131176] (-) TimerEvent: {}
[143.239201] (-) TimerEvent: {}
[143.340600] (-) TimerEvent: {}
[143.442129] (-) TimerEvent: {}
[143.549991] (-) TimerEvent: {}
[143.653703] (-) TimerEvent: {}
[143.761746] (-) TimerEvent: {}
[143.863742] (-) TimerEvent: {}
[143.965695] (-) TimerEvent: {}
[144.067978] (-) TimerEvent: {}
[144.170043] (-) TimerEvent: {}
[144.272090] (-) TimerEvent: {}
[144.373668] (-) TimerEvent: {}
[144.475720] (-) TimerEvent: {}
[144.577486] (-) TimerEvent: {}
[144.679293] (-) TimerEvent: {}
[144.769236] (hiveflight_sim) StdoutLine: {'line': b'-- Found OpenSSL: /usr/lib/x86_64-linux-gnu/libcrypto.so (found version "3.0.2")  \n'}
[144.779675] (-) TimerEvent: {}
[144.886928] (-) TimerEvent: {}
[144.988971] (-) TimerEvent: {}
[145.093345] (-) TimerEvent: {}
[145.194915] (-) TimerEvent: {}
[145.296416] (-) TimerEvent: {}
[145.398004] (-) TimerEvent: {}
[145.500194] (-) TimerEvent: {}
[145.601488] (-) TimerEvent: {}
[145.703014] (-) TimerEvent: {}
[145.804461] (-) TimerEvent: {}
[145.906016] (-) TimerEvent: {}
[146.007707] (-) TimerEvent: {}
[146.109009] (-) TimerEvent: {}
[146.210492] (-) TimerEvent: {}
[146.312206] (-) TimerEvent: {}
[146.414530] (-) TimerEvent: {}
[146.516381] (-) TimerEvent: {}
[146.640677] (-) TimerEvent: {}
[146.742189] (-) TimerEvent: {}
[146.843595] (-) TimerEvent: {}
[146.945138] (-) TimerEvent: {}
[147.054572] (-) TimerEvent: {}
[147.158752] (-) TimerEvent: {}
[147.260732] (-) TimerEvent: {}
[147.368784] (-) TimerEvent: {}
[147.476933] (-) TimerEvent: {}
[147.580719] (-) TimerEvent: {}
[147.682347] (-) TimerEvent: {}
[147.784075] (-) TimerEvent: {}
[147.885404] (-) TimerEvent: {}
[147.987193] (-) TimerEvent: {}
[148.088797] (-) TimerEvent: {}
[148.190132] (-) TimerEvent: {}
[148.247789] (hiveflight_sim) StdoutLine: {'line': b'-- Found FastRTPS: /opt/ros/humble/include  \n'}
[148.291554] (-) TimerEvent: {}
[148.398637] (-) TimerEvent: {}
[148.505442] (-) TimerEvent: {}
[148.611792] (-) TimerEvent: {}
[148.719920] (-) TimerEvent: {}
[148.828032] (-) TimerEvent: {}
[148.937541] (-) TimerEvent: {}
[149.046101] (-) TimerEvent: {}
[149.147989] (-) TimerEvent: {}
[149.249623] (-) TimerEvent: {}
[149.350901] (-) TimerEvent: {}
[149.452517] (-) TimerEvent: {}
[149.554501] (-) TimerEvent: {}
[149.655958] (-) TimerEvent: {}
[149.757294] (-) TimerEvent: {}
[149.859108] (-) TimerEvent: {}
[149.961251] (-) TimerEvent: {}
[150.062595] (-) TimerEvent: {}
[150.164682] (-) TimerEvent: {}
[150.266351] (-) TimerEvent: {}
[150.369590] (-) TimerEvent: {}
[150.471307] (-) TimerEvent: {}
[150.573014] (-) TimerEvent: {}
[150.674621] (-) TimerEvent: {}
[150.777249] (-) TimerEvent: {}
[150.879241] (-) TimerEvent: {}
[150.997762] (-) TimerEvent: {}
[151.099465] (-) TimerEvent: {}
[151.201293] (-) TimerEvent: {}
[151.302808] (-) TimerEvent: {}
[151.416218] (-) TimerEvent: {}
[151.524740] (-) TimerEvent: {}
[151.631779] (-) TimerEvent: {}
[151.733726] (-) TimerEvent: {}
[151.840991] (-) TimerEvent: {}
[151.949854] (-) TimerEvent: {}
[152.058398] (-) TimerEvent: {}
[152.167050] (-) TimerEvent: {}
[152.275744] (-) TimerEvent: {}
[152.384700] (-) TimerEvent: {}
[152.486209] (-) TimerEvent: {}
[152.587727] (-) TimerEvent: {}
[152.689259] (-) TimerEvent: {}
[152.791791] (-) TimerEvent: {}
[152.900499] (-) TimerEvent: {}
[153.009004] (-) TimerEvent: {}
[153.117922] (-) TimerEvent: {}
[153.226723] (-) TimerEvent: {}
[153.335185] (-) TimerEvent: {}
[153.443246] (-) TimerEvent: {}
[153.545120] (-) TimerEvent: {}
[153.653729] (-) TimerEvent: {}
[153.762244] (-) TimerEvent: {}
[153.870930] (-) TimerEvent: {}
[153.979430] (-) TimerEvent: {}
[154.088064] (-) TimerEvent: {}
[154.196756] (-) TimerEvent: {}
[154.304021] (-) TimerEvent: {}
[154.388345] (hiveflight_sim) StdoutLine: {'line': b"-- Using RMW implementation 'rmw_fastrtps_cpp' as default\n"}
[154.404481] (-) TimerEvent: {}
[154.511897] (-) TimerEvent: {}
[154.617855] (-) TimerEvent: {}
[154.726476] (-) TimerEvent: {}
[154.836146] (-) TimerEvent: {}
[154.945067] (-) TimerEvent: {}
[155.053969] (-) TimerEvent: {}
[155.152689] (hiveflight_sim) StdoutLine: {'line': b'-- Looking for pthread.h\n'}
[155.155643] (-) TimerEvent: {}
[155.264667] (-) TimerEvent: {}
[155.392854] (-) TimerEvent: {}
[155.501774] (-) TimerEvent: {}
[155.606823] (-) TimerEvent: {}
[155.715806] (-) TimerEvent: {}
[155.821454] (-) TimerEvent: {}
[155.930310] (-) TimerEvent: {}
[156.038844] (-) TimerEvent: {}
[156.147464] (-) TimerEvent: {}
[156.249001] (-) TimerEvent: {}
[156.350286] (-) TimerEvent: {}
[156.451933] (-) TimerEvent: {}
[156.553690] (-) TimerEvent: {}
[156.655400] (-) TimerEvent: {}
[156.756868] (-) TimerEvent: {}
[156.858463] (-) TimerEvent: {}
[156.960305] (-) TimerEvent: {}
[157.062073] (-) TimerEvent: {}
[157.163640] (-) TimerEvent: {}
[157.264780] (-) TimerEvent: {}
[157.366290] (-) TimerEvent: {}
[157.467471] (-) TimerEvent: {}
[157.569058] (-) TimerEvent: {}
[157.670480] (-) TimerEvent: {}
[157.771850] (-) TimerEvent: {}
[157.873892] (-) TimerEvent: {}
[157.975129] (-) TimerEvent: {}
[158.077077] (-) TimerEvent: {}
[158.139317] (hiveflight_sim) StdoutLine: {'line': b'-- Looking for pthread.h - found\n'}
[158.168595] (hiveflight_sim) StdoutLine: {'line': b'-- Performing Test CMAKE_HAVE_LIBC_PTHREAD\n'}
[158.209779] (-) TimerEvent: {}
[158.318288] (-) TimerEvent: {}
[158.421096] (-) TimerEvent: {}
[158.529609] (-) TimerEvent: {}
[158.635963] (-) TimerEvent: {}
[158.737300] (-) TimerEvent: {}
[158.838999] (-) TimerEvent: {}
[158.940902] (-) TimerEvent: {}
[159.042955] (-) TimerEvent: {}
[159.144782] (-) TimerEvent: {}
[159.246165] (-) TimerEvent: {}
[159.348861] (-) TimerEvent: {}
[159.452173] (-) TimerEvent: {}
[159.553629] (-) TimerEvent: {}
[159.655146] (-) TimerEvent: {}
[159.757047] (-) TimerEvent: {}
[159.858704] (-) TimerEvent: {}
[159.961003] (-) TimerEvent: {}
[160.069061] (-) TimerEvent: {}
[160.177245] (-) TimerEvent: {}
[160.286316] (-) TimerEvent: {}
[160.394249] (-) TimerEvent: {}
[160.495831] (-) TimerEvent: {}
[160.597516] (-) TimerEvent: {}
[160.701097] (-) TimerEvent: {}
[160.809072] (-) TimerEvent: {}
[160.916805] (-) TimerEvent: {}
[161.024567] (-) TimerEvent: {}
[161.035933] (hiveflight_sim) StdoutLine: {'line': b'-- Performing Test CMAKE_HAVE_LIBC_PTHREAD - Success\n'}
[161.050120] (hiveflight_sim) StdoutLine: {'line': b'-- Found Threads: TRUE  \n'}
[161.128044] (-) TimerEvent: {}
[161.235894] (-) TimerEvent: {}
[161.342764] (-) TimerEvent: {}
[161.450565] (-) TimerEvent: {}
[161.557590] (-) TimerEvent: {}
[161.665228] (-) TimerEvent: {}
[161.773734] (-) TimerEvent: {}
[161.881543] (-) TimerEvent: {}
[161.978749] (hiveflight_sim) StdoutLine: {'line': b'-- Found geometry_msgs: 4.9.1 (/opt/ros/humble/share/geometry_msgs/cmake)\n'}
[161.981522] (-) TimerEvent: {}
[162.083053] (-) TimerEvent: {}
[162.172652] (hiveflight_sim) StdoutLine: {'line': b'-- Found hiveflight_interfaces: 0.0.1 (/mnt/c/work/ubuntu_work/HiveFlight/ros2_ws/install/share/hiveflight_interfaces/cmake)\n'}
[162.183635] (-) TimerEvent: {}
[162.284992] (-) TimerEvent: {}
[162.386333] (-) TimerEvent: {}
[162.488102] (-) TimerEvent: {}
[162.589826] (-) TimerEvent: {}
[162.691568] (-) TimerEvent: {}
[162.793568] (-) TimerEvent: {}
[162.895375] (-) TimerEvent: {}
[162.997055] (-) TimerEvent: {}
[163.105520] (-) TimerEvent: {}
[163.213513] (-) TimerEvent: {}
[163.321682] (-) TimerEvent: {}
[163.429658] (-) TimerEvent: {}
[163.479946] (hiveflight_sim) StderrLine: {'line': b'\x1b[31mCMake Error at CMakeLists.txt:13 (message):\n'}
[163.483941] (hiveflight_sim) StderrLine: {'line': b'  SwarmSimulation3D.cpp not found at:\n'}
[163.487333] (hiveflight_sim) StderrLine: {'line': b'  /mnt/c/work/ubuntu_work/HiveFlight/ros2_ws/src/hiveflight_sim/../../SwarmSimulation3D.cpp\n'}
[163.490492] (hiveflight_sim) StderrLine: {'line': b'\n'}
[163.493617] (hiveflight_sim) StderrLine: {'line': b'\x1b[0m\n'}
[163.496693] (hiveflight_sim) StdoutLine: {'line': b'-- Configuring incomplete, errors occurred!\n'}
[163.501008] (hiveflight_sim) StdoutLine: {'line': b'See also "/mnt/c/work/ubuntu_work/HiveFlight/ros2_ws/build/hiveflight_sim/CMakeFiles/CMakeOutput.log".\n'}
[163.531096] (-) TimerEvent: {}
[163.592634] (hiveflight_sim) CommandEnded: {'returncode': 1}
[163.634076] (-) TimerEvent: {}
[163.738834] (-) TimerEvent: {}
[163.840346] (-) TimerEvent: {}
[163.941553] (-) TimerEvent: {}
[164.043358] (-) TimerEvent: {}
[164.144653] (-) TimerEvent: {}
[164.246027] (-) TimerEvent: {}
[164.348034] (-) TimerEvent: {}
[164.453728] (-) TimerEvent: {}
[164.555021] (-) TimerEvent: {}
[164.656534] (-) TimerEvent: {}
[164.758022] (-) TimerEvent: {}
[164.859637] (-) TimerEvent: {}
[164.960979] (-) TimerEvent: {}
[165.062376] (-) TimerEvent: {}
[165.158870] (hiveflight_sim) JobEnded: {'identifier': 'hiveflight_sim', 'rc': 1}
[165.191777] (-) TimerEvent: {}
[165.192839] (hiveflight_sim_node) JobSkipped: {'identifier': 'hiveflight_sim_node'}
[165.193614] (-) EventReactorShutdown: {}
