[0.000000] (-) TimerEvent: {}
[0.000923] (hiveflight_interfaces) JobQueued: {'identifier': 'hiveflight_interfaces', 'dependencies': OrderedDict()}
[0.001114] (hiveflight_sim) JobQueued: {'identifier': 'hiveflight_sim', 'dependencies': OrderedDict([('hiveflight_interfaces', '/mnt/c/work/ubuntu_work/HiveFlight/ros2_ws/install')])}
[0.001293] (hiveflight_sim_node) JobQueued: {'identifier': 'hiveflight_sim_node', 'dependencies': OrderedDict([('hiveflight_interfaces', '/mnt/c/work/ubuntu_work/HiveFlight/ros2_ws/install'), ('hiveflight_sim', '/mnt/c/work/ubuntu_work/HiveFlight/ros2_ws/install')])}
[0.001444] (hiveflight_interfaces) JobStarted: {'identifier': 'hiveflight_interfaces'}
[0.016758] (hiveflight_interfaces) JobProgress: {'identifier': 'hiveflight_interfaces', 'progress': 'cmake'}
[0.048253] (hiveflight_interfaces) Command: {'cmd': ['/usr/bin/cmake', '/mnt/c/work/ubuntu_work/HiveFlight/ros2_ws/src/hiveflight_interfaces', '-DCMAKE_INSTALL_PREFIX=/mnt/c/work/ubuntu_work/HiveFlight/ros2_ws/install'], 'cwd': '/mnt/c/work/ubuntu_work/HiveFlight/ros2_ws/build/hiveflight_interfaces', 'env': OrderedDict([('LESSOPEN', '| /usr/bin/lesspipe %s'), ('USER', 'ivano'), ('SHLVL', '2'), ('LD_LIBRARY_PATH', '/usr/lib/x86_64-linux-gnu/gazebo-11/plugins:/opt/ros/humble/opt/rviz_ogre_vendor/lib:/opt/ros/humble/lib/x86_64-linux-gnu:/opt/ros/humble/lib'), ('MOTD_SHOWN', 'update-motd'), ('HOME', '/home/ivano'), ('OLDPWD', '/mnt/c/work/ubuntu_work/HiveFlight'), ('ROS_PYTHON_VERSION', '3'), ('DBUS_SESSION_BUS_ADDRESS', 'unix:path=/run/user/1000/bus'), ('WSL_DISTRO_NAME', 'Ubuntu-22.04'), ('WAYLAND_DISPLAY', 'wayland-0'), ('ROS_DISTRO', 'humble'), ('LOGNAME', 'ivano'), ('NAME', 'LAPTOP-7K9MEH4D'), ('WSL_INTEROP', '/run/WSL/322_interop'), ('PULSE_SERVER', 'unix:/mnt/wslg/PulseServer'), ('_', '/usr/bin/colcon'), ('ROS_VERSION', '2'), ('TERM', 'xterm-256color'), ('ROS_LOCALHOST_ONLY', '0'), ('PATH', '/opt/ros/humble/bin:/usr/local/sbin:/usr/local/bin:/usr/sbin:/usr/bin:/sbin:/bin:/usr/games:/usr/local/games:/usr/lib/wsl/lib:/mnt/c/Users/ivano/AppData/Roaming/Code/User/globalStorage/github.copilot-chat/debugCommand:/mnt/c/Users/ivano/AppData/Roaming/Code/User/globalStorage/github.copilot-chat/copilotCli:/mnt/c/windows/system32:/mnt/c/windows:/mnt/c/windows/System32/Wbem:/mnt/c/windows/System32/WindowsPowerShell/v1.0/:/mnt/c/windows/System32/OpenSSH/:/mnt/c/Program Files/HP/1E.Performance.Assist/Extensibility/NomadBranch:/mnt/c/Program Files/CMake/bin:/mnt/c/Program Files (x86)/Windows Kits/10/Windows Performance Toolkit/:/mnt/c/Program Files/Git/cmd:/mnt/c/windows/system32:/mnt/c/windows:/mnt/c/windows/System32/Wbem:/mnt/c/windows/System32/WindowsPowerShell/v1.0/:/mnt/c/windows/System32/OpenSSH/:/mnt/c/Program Files/HP/1E.Performance.Assist/Extensibility/NomadBranch:/mnt/c/Program Files/CMake/bin:/mnt/c/Program Files (x86)/Windows Kits/10/Windows Performance Toolkit/:/mnt/c/Program Files/Git/cmd:/mnt/c/vcpkg:/mnt/c/Users/ivano/AppData/Local/Programs/Microsoft VS Code/bin:/snap/bin'), ('XDG_RUNTIME_DIR', '/run/user/1000'), ('DISPLAY', ':0'), ('LANG', 'C.UTF-8'), ('LS_COLORS', 'rs=0:di=01;34:ln=01;36:mh=00:pi=40;33:so=01;35:do=01;35:bd=40;33;01:cd=40;33;01:or=40;31;01:mi=00:su=37;41:sg=30;43:ca=30;41:tw=30;42:ow=34;42:st=37;44:ex=01;32:*.tar=01;31:*.tgz=01;31:*.arc=01;31:*.arj=01;31:*.taz=01;31:*.lha=01;31:*.lz4=01;31:*.lzh=01;31:*.lzma=01;31:*.tlz=01;31:*.txz=01;31:*.tzo=01;31:*.t7z=01;31:*.zip=01;31:*.z=01;31:*.dz=01;31:*.gz=01;31:*.lrz=01;31:*.lz=01;31:*.lzo=01;31:*.xz=01;31:*.zst=01;31:*.tzst=01;31:*.bz2=01;31:*.bz=01;31:*.tbz=01;31:*.tbz2=01;31:*.tz=01;31:*.deb=01;31:*.rpm=01;31:*.jar=01;31:*.war=01;31:*.ear=01;31:*.sar=01;31:*.rar=01;31:*.alz=01;31:*.ace=01;31:*.zoo=01;31:*.cpio=01;31:*.7z=01;31:*.rz=01;31:*.cab=01;31:*.wim=01;31:*.swm=01;31:*.dwm=01;31:*.esd=01;31:*.jpg=01;35:*.jpeg=01;35:*.mjpg=01;35:*.mjpeg=01;35:*.gif=01;35:*.bmp=01;35:*.pbm=01;35:*.pgm=01;35:*.ppm=01;35:*.tga=01;35:*.xbm=01;35:*.xpm=01;35:*.tif=01;35:*.tiff=01;35:*.png=01;35:*.svg=01;35:*.svgz=01;35:*.mng=01;35:*.pcx=01;35:*.mov=01;35:*.mpg=01;35:*.mpeg=01;35:*.m2v=01;35:*.mkv=01;35:*.webm=01;35:*.webp=01;35:*.ogm=01;35:*.mp4=01;35:*.m4v=01;35:*.mp4v=01;35:*.vob=01;35:*.qt=01;35:*.nuv=01;35:*.wmv=01;35:*.asf=01;35:*.rm=01;35:*.rmvb=01;35:*.flc=01;35:*.avi=01;35:*.fli=01;35:*.flv=01;35:*.gl=01;35:*.dl=01;35:*.xcf=01;35:*.xwd=01;35:*.yuv=01;35:*.cgm=01;35:*.emf=01;35:*.ogv=01;35:*.ogx=01;35:*.aac=00;36:*.au=00;36:*.flac=00;36:*.m4a=00;36:*.mid=00;36:*.midi=00;36:*.mka=00;36:*.mp3=00;36:*.mpc=00;36:*.ogg=00;36:*.ra=00;36:*.wav=00;36:*.oga=00;36:*.opus=00;36:*.spx=00;36:*.xspf=00;36:'), ('AMENT_PREFIX_PATH', '/opt/ros/humble'), ('SHELL', '/bin/bash'), ('LESSCLOSE', '/usr/bin/lesspipe %s %s'), ('PWD', '/mnt/c/work/ubuntu_work/HiveFlight/ros2_ws/build/hiveflight_interfaces'), ('XDG_DATA_DIRS', '/usr/local/share:/usr/share:/var/lib/snapd/desktop'), ('PYTHONPATH', '/opt/ros/humble/lib/python3.10/site-packages:/opt/ros/humble/local/lib/python3.10/dist-packages'), ('COLCON', '1'), ('WSL2_GUI_APPS_ENABLED', '1'), ('HOSTTYPE', 'x86_64'), ('WSLENV', ''), ('CMAKE_PREFIX_PATH', '/opt/ros/humble')]), 'shell': False}
[0.098539] (-) TimerEvent: {}
[0.199101] (-) TimerEvent: {}
[0.270057] (hiveflight_interfaces) StdoutLine: {'line': b'-- The C compiler identification is GNU 11.4.0\n'}
[0.299268] (-) TimerEvent: {}
[0.399775] (-) TimerEvent: {}
[0.500313] (-) TimerEvent: {}
[0.601033] (-) TimerEvent: {}
[0.641897] (hiveflight_interfaces) StdoutLine: {'line': b'-- The CXX compiler identification is GNU 11.4.0\n'}
[0.701180] (-) TimerEvent: {}
[0.801736] (-) TimerEvent: {}
[0.855279] (hiveflight_interfaces) StdoutLine: {'line': b'-- Detecting C compiler ABI info\n'}
[0.901871] (-) TimerEvent: {}
[1.002389] (-) TimerEvent: {}
[1.102972] (-) TimerEvent: {}
[1.203529] (-) TimerEvent: {}
[1.289801] (hiveflight_interfaces) StdoutLine: {'line': b'-- Detecting C compiler ABI info - done\n'}
[1.303642] (-) TimerEvent: {}
[1.307477] (hiveflight_interfaces) StdoutLine: {'line': b'-- Check for working C compiler: /usr/bin/cc - skipped\n'}
[1.308251] (hiveflight_interfaces) StdoutLine: {'line': b'-- Detecting C compile features\n'}
[1.309192] (hiveflight_interfaces) StdoutLine: {'line': b'-- Detecting C compile features - done\n'}
[1.350659] (hiveflight_interfaces) StdoutLine: {'line': b'-- Detecting CXX compiler ABI info\n'}
[1.403797] (-) TimerEvent: {}
[1.504261] (-) TimerEvent: {}
[1.604823] (-) TimerEvent: {}
[1.705628] (-) TimerEvent: {}
[1.779960] (hiveflight_interfaces) StdoutLine: {'line': b'-- Detecting CXX compiler ABI info - done\n'}
[1.799264] (hiveflight_interfaces) StdoutLine: {'line': b'-- Check for working CXX compiler: /usr/bin/c++ - skipped\n'}
[1.800142] (hiveflight_interfaces) StdoutLine: {'line': b'-- Detecting CXX compile features\n'}
[1.800929] (hiveflight_interfaces) StdoutLine: {'line': b'-- Detecting CXX compile features - done\n'}
[1.805711] (-) TimerEvent: {}
[1.840032] (hiveflight_interfaces) StdoutLine: {'line': b'-- Found ament_cmake: 1.3.14 (/opt/ros/humble/share/ament_cmake/cmake)\n'}
[1.905840] (-) TimerEvent: {}
[1.936579] (hiveflight_interfaces) StdoutLine: {'line': b'-- Found Python3: /usr/bin/python3 (found version "3.10.12") found components: Interpreter \n'}
[2.005972] (-) TimerEvent: {}
[2.049890] (hiveflight_interfaces) StdoutLine: {'line': b'-- Found geometry_msgs: 4.9.1 (/opt/ros/humble/share/geometry_msgs/cmake)\n'}
[2.106065] (-) TimerEvent: {}
[2.127474] (hiveflight_interfaces) StdoutLine: {'line': b'-- Found rosidl_generator_c: 3.1.8 (/opt/ros/humble/share/rosidl_generator_c/cmake)\n'}
[2.129586] (hiveflight_interfaces) StdoutLine: {'line': b'-- Found rosidl_adapter: 3.1.8 (/opt/ros/humble/share/rosidl_adapter/cmake)\n'}
[2.133677] (hiveflight_interfaces) StdoutLine: {'line': b'-- Found rosidl_generator_cpp: 3.1.8 (/opt/ros/humble/share/rosidl_generator_cpp/cmake)\n'}
[2.139969] (hiveflight_interfaces) StdoutLine: {'line': b'-- Using all available rosidl_typesupport_c: rosidl_typesupport_fastrtps_c;rosidl_typesupport_introspection_c\n'}
[2.147905] (hiveflight_interfaces) StdoutLine: {'line': b'-- Using all available rosidl_typesupport_cpp: rosidl_typesupport_fastrtps_cpp;rosidl_typesupport_introspection_cpp\n'}
[2.167272] (hiveflight_interfaces) StdoutLine: {'line': b'-- Found rosidl_default_generators: 1.2.1 (/opt/ros/humble/share/rosidl_default_generators/cmake)\n'}
[2.206204] (-) TimerEvent: {}
[2.306658] (-) TimerEvent: {}
[2.407172] (-) TimerEvent: {}
[2.507674] (-) TimerEvent: {}
[2.608244] (-) TimerEvent: {}
[2.708797] (-) TimerEvent: {}
[2.788677] (hiveflight_interfaces) StdoutLine: {'line': b'-- Found ament_cmake_ros: 0.10.0 (/opt/ros/humble/share/ament_cmake_ros/cmake)\n'}
[2.808922] (-) TimerEvent: {}
[2.909489] (-) TimerEvent: {}
[3.010256] (-) TimerEvent: {}
[3.110918] (-) TimerEvent: {}
[3.211727] (-) TimerEvent: {}
[3.312466] (-) TimerEvent: {}
[3.413123] (-) TimerEvent: {}
[3.513623] (-) TimerEvent: {}
[3.614142] (-) TimerEvent: {}
[3.714636] (-) TimerEvent: {}
[3.815068] (-) TimerEvent: {}
[3.915774] (-) TimerEvent: {}
[4.016357] (-) TimerEvent: {}
[4.117009] (-) TimerEvent: {}
[4.217620] (-) TimerEvent: {}
[4.318118] (-) TimerEvent: {}
[4.418677] (-) TimerEvent: {}
[4.492635] (hiveflight_interfaces) StdoutLine: {'line': b'-- Using all available rosidl_typesupport_c: rosidl_typesupport_fastrtps_c;rosidl_typesupport_introspection_c\n'}
[4.518717] (-) TimerEvent: {}
[4.619180] (-) TimerEvent: {}
[4.719656] (-) TimerEvent: {}
[4.820082] (-) TimerEvent: {}
[4.920574] (-) TimerEvent: {}
[5.021243] (-) TimerEvent: {}
[5.085110] (hiveflight_interfaces) StdoutLine: {'line': b'-- Using all available rosidl_typesupport_cpp: rosidl_typesupport_fastrtps_cpp;rosidl_typesupport_introspection_cpp\n'}
[5.121310] (-) TimerEvent: {}
[5.160068] (hiveflight_interfaces) StdoutLine: {'line': b'-- Found PythonInterp: /usr/bin/python3 (found suitable version "3.10.12", minimum required is "3.6") \n'}
[5.161205] (hiveflight_interfaces) StdoutLine: {'line': b'-- Found python_cmake_module: 0.10.0 (/opt/ros/humble/share/python_cmake_module/cmake)\n'}
[5.221434] (-) TimerEvent: {}
[5.321915] (-) TimerEvent: {}
[5.364178] (hiveflight_interfaces) StdoutLine: {'line': b'-- Found PythonLibs: /usr/lib/x86_64-linux-gnu/libpython3.10.so (found suitable version "3.10.12", minimum required is "3.5") \n'}
[5.364986] (hiveflight_interfaces) StdoutLine: {'line': b'-- Using PYTHON_EXECUTABLE: /usr/bin/python3\n'}
[5.365934] (hiveflight_interfaces) StdoutLine: {'line': b'-- Using PYTHON_INCLUDE_DIRS: /usr/include/python3.10\n'}
[5.366602] (hiveflight_interfaces) StdoutLine: {'line': b'-- Using PYTHON_LIBRARIES: /usr/lib/x86_64-linux-gnu/libpython3.10.so\n'}
[5.379594] (hiveflight_interfaces) StdoutLine: {'line': b'-- Found PythonExtra: .so  \n'}
[5.422016] (-) TimerEvent: {}
[5.522460] (-) TimerEvent: {}
[5.623009] (-) TimerEvent: {}
[5.723603] (-) TimerEvent: {}
[5.824174] (-) TimerEvent: {}
[5.924729] (-) TimerEvent: {}
[6.025256] (-) TimerEvent: {}
[6.125827] (-) TimerEvent: {}
[6.226340] (-) TimerEvent: {}
[6.326853] (-) TimerEvent: {}
[6.427369] (-) TimerEvent: {}
[6.528035] (-) TimerEvent: {}
[6.628548] (-) TimerEvent: {}
[6.658389] (hiveflight_interfaces) StdoutLine: {'line': b'-- Configuring done\n'}
[6.728652] (-) TimerEvent: {}
[6.829135] (-) TimerEvent: {}
[6.929729] (-) TimerEvent: {}
[7.030278] (-) TimerEvent: {}
[7.130879] (-) TimerEvent: {}
[7.231419] (-) TimerEvent: {}
[7.332001] (-) TimerEvent: {}
[7.432508] (-) TimerEvent: {}
[7.532970] (-) TimerEvent: {}
[7.633456] (-) TimerEvent: {}
[7.733936] (-) TimerEvent: {}
[7.834397] (-) TimerEvent: {}
[7.934979] (-) TimerEvent: {}
[8.035474] (-) TimerEvent: {}
[8.094149] (hiveflight_interfaces) StdoutLine: {'line': b'-- Generating done\n'}
[8.135607] (-) TimerEvent: {}
[8.236154] (-) TimerEvent: {}
[8.336673] (-) TimerEvent: {}
[8.437195] (-) TimerEvent: {}
[8.537732] (-) TimerEvent: {}
[8.637570] (hiveflight_interfaces) StdoutLine: {'line': b'-- Build files have been written to: /mnt/c/work/ubuntu_work/HiveFlight/ros2_ws/build/hiveflight_interfaces\n'}
[8.638388] (-) TimerEvent: {}
[8.646439] (hiveflight_interfaces) CommandEnded: {'returncode': 0}
[8.651683] (hiveflight_interfaces) JobProgress: {'identifier': 'hiveflight_interfaces', 'progress': 'build'}
[8.656533] (hiveflight_interfaces) Command: {'cmd': ['/usr/bin/cmake', '--build', '/mnt/c/work/ubuntu_work/HiveFlight/ros2_ws/build/hiveflight_interfaces', '--', '-j16', '-l16'], 'cwd': '/mnt/c/work/ubuntu_work/HiveFlight/ros2_ws/build/hiveflight_interfaces', 'env': OrderedDict([('LESSOPEN', '| /usr/bin/lesspipe %s'), ('USER', 'ivano'), ('SHLVL', '2'), ('LD_LIBRARY_PATH', '/usr/lib/x86_64-linux-gnu/gazebo-11/plugins:/opt/ros/humble/opt/rviz_ogre_vendor/lib:/opt/ros/humble/lib/x86_64-linux-gnu:/opt/ros/humble/lib'), ('MOTD_SHOWN', 'update-motd'), ('HOME', '/home/ivano'), ('OLDPWD', '/mnt/c/work/ubuntu_work/HiveFlight'), ('ROS_PYTHON_VERSION', '3'), ('DBUS_SESSION_BUS_ADDRESS', 'unix:path=/run/user/1000/bus'), ('WSL_DISTRO_NAME', 'Ubuntu-22.04'), ('WAYLAND_DISPLAY', 'wayland-0'), ('ROS_DISTRO', 'humble'), ('LOGNAME', 'ivano'), ('NAME', 'LAPTOP-7K9MEH4D'), ('WSL_INTEROP', '/run/WSL/322_interop'), ('PULSE_SERVER', 'unix:/mnt/wslg/PulseServer'), ('_', '/usr/bin/colcon'), ('ROS_VERSION', '2'), ('TERM', 'xterm-256color'), ('ROS_LOCALHOST_ONLY', '0'), ('PATH', '/opt/ros/humble/bin:/usr/local/sbin:/usr/local/bin:/usr/sbin:/usr/bin:/sbin:/bin:/usr/games:/usr/local/games:/usr/lib/wsl/lib:/mnt/c/Users/ivano/AppData/Roaming/Code/User/globalStorage/github.copilot-chat/debugCommand:/mnt/c/Users/ivano/AppData/Roaming/Code/User/globalStorage/github.copilot-chat/copilotCli:/mnt/c/windows/system32:/mnt/c/windows:/mnt/c/windows/System32/Wbem:/mnt/c/windows/System32/WindowsPowerShell/v1.0/:/mnt/c/windows/System32/OpenSSH/:/mnt/c/Program Files/HP/1E.Performance.Assist/Extensibility/NomadBranch:/mnt/c/Program Files/CMake/bin:/mnt/c/Program Files (x86)/Windows Kits/10/Windows Performance Toolkit/:/mnt/c/Program Files/Git/cmd:/mnt/c/windows/system32:/mnt/c/windows:/mnt/c/windows/System32/Wbem:/mnt/c/windows/System32/WindowsPowerShell/v1.0/:/mnt/c/windows/System32/OpenSSH/:/mnt/c/Program Files/HP/1E.Performance.Assist/Extensibility/NomadBranch:/mnt/c/Program Files/CMake/bin:/mnt/c/Program Files (x86)/Windows Kits/10/Windows Performance Toolkit/:/mnt/c/Program Files/Git/cmd:/mnt/c/vcpkg:/mnt/c/Users/ivano/AppData/Local/Programs/Microsoft VS Code/bin:/snap/bin'), ('XDG_RUNTIME_DIR', '/run/user/1000'), ('DISPLAY', ':0'), ('LANG', 'C.UTF-8'), ('LS_COLORS', 'rs=0:di=01;34:ln=01;36:mh=00:pi=40;33:so=01;35:do=01;35:bd=40;33;01:cd=40;33;01:or=40;31;01:mi=00:su=37;41:sg=30;43:ca=30;41:tw=30;42:ow=34;42:st=37;44:ex=01;32:*.tar=01;31:*.tgz=01;31:*.arc=01;31:*.arj=01;31:*.taz=01;31:*.lha=01;31:*.lz4=01;31:*.lzh=01;31:*.lzma=01;31:*.tlz=01;31:*.txz=01;31:*.tzo=01;31:*.t7z=01;31:*.zip=01;31:*.z=01;31:*.dz=01;31:*.gz=01;31:*.lrz=01;31:*.lz=01;31:*.lzo=01;31:*.xz=01;31:*.zst=01;31:*.tzst=01;31:*.bz2=01;31:*.bz=01;31:*.tbz=01;31:*.tbz2=01;31:*.tz=01;31:*.deb=01;31:*.rpm=01;31:*.jar=01;31:*.war=01;31:*.ear=01;31:*.sar=01;31:*.rar=01;31:*.alz=01;31:*.ace=01;31:*.zoo=01;31:*.cpio=01;31:*.7z=01;31:*.rz=01;31:*.cab=01;31:*.wim=01;31:*.swm=01;31:*.dwm=01;31:*.esd=01;31:*.jpg=01;35:*.jpeg=01;35:*.mjpg=01;35:*.mjpeg=01;35:*.gif=01;35:*.bmp=01;35:*.pbm=01;35:*.pgm=01;35:*.ppm=01;35:*.tga=01;35:*.xbm=01;35:*.xpm=01;35:*.tif=01;35:*.tiff=01;35:*.png=01;35:*.svg=01;35:*.svgz=01;35:*.mng=01;35:*.pcx=01;35:*.mov=01;35:*.mpg=01;35:*.mpeg=01;35:*.m2v=01;35:*.mkv=01;35:*.webm=01;35:*.webp=01;35:*.ogm=01;35:*.mp4=01;35:*.m4v=01;35:*.mp4v=01;35:*.vob=01;35:*.qt=01;35:*.nuv=01;35:*.wmv=01;35:*.asf=01;35:*.rm=01;35:*.rmvb=01;35:*.flc=01;35:*.avi=01;35:*.fli=01;35:*.flv=01;35:*.gl=01;35:*.dl=01;35:*.xcf=01;35:*.xwd=01;35:*.yuv=01;35:*.cgm=01;35:*.emf=01;35:*.ogv=01;35:*.ogx=01;35:*.aac=00;36:*.au=00;36:*.flac=00;36:*.m4a=00;36:*.mid=00;36:*.midi=00;36:*.mka=00;36:*.mp3=00;36:*.mpc=00;36:*.ogg=00;36:*.ra=00;36:*.wav=00;36:*.oga=00;36:*.opus=00;36:*.spx=00;36:*.xspf=00;36:'), ('AMENT_PREFIX_PATH', '/opt/ros/humble'), ('SHELL', '/bin/bash'), ('LESSCLOSE', '/usr/bin/lesspipe %s %s'), ('PWD', '/mnt/c/work/ubuntu_work/HiveFlight/ros2_ws/build/hiveflight_interfaces'), ('XDG_DATA_DIRS', '/usr/local/share:/usr/share:/var/lib/snapd/desktop'), ('PYTHONPATH', '/opt/ros/humble/lib/python3.10/site-packages:/opt/ros/humble/local/lib/python3.10/dist-packages'), ('COLCON', '1'), ('WSL2_GUI_APPS_ENABLED', '1'), ('HOSTTYPE', 'x86_64'), ('WSLENV', ''), ('CMAKE_PREFIX_PATH', '/opt/ros/humble')]), 'shell': False}
[8.738493] (-) TimerEvent: {}
[8.818925] (hiveflight_interfaces) StdoutLine: {'line': b'[  3%] \x1b[34m\x1b[1mGenerating C code for ROS interfaces\x1b[0m\n'}
[8.838584] (-) TimerEvent: {}
[8.845998] (hiveflight_interfaces) StdoutLine: {'line': b'[  6%] \x1b[34m\x1b[1mGenerating C++ code for ROS interfaces\x1b[0m\n'}
[8.851816] (hiveflight_interfaces) StdoutLine: {'line': b'[  9%] \x1b[34m\x1b[1mGenerating Rust code for ROS interfaces\x1b[0m\n'}
[8.874146] (hiveflight_interfaces) StdoutLine: {'line': b'[  9%] Built target ament_cmake_python_copy_hiveflight_interfaces\n'}
[8.938716] (-) TimerEvent: {}
[9.039343] (-) TimerEvent: {}
[9.079286] (hiveflight_interfaces) StdoutLine: {'line': b'[  9%] Built target hiveflight_interfaces__cpp\n'}
[9.082345] (hiveflight_interfaces) StdoutLine: {'line': b'[  9%] Built target hiveflight_interfaces__rs\n'}
[9.096584] (hiveflight_interfaces) StdoutLine: {'line': b'running egg_info\n'}
[9.098043] (hiveflight_interfaces) StdoutLine: {'line': b'creating hiveflight_interfaces.egg-info\n'}
[9.101594] (hiveflight_interfaces) StdoutLine: {'line': b'writing hiveflight_interfaces.egg-info/PKG-INFO\n'}
[9.106344] (hiveflight_interfaces) StdoutLine: {'line': b'writing dependency_links to hiveflight_interfaces.egg-info/dependency_links.txt\n'}
[9.110945] (hiveflight_interfaces) StdoutLine: {'line': b'[ 15%] \x1b[34m\x1b[1mGenerating C++ type support dispatch for ROS interfaces\x1b[0m\n'}
[9.112260] (hiveflight_interfaces) StdoutLine: {'line': b'[ 15%] \x1b[34m\x1b[1mGenerating C++ introspection for ROS interfaces\x1b[0m\n'}
[9.113260] (hiveflight_interfaces) StdoutLine: {'line': b'writing top-level names to hiveflight_interfaces.egg-info/top_level.txt\n'}
[9.115636] (hiveflight_interfaces) StdoutLine: {'line': b'[ 21%] \x1b[34m\x1b[1mGenerating C++ type support for eProsima Fast-RTPS\x1b[0m\n'}
[9.116566] (hiveflight_interfaces) StdoutLine: {'line': b"writing manifest file 'hiveflight_interfaces.egg-info/SOURCES.txt'\n"}
[9.117340] (hiveflight_interfaces) StdoutLine: {'line': b'[ 21%] \x1b[32mBuilding C object CMakeFiles/hiveflight_interfaces__rosidl_generator_c.dir/rosidl_generator_c/hiveflight_interfaces/msg/detail/drone_message__functions.c.o\x1b[0m\n'}
[9.132695] (hiveflight_interfaces) StdoutLine: {'line': b"reading manifest file 'hiveflight_interfaces.egg-info/SOURCES.txt'\n"}
[9.139474] (-) TimerEvent: {}
[9.153988] (hiveflight_interfaces) StdoutLine: {'line': b"writing manifest file 'hiveflight_interfaces.egg-info/SOURCES.txt'\n"}
[9.187250] (hiveflight_interfaces) StdoutLine: {'line': b'[ 21%] Built target ament_cmake_python_build_hiveflight_interfaces_egg\n'}
[9.239576] (-) TimerEvent: {}
[9.292187] (hiveflight_interfaces) StdoutLine: {'line': b'[ 25%] \x1b[32m\x1b[1mLinking C shared library libhiveflight_interfaces__rosidl_generator_c.so\x1b[0m\n'}
[9.311876] (hiveflight_interfaces) StdoutLine: {'line': b'[ 28%] \x1b[32mBuilding CXX object CMakeFiles/hiveflight_interfaces__rosidl_typesupport_cpp.dir/rosidl_typesupport_cpp/hiveflight_interfaces/msg/drone_message__type_support.cpp.o\x1b[0m\n'}
[9.339716] (-) TimerEvent: {}
[9.360198] (hiveflight_interfaces) StdoutLine: {'line': b'[ 31%] \x1b[32mBuilding CXX object CMakeFiles/hiveflight_interfaces__rosidl_typesupport_introspection_cpp.dir/rosidl_typesupport_introspection_cpp/hiveflight_interfaces/msg/detail/drone_message__type_support.cpp.o\x1b[0m\n'}
[9.368834] (hiveflight_interfaces) StdoutLine: {'line': b'[ 34%] \x1b[32mBuilding CXX object CMakeFiles/hiveflight_interfaces__rosidl_typesupport_fastrtps_cpp.dir/rosidl_typesupport_fastrtps_cpp/hiveflight_interfaces/msg/detail/dds_fastrtps/drone_message__type_support.cpp.o\x1b[0m\n'}
[9.439833] (-) TimerEvent: {}
[9.469886] (hiveflight_interfaces) StdoutLine: {'line': b'[ 34%] Built target hiveflight_interfaces__rosidl_generator_c\n'}
[9.504698] (hiveflight_interfaces) StdoutLine: {'line': b'[ 43%] \x1b[34m\x1b[1mGenerating C type support dispatch for ROS interfaces\x1b[0m\n'}
[9.505803] (hiveflight_interfaces) StdoutLine: {'line': b'[ 43%] \x1b[34m\x1b[1mGenerating C type support for eProsima Fast-RTPS\x1b[0m\n'}
[9.506877] (hiveflight_interfaces) StdoutLine: {'line': b'[ 43%] \x1b[34m\x1b[1mGenerating C introspection for ROS interfaces\x1b[0m\n'}
[9.539969] (-) TimerEvent: {}
[9.640627] (-) TimerEvent: {}
[9.659700] (hiveflight_interfaces) StdoutLine: {'line': b'[ 46%] \x1b[32m\x1b[1mLinking CXX shared library libhiveflight_interfaces__rosidl_typesupport_cpp.so\x1b[0m\n'}
[9.705291] (hiveflight_interfaces) StdoutLine: {'line': b'[ 50%] \x1b[32mBuilding CXX object CMakeFiles/hiveflight_interfaces__rosidl_typesupport_c.dir/rosidl_typesupport_c/hiveflight_interfaces/msg/drone_message__type_support.cpp.o\x1b[0m\n'}
[9.740768] (-) TimerEvent: {}
[9.747063] (hiveflight_interfaces) StdoutLine: {'line': b'[ 56%] \x1b[32mBuilding C object CMakeFiles/hiveflight_interfaces__rosidl_typesupport_introspection_c.dir/rosidl_typesupport_introspection_c/hiveflight_interfaces/msg/detail/drone_message__type_support.c.o\x1b[0m\n'}
[9.749556] (hiveflight_interfaces) StdoutLine: {'line': b'[ 56%] \x1b[32mBuilding CXX object CMakeFiles/hiveflight_interfaces__rosidl_typesupport_fastrtps_c.dir/rosidl_typesupport_fastrtps_c/hiveflight_interfaces/msg/detail/drone_message__type_support_c.cpp.o\x1b[0m\n'}
[9.840914] (-) TimerEvent: {}
[9.856402] (hiveflight_interfaces) StdoutLine: {'line': b'[ 59%] \x1b[32m\x1b[1mLinking CXX shared library libhiveflight_interfaces__rosidl_typesupport_c.so\x1b[0m\n'}
[9.863007] (hiveflight_interfaces) StdoutLine: {'line': b'[ 59%] Built target hiveflight_interfaces__rosidl_typesupport_cpp\n'}
[9.941034] (-) TimerEvent: {}
[9.942535] (hiveflight_interfaces) StdoutLine: {'line': b'[ 62%] \x1b[32m\x1b[1mLinking CXX shared library libhiveflight_interfaces__rosidl_typesupport_introspection_cpp.so\x1b[0m\n'}
[9.990104] (hiveflight_interfaces) StdoutLine: {'line': b'[ 65%] \x1b[32m\x1b[1mLinking C shared library libhiveflight_interfaces__rosidl_typesupport_introspection_c.so\x1b[0m\n'}
[10.029040] (hiveflight_interfaces) StdoutLine: {'line': b'[ 68%] \x1b[32m\x1b[1mLinking CXX shared library libhiveflight_interfaces__rosidl_typesupport_fastrtps_cpp.so\x1b[0m\n'}
[10.041123] (-) TimerEvent: {}
[10.042629] (hiveflight_interfaces) StdoutLine: {'line': b'[ 68%] Built target hiveflight_interfaces__rosidl_typesupport_c\n'}
[10.119874] (hiveflight_interfaces) StdoutLine: {'line': b'[ 68%] Built target hiveflight_interfaces__rosidl_typesupport_introspection_cpp\n'}
[10.135709] (hiveflight_interfaces) StdoutLine: {'line': b'[ 68%] Built target hiveflight_interfaces__rosidl_typesupport_introspection_c\n'}
[10.141205] (-) TimerEvent: {}
[10.212096] (hiveflight_interfaces) StdoutLine: {'line': b'[ 68%] Built target hiveflight_interfaces__rosidl_typesupport_fastrtps_cpp\n'}
[10.241323] (-) TimerEvent: {}
[10.302967] (hiveflight_interfaces) StdoutLine: {'line': b'[ 71%] \x1b[32m\x1b[1mLinking CXX shared library libhiveflight_interfaces__rosidl_typesupport_fastrtps_c.so\x1b[0m\n'}
[10.341421] (-) TimerEvent: {}
[10.441967] (-) TimerEvent: {}
[10.447491] (hiveflight_interfaces) StdoutLine: {'line': b'[ 71%] Built target hiveflight_interfaces__rosidl_typesupport_fastrtps_c\n'}
[10.489943] (hiveflight_interfaces) StdoutLine: {'line': b'[ 71%] Built target hiveflight_interfaces\n'}
[10.542079] (-) TimerEvent: {}
[10.547900] (hiveflight_interfaces) StdoutLine: {'line': b'[ 75%] \x1b[34m\x1b[1mGenerating Python code for ROS interfaces\x1b[0m\n'}
[10.642248] (-) TimerEvent: {}
[10.736379] (hiveflight_interfaces) StdoutLine: {'line': b'[ 75%] Built target hiveflight_interfaces__py\n'}
[10.742263] (-) TimerEvent: {}
[10.792084] (hiveflight_interfaces) StdoutLine: {'line': b'[ 78%] \x1b[32mBuilding C object CMakeFiles/hiveflight_interfaces__rosidl_generator_py.dir/rosidl_generator_py/hiveflight_interfaces/msg/_drone_message_s.c.o\x1b[0m\n'}
[10.842346] (-) TimerEvent: {}
[10.943203] (-) TimerEvent: {}
[11.013690] (hiveflight_interfaces) StdoutLine: {'line': b'[ 81%] \x1b[32m\x1b[1mLinking C shared library rosidl_generator_py/hiveflight_interfaces/libhiveflight_interfaces__rosidl_generator_py.so\x1b[0m\n'}
[11.043279] (-) TimerEvent: {}
[11.143715] (-) TimerEvent: {}
[11.171141] (hiveflight_interfaces) StdoutLine: {'line': b'[ 81%] Built target hiveflight_interfaces__rosidl_generator_py\n'}
[11.230839] (hiveflight_interfaces) StdoutLine: {'line': b'[ 87%] \x1b[32mBuilding C object CMakeFiles/hiveflight_interfaces__rosidl_typesupport_c__pyext.dir/rosidl_generator_py/hiveflight_interfaces/_hiveflight_interfaces_s.ep.rosidl_typesupport_c.c.o\x1b[0m\n'}
[11.232571] (hiveflight_interfaces) StdoutLine: {'line': b'[ 90%] \x1b[32mBuilding C object CMakeFiles/hiveflight_interfaces__rosidl_typesupport_fastrtps_c__pyext.dir/rosidl_generator_py/hiveflight_interfaces/_hiveflight_interfaces_s.ep.rosidl_typesupport_fastrtps_c.c.o\x1b[0m\n'}
[11.234190] (hiveflight_interfaces) StdoutLine: {'line': b'[ 90%] \x1b[32mBuilding C object CMakeFiles/hiveflight_interfaces__rosidl_typesupport_introspection_c__pyext.dir/rosidl_generator_py/hiveflight_interfaces/_hiveflight_interfaces_s.ep.rosidl_typesupport_introspection_c.c.o\x1b[0m\n'}
[11.243881] (-) TimerEvent: {}
[11.344440] (-) TimerEvent: {}
[11.444966] (-) TimerEvent: {}
[11.502256] (hiveflight_interfaces) StdoutLine: {'line': b'[ 93%] \x1b[32m\x1b[1mLinking C shared library rosidl_generator_py/hiveflight_interfaces/hiveflight_interfaces_s__rosidl_typesupport_c.cpython-310-x86_64-linux-gnu.so\x1b[0m\n'}
[11.545098] (-) TimerEvent: {}
[11.568505] (hiveflight_interfaces) StdoutLine: {'line': b'[ 96%] \x1b[32m\x1b[1mLinking C shared library rosidl_generator_py/hiveflight_interfaces/hiveflight_interfaces_s__rosidl_typesupport_fastrtps_c.cpython-310-x86_64-linux-gnu.so\x1b[0m\n'}
[11.573817] (hiveflight_interfaces) StdoutLine: {'line': b'[100%] \x1b[32m\x1b[1mLinking C shared library rosidl_generator_py/hiveflight_interfaces/hiveflight_interfaces_s__rosidl_typesupport_introspection_c.cpython-310-x86_64-linux-gnu.so\x1b[0m\n'}
[11.645237] (-) TimerEvent: {}
[11.711630] (hiveflight_interfaces) StdoutLine: {'line': b'[100%] Built target hiveflight_interfaces__rosidl_typesupport_c__pyext\n'}
[11.733406] (hiveflight_interfaces) StdoutLine: {'line': b'[100%] Built target hiveflight_interfaces__rosidl_typesupport_fastrtps_c__pyext\n'}
[11.742327] (hiveflight_interfaces) StdoutLine: {'line': b'[100%] Built target hiveflight_interfaces__rosidl_typesupport_introspection_c__pyext\n'}
[11.745298] (-) TimerEvent: {}
[11.828082] (hiveflight_interfaces) CommandEnded: {'returncode': 0}
[11.841977] (hiveflight_interfaces) JobProgress: {'identifier': 'hiveflight_interfaces', 'progress': 'install'}
[11.845443] (-) TimerEvent: {}
[11.851275] (hiveflight_interfaces) Command: {'cmd': ['/usr/bin/cmake', '--install', '/mnt/c/work/ubuntu_work/HiveFlight/ros2_ws/build/hiveflight_interfaces'], 'cwd': '/mnt/c/work/ubuntu_work/HiveFlight/ros2_ws/build/hiveflight_interfaces', 'env': OrderedDict([('LESSOPEN', '| /usr/bin/lesspipe %s'), ('USER', 'ivano'), ('SHLVL', '2'), ('LD_LIBRARY_PATH', '/usr/lib/x86_64-linux-gnu/gazebo-11/plugins:/opt/ros/humble/opt/rviz_ogre_vendor/lib:/opt/ros/humble/lib/x86_64-linux-gnu:/opt/ros/humble/lib'), ('MOTD_SHOWN', 'update-motd'), ('HOME', '/home/ivano'), ('OLDPWD', '/mnt/c/work/ubuntu_work/HiveFlight'), ('ROS_PYTHON_VERSION', '3'), ('DBUS_SESSION_BUS_ADDRESS', 'unix:path=/run/user/1000/bus'), ('WSL_DISTRO_NAME', 'Ubuntu-22.04'), ('WAYLAND_DISPLAY', 'wayland-0'), ('ROS_DISTRO', 'humble'), ('LOGNAME', 'ivano'), ('NAME', 'LAPTOP-7K9MEH4D'), ('WSL_INTEROP', '/run/WSL/322_interop'), ('PULSE_SERVER', 'unix:/mnt/wslg/PulseServer'), ('_', '/usr/bin/colcon'), ('ROS_VERSION', '2'), ('TERM', 'xterm-256color'), ('ROS_LOCALHOST_ONLY', '0'), ('PATH', '/opt/ros/humble/bin:/usr/local/sbin:/usr/local/bin:/usr/sbin:/usr/bin:/sbin:/bin:/usr/games:/usr/local/games:/usr/lib/wsl/lib:/mnt/c/Users/ivano/AppData/Roaming/Code/User/globalStorage/github.copilot-chat/debugCommand:/mnt/c/Users/ivano/AppData/Roaming/Code/User/globalStorage/github.copilot-chat/copilotCli:/mnt/c/windows/system32:/mnt/c/windows:/mnt/c/windows/System32/Wbem:/mnt/c/windows/System32/WindowsPowerShell/v1.0/:/mnt/c/windows/System32/OpenSSH/:/mnt/c/Program Files/HP/1E.Performance.Assist/Extensibility/NomadBranch:/mnt/c/Program Files/CMake/bin:/mnt/c/Program Files (x86)/Windows Kits/10/Windows Performance Toolkit/:/mnt/c/Program Files/Git/cmd:/mnt/c/windows/system32:/mnt/c/windows:/mnt/c/windows/System32/Wbem:/mnt/c/windows/System32/WindowsPowerShell/v1.0/:/mnt/c/windows/System32/OpenSSH/:/mnt/c/Program Files/HP/1E.Performance.Assist/Extensibility/NomadBranch:/mnt/c/Program Files/CMake/bin:/mnt/c/Program Files (x86)/Windows Kits/10/Windows Performance Toolkit/:/mnt/c/Program Files/Git/cmd:/mnt/c/vcpkg:/mnt/c/Users/ivano/AppData/Local/Programs/Microsoft VS Code/bin:/snap/bin'), ('XDG_RUNTIME_DIR', '/run/user/1000'), ('DISPLAY', ':0'), ('LANG', 'C.UTF-8'), ('LS_COLORS', 'rs=0:di=01;34:ln=01;36:mh=00:pi=40;33:so=01;35:do=01;35:bd=40;33;01:cd=40;33;01:or=40;31;01:mi=00:su=37;41:sg=30;43:ca=30;41:tw=30;42:ow=34;42:st=37;44:ex=01;32:*.tar=01;31:*.tgz=01;31:*.arc=01;31:*.arj=01;31:*.taz=01;31:*.lha=01;31:*.lz4=01;31:*.lzh=01;31:*.lzma=01;31:*.tlz=01;31:*.txz=01;31:*.tzo=01;31:*.t7z=01;31:*.zip=01;31:*.z=01;31:*.dz=01;31:*.gz=01;31:*.lrz=01;31:*.lz=01;31:*.lzo=01;31:*.xz=01;31:*.zst=01;31:*.tzst=01;31:*.bz2=01;31:*.bz=01;31:*.tbz=01;31:*.tbz2=01;31:*.tz=01;31:*.deb=01;31:*.rpm=01;31:*.jar=01;31:*.war=01;31:*.ear=01;31:*.sar=01;31:*.rar=01;31:*.alz=01;31:*.ace=01;31:*.zoo=01;31:*.cpio=01;31:*.7z=01;31:*.rz=01;31:*.cab=01;31:*.wim=01;31:*.swm=01;31:*.dwm=01;31:*.esd=01;31:*.jpg=01;35:*.jpeg=01;35:*.mjpg=01;35:*.mjpeg=01;35:*.gif=01;35:*.bmp=01;35:*.pbm=01;35:*.pgm=01;35:*.ppm=01;35:*.tga=01;35:*.xbm=01;35:*.xpm=01;35:*.tif=01;35:*.tiff=01;35:*.png=01;35:*.svg=01;35:*.svgz=01;35:*.mng=01;35:*.pcx=01;35:*.mov=01;35:*.mpg=01;35:*.mpeg=01;35:*.m2v=01;35:*.mkv=01;35:*.webm=01;35:*.webp=01;35:*.ogm=01;35:*.mp4=01;35:*.m4v=01;35:*.mp4v=01;35:*.vob=01;35:*.qt=01;35:*.nuv=01;35:*.wmv=01;35:*.asf=01;35:*.rm=01;35:*.rmvb=01;35:*.flc=01;35:*.avi=01;35:*.fli=01;35:*.flv=01;35:*.gl=01;35:*.dl=01;35:*.xcf=01;35:*.xwd=01;35:*.yuv=01;35:*.cgm=01;35:*.emf=01;35:*.ogv=01;35:*.ogx=01;35:*.aac=00;36:*.au=00;36:*.flac=00;36:*.m4a=00;36:*.mid=00;36:*.midi=00;36:*.mka=00;36:*.mp3=00;36:*.mpc=00;36:*.ogg=00;36:*.ra=00;36:*.wav=00;36:*.oga=00;36:*.opus=00;36:*.spx=00;36:*.xspf=00;36:'), ('AMENT_PREFIX_PATH', '/opt/ros/humble'), ('SHELL', '/bin/bash'), ('LESSCLOSE', '/usr/bin/lesspipe %s %s'), ('PWD', '/mnt/c/work/ubuntu_work/HiveFlight/ros2_ws/build/hiveflight_interfaces'), ('XDG_DATA_DIRS', '/usr/local/share:/usr/share:/var/lib/snapd/desktop'), ('PYTHONPATH', '/opt/ros/humble/lib/python3.10/site-packages:/opt/ros/humble/local/lib/python3.10/dist-packages'), ('COLCON', '1'), ('WSL2_GUI_APPS_ENABLED', '1'), ('HOSTTYPE', 'x86_64'), ('WSLENV', ''), ('CMAKE_PREFIX_PATH', '/opt/ros/humble')]), 'shell': False}
[11.859748] (hiveflight_interfaces) StdoutLine: {'line': b'-- Install configuration: ""\n'}
[11.880361] (hiveflight_interfaces) StdoutLine: {'line': b'-- Installing: /mnt/c/work/ubuntu_work/HiveFlight/ros2_ws/install/share/ament_index/resource_index/rosidl_interfaces/hiveflight_interfaces\n'}
[11.924431] (hiveflight_interfaces) StdoutLine: {'line': b'-- Installing: /mnt/c/work/ubuntu_work/HiveFlight/ros2_ws/install/include/hiveflight_interfaces/hiveflight_interfaces\n'}
[11.938381] (hiveflight_interfaces) StdoutLine: {'line': b'-- Installing: /mnt/c/work/ubuntu_work/HiveFlight/ros2_ws/install/include/hiveflight_interfaces/hiveflight_interfaces/msg\n'}
[11.945534] (-) TimerEvent: {}
[11.956038] (hiveflight_interfaces) StdoutLine: {'line': b'-- Installing: /mnt/c/work/ubuntu_work/HiveFlight/ros2_ws/install/include/hiveflight_interfaces/hiveflight_interfaces/msg/detail\n'}
[11.982295] (hiveflight_interfaces) StdoutLine: {'line': b'-- Installing: /mnt/c/work/ubuntu_work/HiveFlight/ros2_ws/install/include/hiveflight_interfaces/hiveflight_interfaces/msg/detail/drone_message__functions.c\n'}
[12.039533] (hiveflight_interfaces) StdoutLine: {'line': b'-- Installing: /mnt/c/work/ubuntu_work/HiveFlight/ros2_ws/install/include/hiveflight_interfaces/hiveflight_interfaces/msg/detail/drone_message__functions.h\n'}
[12.045602] (-) TimerEvent: {}
[12.095683] (hiveflight_interfaces) StdoutLine: {'line': b'-- Installing: /mnt/c/work/ubuntu_work/HiveFlight/ros2_ws/install/include/hiveflight_interfaces/hiveflight_interfaces/msg/detail/drone_message__struct.h\n'}
[12.145727] (-) TimerEvent: {}
[12.158918] (hiveflight_interfaces) StdoutLine: {'line': b'-- Installing: /mnt/c/work/ubuntu_work/HiveFlight/ros2_ws/install/include/hiveflight_interfaces/hiveflight_interfaces/msg/detail/drone_message__type_support.h\n'}
[12.215002] (hiveflight_interfaces) StdoutLine: {'line': b'-- Installing: /mnt/c/work/ubuntu_work/HiveFlight/ros2_ws/install/include/hiveflight_interfaces/hiveflight_interfaces/msg/drone_message.h\n'}
[12.245855] (-) TimerEvent: {}
[12.266027] (hiveflight_interfaces) StdoutLine: {'line': b'-- Installing: /mnt/c/work/ubuntu_work/HiveFlight/ros2_ws/install/include/hiveflight_interfaces/hiveflight_interfaces/msg/rosidl_generator_c__visibility_control.h\n'}
[12.315226] (hiveflight_interfaces) StdoutLine: {'line': b'-- Installing: /mnt/c/work/ubuntu_work/HiveFlight/ros2_ws/install/share/hiveflight_interfaces/environment/library_path.sh\n'}
[12.345937] (-) TimerEvent: {}
[12.352053] (hiveflight_interfaces) StdoutLine: {'line': b'-- Installing: /mnt/c/work/ubuntu_work/HiveFlight/ros2_ws/install/share/hiveflight_interfaces/environment/library_path.dsv\n'}
[12.392802] (hiveflight_interfaces) StdoutLine: {'line': b'-- Installing: /mnt/c/work/ubuntu_work/HiveFlight/ros2_ws/install/lib/libhiveflight_interfaces__rosidl_generator_c.so\n'}
[12.446060] (-) TimerEvent: {}
[12.453177] (hiveflight_interfaces) StdoutLine: {'line': b'-- Set runtime path of "/mnt/c/work/ubuntu_work/HiveFlight/ros2_ws/install/lib/libhiveflight_interfaces__rosidl_generator_c.so" to ""\n'}
[12.459974] (hiveflight_interfaces) StdoutLine: {'line': b'-- Up-to-date: /mnt/c/work/ubuntu_work/HiveFlight/ros2_ws/install/include/hiveflight_interfaces/hiveflight_interfaces\n'}
[12.473687] (hiveflight_interfaces) StdoutLine: {'line': b'-- Up-to-date: /mnt/c/work/ubuntu_work/HiveFlight/ros2_ws/install/include/hiveflight_interfaces/hiveflight_interfaces/msg\n'}
[12.490890] (hiveflight_interfaces) StdoutLine: {'line': b'-- Up-to-date: /mnt/c/work/ubuntu_work/HiveFlight/ros2_ws/install/include/hiveflight_interfaces/hiveflight_interfaces/msg/detail\n'}
[12.514452] (hiveflight_interfaces) StdoutLine: {'line': b'-- Installing: /mnt/c/work/ubuntu_work/HiveFlight/ros2_ws/install/include/hiveflight_interfaces/hiveflight_interfaces/msg/detail/drone_message__rosidl_typesupport_fastrtps_c.h\n'}
[12.546150] (-) TimerEvent: {}
[12.573250] (hiveflight_interfaces) StdoutLine: {'line': b'-- Installing: /mnt/c/work/ubuntu_work/HiveFlight/ros2_ws/install/include/hiveflight_interfaces/hiveflight_interfaces/msg/rosidl_typesupport_fastrtps_c__visibility_control.h\n'}
[12.623986] (hiveflight_interfaces) StdoutLine: {'line': b'-- Installing: /mnt/c/work/ubuntu_work/HiveFlight/ros2_ws/install/lib/libhiveflight_interfaces__rosidl_typesupport_fastrtps_c.so\n'}
[12.646251] (-) TimerEvent: {}
[12.687920] (hiveflight_interfaces) StdoutLine: {'line': b'-- Set runtime path of "/mnt/c/work/ubuntu_work/HiveFlight/ros2_ws/install/lib/libhiveflight_interfaces__rosidl_typesupport_fastrtps_c.so" to ""\n'}
[12.695640] (hiveflight_interfaces) StdoutLine: {'line': b'-- Up-to-date: /mnt/c/work/ubuntu_work/HiveFlight/ros2_ws/install/include/hiveflight_interfaces/hiveflight_interfaces\n'}
[12.712198] (hiveflight_interfaces) StdoutLine: {'line': b'-- Up-to-date: /mnt/c/work/ubuntu_work/HiveFlight/ros2_ws/install/include/hiveflight_interfaces/hiveflight_interfaces/msg\n'}
[12.729746] (hiveflight_interfaces) StdoutLine: {'line': b'-- Up-to-date: /mnt/c/work/ubuntu_work/HiveFlight/ros2_ws/install/include/hiveflight_interfaces/hiveflight_interfaces/msg/detail\n'}
[12.746347] (-) TimerEvent: {}
[12.753587] (hiveflight_interfaces) StdoutLine: {'line': b'-- Installing: /mnt/c/work/ubuntu_work/HiveFlight/ros2_ws/install/include/hiveflight_interfaces/hiveflight_interfaces/msg/detail/drone_message__builder.hpp\n'}
[12.817537] (hiveflight_interfaces) StdoutLine: {'line': b'-- Installing: /mnt/c/work/ubuntu_work/HiveFlight/ros2_ws/install/include/hiveflight_interfaces/hiveflight_interfaces/msg/detail/drone_message__struct.hpp\n'}
[12.846477] (-) TimerEvent: {}
[12.880909] (hiveflight_interfaces) StdoutLine: {'line': b'-- Installing: /mnt/c/work/ubuntu_work/HiveFlight/ros2_ws/install/include/hiveflight_interfaces/hiveflight_interfaces/msg/detail/drone_message__traits.hpp\n'}
[12.946610] (-) TimerEvent: {}
[12.948145] (hiveflight_interfaces) StdoutLine: {'line': b'-- Installing: /mnt/c/work/ubuntu_work/HiveFlight/ros2_ws/install/include/hiveflight_interfaces/hiveflight_interfaces/msg/detail/drone_message__type_support.hpp\n'}
[13.009649] (hiveflight_interfaces) StdoutLine: {'line': b'-- Installing: /mnt/c/work/ubuntu_work/HiveFlight/ros2_ws/install/include/hiveflight_interfaces/hiveflight_interfaces/msg/drone_message.hpp\n'}
[13.046704] (-) TimerEvent: {}
[13.064367] (hiveflight_interfaces) StdoutLine: {'line': b'-- Installing: /mnt/c/work/ubuntu_work/HiveFlight/ros2_ws/install/include/hiveflight_interfaces/hiveflight_interfaces/msg/rosidl_generator_cpp__visibility_control.hpp\n'}
[13.112433] (hiveflight_interfaces) StdoutLine: {'line': b'-- Up-to-date: /mnt/c/work/ubuntu_work/HiveFlight/ros2_ws/install/include/hiveflight_interfaces/hiveflight_interfaces\n'}
[13.127268] (hiveflight_interfaces) StdoutLine: {'line': b'-- Up-to-date: /mnt/c/work/ubuntu_work/HiveFlight/ros2_ws/install/include/hiveflight_interfaces/hiveflight_interfaces/msg\n'}
[13.144918] (hiveflight_interfaces) StdoutLine: {'line': b'-- Up-to-date: /mnt/c/work/ubuntu_work/HiveFlight/ros2_ws/install/include/hiveflight_interfaces/hiveflight_interfaces/msg/detail\n'}
[13.146796] (-) TimerEvent: {}
[13.165298] (hiveflight_interfaces) StdoutLine: {'line': b'-- Installing: /mnt/c/work/ubuntu_work/HiveFlight/ros2_ws/install/include/hiveflight_interfaces/hiveflight_interfaces/msg/detail/dds_fastrtps\n'}
[13.197454] (hiveflight_interfaces) StdoutLine: {'line': b'-- Installing: /mnt/c/work/ubuntu_work/HiveFlight/ros2_ws/install/include/hiveflight_interfaces/hiveflight_interfaces/msg/detail/drone_message__rosidl_typesupport_fastrtps_cpp.hpp\n'}
[13.246927] (-) TimerEvent: {}
[13.258950] (hiveflight_interfaces) StdoutLine: {'line': b'-- Installing: /mnt/c/work/ubuntu_work/HiveFlight/ros2_ws/install/include/hiveflight_interfaces/hiveflight_interfaces/msg/rosidl_typesupport_fastrtps_cpp__visibility_control.h\n'}
[13.310611] (hiveflight_interfaces) StdoutLine: {'line': b'-- Installing: /mnt/c/work/ubuntu_work/HiveFlight/ros2_ws/install/lib/libhiveflight_interfaces__rosidl_typesupport_fastrtps_cpp.so\n'}
[13.347071] (-) TimerEvent: {}
[13.378787] (hiveflight_interfaces) StdoutLine: {'line': b'-- Set runtime path of "/mnt/c/work/ubuntu_work/HiveFlight/ros2_ws/install/lib/libhiveflight_interfaces__rosidl_typesupport_fastrtps_cpp.so" to ""\n'}
[13.386280] (hiveflight_interfaces) StdoutLine: {'line': b'-- Up-to-date: /mnt/c/work/ubuntu_work/HiveFlight/ros2_ws/install/include/hiveflight_interfaces/hiveflight_interfaces\n'}
[13.401438] (hiveflight_interfaces) StdoutLine: {'line': b'-- Up-to-date: /mnt/c/work/ubuntu_work/HiveFlight/ros2_ws/install/include/hiveflight_interfaces/hiveflight_interfaces/msg\n'}
[13.420878] (hiveflight_interfaces) StdoutLine: {'line': b'-- Up-to-date: /mnt/c/work/ubuntu_work/HiveFlight/ros2_ws/install/include/hiveflight_interfaces/hiveflight_interfaces/msg/detail\n'}
[13.444494] (hiveflight_interfaces) StdoutLine: {'line': b'-- Installing: /mnt/c/work/ubuntu_work/HiveFlight/ros2_ws/install/include/hiveflight_interfaces/hiveflight_interfaces/msg/detail/drone_message__rosidl_typesupport_introspection_c.h\n'}
[13.447151] (-) TimerEvent: {}
[13.506615] (hiveflight_interfaces) StdoutLine: {'line': b'-- Installing: /mnt/c/work/ubuntu_work/HiveFlight/ros2_ws/install/include/hiveflight_interfaces/hiveflight_interfaces/msg/detail/drone_message__type_support.c\n'}
[13.547258] (-) TimerEvent: {}
[13.565848] (hiveflight_interfaces) StdoutLine: {'line': b'-- Installing: /mnt/c/work/ubuntu_work/HiveFlight/ros2_ws/install/include/hiveflight_interfaces/hiveflight_interfaces/msg/rosidl_typesupport_introspection_c__visibility_control.h\n'}
[13.614332] (hiveflight_interfaces) StdoutLine: {'line': b'-- Installing: /mnt/c/work/ubuntu_work/HiveFlight/ros2_ws/install/lib/libhiveflight_interfaces__rosidl_typesupport_introspection_c.so\n'}
[13.647381] (-) TimerEvent: {}
[13.674056] (hiveflight_interfaces) StdoutLine: {'line': b'-- Set runtime path of "/mnt/c/work/ubuntu_work/HiveFlight/ros2_ws/install/lib/libhiveflight_interfaces__rosidl_typesupport_introspection_c.so" to ""\n'}
[13.682242] (hiveflight_interfaces) StdoutLine: {'line': b'-- Installing: /mnt/c/work/ubuntu_work/HiveFlight/ros2_ws/install/lib/libhiveflight_interfaces__rosidl_typesupport_c.so\n'}
[13.737344] (hiveflight_interfaces) StdoutLine: {'line': b'-- Set runtime path of "/mnt/c/work/ubuntu_work/HiveFlight/ros2_ws/install/lib/libhiveflight_interfaces__rosidl_typesupport_c.so" to ""\n'}
[13.743852] (hiveflight_interfaces) StdoutLine: {'line': b'-- Up-to-date: /mnt/c/work/ubuntu_work/HiveFlight/ros2_ws/install/include/hiveflight_interfaces/hiveflight_interfaces\n'}
[13.747463] (-) TimerEvent: {}
[13.759039] (hiveflight_interfaces) StdoutLine: {'line': b'-- Up-to-date: /mnt/c/work/ubuntu_work/HiveFlight/ros2_ws/install/include/hiveflight_interfaces/hiveflight_interfaces/msg\n'}
[13.776740] (hiveflight_interfaces) StdoutLine: {'line': b'-- Up-to-date: /mnt/c/work/ubuntu_work/HiveFlight/ros2_ws/install/include/hiveflight_interfaces/hiveflight_interfaces/msg/detail\n'}
[13.804073] (hiveflight_interfaces) StdoutLine: {'line': b'-- Installing: /mnt/c/work/ubuntu_work/HiveFlight/ros2_ws/install/include/hiveflight_interfaces/hiveflight_interfaces/msg/detail/drone_message__rosidl_typesupport_introspection_cpp.hpp\n'}
[13.847590] (-) TimerEvent: {}
[13.866356] (hiveflight_interfaces) StdoutLine: {'line': b'-- Installing: /mnt/c/work/ubuntu_work/HiveFlight/ros2_ws/install/include/hiveflight_interfaces/hiveflight_interfaces/msg/detail/drone_message__type_support.cpp\n'}
[13.924044] (hiveflight_interfaces) StdoutLine: {'line': b'-- Installing: /mnt/c/work/ubuntu_work/HiveFlight/ros2_ws/install/lib/libhiveflight_interfaces__rosidl_typesupport_introspection_cpp.so\n'}
[13.947711] (-) TimerEvent: {}
[13.980571] (hiveflight_interfaces) StdoutLine: {'line': b'-- Set runtime path of "/mnt/c/work/ubuntu_work/HiveFlight/ros2_ws/install/lib/libhiveflight_interfaces__rosidl_typesupport_introspection_cpp.so" to ""\n'}
[13.991806] (hiveflight_interfaces) StdoutLine: {'line': b'-- Installing: /mnt/c/work/ubuntu_work/HiveFlight/ros2_ws/install/lib/libhiveflight_interfaces__rosidl_typesupport_cpp.so\n'}
[14.047845] (-) TimerEvent: {}
[14.078349] (hiveflight_interfaces) StdoutLine: {'line': b'-- Set runtime path of "/mnt/c/work/ubuntu_work/HiveFlight/ros2_ws/install/lib/libhiveflight_interfaces__rosidl_typesupport_cpp.so" to ""\n'}
[14.095487] (hiveflight_interfaces) StdoutLine: {'line': b'-- Installing: /mnt/c/work/ubuntu_work/HiveFlight/ros2_ws/install/share/hiveflight_interfaces/environment/pythonpath.sh\n'}
[14.148000] (-) TimerEvent: {}
[14.158568] (hiveflight_interfaces) StdoutLine: {'line': b'-- Installing: /mnt/c/work/ubuntu_work/HiveFlight/ros2_ws/install/share/hiveflight_interfaces/environment/pythonpath.dsv\n'}
[14.231040] (hiveflight_interfaces) StdoutLine: {'line': b'-- Installing: /mnt/c/work/ubuntu_work/HiveFlight/ros2_ws/install/local/lib/python3.10/dist-packages/hiveflight_interfaces-0.0.1-py3.10.egg-info\n'}
[14.248180] (-) TimerEvent: {}
[14.275045] (hiveflight_interfaces) StdoutLine: {'line': b'-- Installing: /mnt/c/work/ubuntu_work/HiveFlight/ros2_ws/install/local/lib/python3.10/dist-packages/hiveflight_interfaces-0.0.1-py3.10.egg-info/dependency_links.txt\n'}
[14.348340] (-) TimerEvent: {}
[14.372960] (hiveflight_interfaces) StdoutLine: {'line': b'-- Installing: /mnt/c/work/ubuntu_work/HiveFlight/ros2_ws/install/local/lib/python3.10/dist-packages/hiveflight_interfaces-0.0.1-py3.10.egg-info/PKG-INFO\n'}
[14.448509] (-) TimerEvent: {}
[14.455967] (hiveflight_interfaces) StdoutLine: {'line': b'-- Installing: /mnt/c/work/ubuntu_work/HiveFlight/ros2_ws/install/local/lib/python3.10/dist-packages/hiveflight_interfaces-0.0.1-py3.10.egg-info/SOURCES.txt\n'}
[14.521073] (hiveflight_interfaces) StdoutLine: {'line': b'-- Installing: /mnt/c/work/ubuntu_work/HiveFlight/ros2_ws/install/local/lib/python3.10/dist-packages/hiveflight_interfaces-0.0.1-py3.10.egg-info/top_level.txt\n'}
[14.548672] (-) TimerEvent: {}
[14.592423] (hiveflight_interfaces) StdoutLine: {'line': b'-- Installing: /mnt/c/work/ubuntu_work/HiveFlight/ros2_ws/install/local/lib/python3.10/dist-packages/hiveflight_interfaces\n'}
[14.619393] (hiveflight_interfaces) StdoutLine: {'line': b'-- Installing: /mnt/c/work/ubuntu_work/HiveFlight/ros2_ws/install/local/lib/python3.10/dist-packages/hiveflight_interfaces/hiveflight_interfaces_s__rosidl_typesupport_c.cpython-310-x86_64-linux-gnu.so\n'}
[14.648793] (-) TimerEvent: {}
[14.681783] (hiveflight_interfaces) StdoutLine: {'line': b'-- Installing: /mnt/c/work/ubuntu_work/HiveFlight/ros2_ws/install/local/lib/python3.10/dist-packages/hiveflight_interfaces/hiveflight_interfaces_s__rosidl_typesupport_fastrtps_c.cpython-310-x86_64-linux-gnu.so\n'}
[14.745073] (hiveflight_interfaces) StdoutLine: {'line': b'-- Installing: /mnt/c/work/ubuntu_work/HiveFlight/ros2_ws/install/local/lib/python3.10/dist-packages/hiveflight_interfaces/hiveflight_interfaces_s__rosidl_typesupport_introspection_c.cpython-310-x86_64-linux-gnu.so\n'}
[14.748880] (-) TimerEvent: {}
[14.816522] (hiveflight_interfaces) StdoutLine: {'line': b'-- Installing: /mnt/c/work/ubuntu_work/HiveFlight/ros2_ws/install/local/lib/python3.10/dist-packages/hiveflight_interfaces/libhiveflight_interfaces__rosidl_generator_py.so\n'}
[14.849035] (-) TimerEvent: {}
[14.885011] (hiveflight_interfaces) StdoutLine: {'line': b'-- Installing: /mnt/c/work/ubuntu_work/HiveFlight/ros2_ws/install/local/lib/python3.10/dist-packages/hiveflight_interfaces/msg\n'}
[14.923735] (hiveflight_interfaces) StdoutLine: {'line': b'-- Installing: /mnt/c/work/ubuntu_work/HiveFlight/ros2_ws/install/local/lib/python3.10/dist-packages/hiveflight_interfaces/msg/_drone_message.py\n'}
[14.949199] (-) TimerEvent: {}
[15.004970] (hiveflight_interfaces) StdoutLine: {'line': b'-- Installing: /mnt/c/work/ubuntu_work/HiveFlight/ros2_ws/install/local/lib/python3.10/dist-packages/hiveflight_interfaces/msg/_drone_message_s.c\n'}
[15.049324] (-) TimerEvent: {}
[15.076114] (hiveflight_interfaces) StdoutLine: {'line': b'-- Installing: /mnt/c/work/ubuntu_work/HiveFlight/ros2_ws/install/local/lib/python3.10/dist-packages/hiveflight_interfaces/msg/__init__.py\n'}
[15.136135] (hiveflight_interfaces) StdoutLine: {'line': b'-- Installing: /mnt/c/work/ubuntu_work/HiveFlight/ros2_ws/install/local/lib/python3.10/dist-packages/hiveflight_interfaces/_hiveflight_interfaces_s.ep.rosidl_typesupport_c.c\n'}
[15.149419] (-) TimerEvent: {}
[15.195515] (hiveflight_interfaces) StdoutLine: {'line': b'-- Installing: /mnt/c/work/ubuntu_work/HiveFlight/ros2_ws/install/local/lib/python3.10/dist-packages/hiveflight_interfaces/_hiveflight_interfaces_s.ep.rosidl_typesupport_fastrtps_c.c\n'}
[15.249360] (hiveflight_interfaces) StdoutLine: {'line': b'-- Installing: /mnt/c/work/ubuntu_work/HiveFlight/ros2_ws/install/local/lib/python3.10/dist-packages/hiveflight_interfaces/_hiveflight_interfaces_s.ep.rosidl_typesupport_introspection_c.c\n'}
[15.250207] (-) TimerEvent: {}
[15.304278] (hiveflight_interfaces) StdoutLine: {'line': b'-- Installing: /mnt/c/work/ubuntu_work/HiveFlight/ros2_ws/install/local/lib/python3.10/dist-packages/hiveflight_interfaces/__init__.py\n'}
[15.350330] (-) TimerEvent: {}
[15.450784] (-) TimerEvent: {}
[15.551361] (hiveflight_interfaces) StdoutLine: {'line': b"Listing '/mnt/c/work/ubuntu_work/HiveFlight/ros2_ws/install/local/lib/python3.10/dist-packages/hiveflight_interfaces'...\n"}
[15.552103] (-) TimerEvent: {}
[15.552326] (hiveflight_interfaces) StdoutLine: {'line': b"Compiling '/mnt/c/work/ubuntu_work/HiveFlight/ros2_ws/install/local/lib/python3.10/dist-packages/hiveflight_interfaces/__init__.py'...\n"}
[15.553107] (hiveflight_interfaces) StdoutLine: {'line': b"Listing '/mnt/c/work/ubuntu_work/HiveFlight/ros2_ws/install/local/lib/python3.10/dist-packages/hiveflight_interfaces/msg'...\n"}
[15.553704] (hiveflight_interfaces) StdoutLine: {'line': b"Compiling '/mnt/c/work/ubuntu_work/HiveFlight/ros2_ws/install/local/lib/python3.10/dist-packages/hiveflight_interfaces/msg/__init__.py'...\n"}
[15.554640] (hiveflight_interfaces) StdoutLine: {'line': b"Compiling '/mnt/c/work/ubuntu_work/HiveFlight/ros2_ws/install/local/lib/python3.10/dist-packages/hiveflight_interfaces/msg/_drone_message.py'...\n"}
[15.597674] (hiveflight_interfaces) StdoutLine: {'line': b'-- Installing: /mnt/c/work/ubuntu_work/HiveFlight/ros2_ws/install/local/lib/python3.10/dist-packages/hiveflight_interfaces/hiveflight_interfaces_s__rosidl_typesupport_fastrtps_c.cpython-310-x86_64-linux-gnu.so\n'}
[15.652254] (-) TimerEvent: {}
[15.689603] (hiveflight_interfaces) StdoutLine: {'line': b'-- Set runtime path of "/mnt/c/work/ubuntu_work/HiveFlight/ros2_ws/install/local/lib/python3.10/dist-packages/hiveflight_interfaces/hiveflight_interfaces_s__rosidl_typesupport_fastrtps_c.cpython-310-x86_64-linux-gnu.so" to ""\n'}
[15.733052] (hiveflight_interfaces) StdoutLine: {'line': b'-- Installing: /mnt/c/work/ubuntu_work/HiveFlight/ros2_ws/install/local/lib/python3.10/dist-packages/hiveflight_interfaces/hiveflight_interfaces_s__rosidl_typesupport_introspection_c.cpython-310-x86_64-linux-gnu.so\n'}
[15.752358] (-) TimerEvent: {}
[15.825029] (hiveflight_interfaces) StdoutLine: {'line': b'-- Set runtime path of "/mnt/c/work/ubuntu_work/HiveFlight/ros2_ws/install/local/lib/python3.10/dist-packages/hiveflight_interfaces/hiveflight_interfaces_s__rosidl_typesupport_introspection_c.cpython-310-x86_64-linux-gnu.so" to ""\n'}
[15.852530] (-) TimerEvent: {}
[15.867470] (hiveflight_interfaces) StdoutLine: {'line': b'-- Installing: /mnt/c/work/ubuntu_work/HiveFlight/ros2_ws/install/local/lib/python3.10/dist-packages/hiveflight_interfaces/hiveflight_interfaces_s__rosidl_typesupport_c.cpython-310-x86_64-linux-gnu.so\n'}
[15.952627] (-) TimerEvent: {}
[15.958662] (hiveflight_interfaces) StdoutLine: {'line': b'-- Set runtime path of "/mnt/c/work/ubuntu_work/HiveFlight/ros2_ws/install/local/lib/python3.10/dist-packages/hiveflight_interfaces/hiveflight_interfaces_s__rosidl_typesupport_c.cpython-310-x86_64-linux-gnu.so" to ""\n'}
[15.970851] (hiveflight_interfaces) StdoutLine: {'line': b'-- Installing: /mnt/c/work/ubuntu_work/HiveFlight/ros2_ws/install/lib/libhiveflight_interfaces__rosidl_generator_py.so\n'}
[16.034357] (hiveflight_interfaces) StdoutLine: {'line': b'-- Set runtime path of "/mnt/c/work/ubuntu_work/HiveFlight/ros2_ws/install/lib/libhiveflight_interfaces__rosidl_generator_py.so" to ""\n'}
[16.052737] (-) TimerEvent: {}
[16.062161] (hiveflight_interfaces) StdoutLine: {'line': b'-- Installing: /mnt/c/work/ubuntu_work/HiveFlight/ros2_ws/install/share/ament_index/resource_index/rust_packages/hiveflight_interfaces\n'}
[16.122376] (hiveflight_interfaces) StdoutLine: {'line': b'-- Installing: /mnt/c/work/ubuntu_work/HiveFlight/ros2_ws/install/share/hiveflight_interfaces/rust\n'}
[16.144940] (hiveflight_interfaces) StdoutLine: {'line': b'-- Installing: /mnt/c/work/ubuntu_work/HiveFlight/ros2_ws/install/share/hiveflight_interfaces/rust/build.rs\n'}
[16.152875] (-) TimerEvent: {}
[16.200793] (hiveflight_interfaces) StdoutLine: {'line': b'-- Installing: /mnt/c/work/ubuntu_work/HiveFlight/ros2_ws/install/share/hiveflight_interfaces/rust/Cargo.toml\n'}
[16.251275] (hiveflight_interfaces) StdoutLine: {'line': b'-- Installing: /mnt/c/work/ubuntu_work/HiveFlight/ros2_ws/install/share/hiveflight_interfaces/rust/src\n'}
[16.252921] (-) TimerEvent: {}
[16.277842] (hiveflight_interfaces) StdoutLine: {'line': b'-- Installing: /mnt/c/work/ubuntu_work/HiveFlight/ros2_ws/install/share/hiveflight_interfaces/rust/src/lib.rs\n'}
[16.332660] (hiveflight_interfaces) StdoutLine: {'line': b'-- Installing: /mnt/c/work/ubuntu_work/HiveFlight/ros2_ws/install/share/hiveflight_interfaces/rust/src/msg\n'}
[16.353070] (-) TimerEvent: {}
[16.364829] (hiveflight_interfaces) StdoutLine: {'line': b'-- Installing: /mnt/c/work/ubuntu_work/HiveFlight/ros2_ws/install/share/hiveflight_interfaces/rust/src/msg/rmw.rs\n'}
[16.430580] (hiveflight_interfaces) StdoutLine: {'line': b'-- Installing: /mnt/c/work/ubuntu_work/HiveFlight/ros2_ws/install/share/hiveflight_interfaces/rust/src/msg.rs\n'}
[16.453213] (-) TimerEvent: {}
[16.494664] (hiveflight_interfaces) StdoutLine: {'line': b'-- Installing: /mnt/c/work/ubuntu_work/HiveFlight/ros2_ws/install/share/hiveflight_interfaces/msg/DroneMessage.idl\n'}
[16.548907] (hiveflight_interfaces) StdoutLine: {'line': b'-- Installing: /mnt/c/work/ubuntu_work/HiveFlight/ros2_ws/install/share/hiveflight_interfaces/msg/DroneMessage.msg\n'}
[16.553287] (-) TimerEvent: {}
[16.613675] (hiveflight_interfaces) StdoutLine: {'line': b'-- Installing: /mnt/c/work/ubuntu_work/HiveFlight/ros2_ws/install/share/ament_index/resource_index/package_run_dependencies/hiveflight_interfaces\n'}
[16.653526] (-) TimerEvent: {}
[16.687279] (hiveflight_interfaces) StdoutLine: {'line': b'-- Installing: /mnt/c/work/ubuntu_work/HiveFlight/ros2_ws/install/share/ament_index/resource_index/parent_prefix_path/hiveflight_interfaces\n'}
[16.742185] (hiveflight_interfaces) StdoutLine: {'line': b'-- Installing: /mnt/c/work/ubuntu_work/HiveFlight/ros2_ws/install/share/hiveflight_interfaces/environment/ament_prefix_path.sh\n'}
[16.753553] (-) TimerEvent: {}
[16.782076] (hiveflight_interfaces) StdoutLine: {'line': b'-- Installing: /mnt/c/work/ubuntu_work/HiveFlight/ros2_ws/install/share/hiveflight_interfaces/environment/ament_prefix_path.dsv\n'}
[16.823719] (hiveflight_interfaces) StdoutLine: {'line': b'-- Installing: /mnt/c/work/ubuntu_work/HiveFlight/ros2_ws/install/share/hiveflight_interfaces/environment/path.sh\n'}
[16.853704] (-) TimerEvent: {}
[16.862735] (hiveflight_interfaces) StdoutLine: {'line': b'-- Installing: /mnt/c/work/ubuntu_work/HiveFlight/ros2_ws/install/share/hiveflight_interfaces/environment/path.dsv\n'}
[16.907655] (hiveflight_interfaces) StdoutLine: {'line': b'-- Installing: /mnt/c/work/ubuntu_work/HiveFlight/ros2_ws/install/share/hiveflight_interfaces/local_setup.bash\n'}
[16.951156] (hiveflight_interfaces) StdoutLine: {'line': b'-- Installing: /mnt/c/work/ubuntu_work/HiveFlight/ros2_ws/install/share/hiveflight_interfaces/local_setup.sh\n'}
[16.953776] (-) TimerEvent: {}
[16.989672] (hiveflight_interfaces) StdoutLine: {'line': b'-- Installing: /mnt/c/work/ubuntu_work/HiveFlight/ros2_ws/install/share/hiveflight_interfaces/local_setup.zsh\n'}
[17.030760] (hiveflight_interfaces) StdoutLine: {'line': b'-- Installing: /mnt/c/work/ubuntu_work/HiveFlight/ros2_ws/install/share/hiveflight_interfaces/local_setup.dsv\n'}
[17.053927] (-) TimerEvent: {}
[17.069751] (hiveflight_interfaces) StdoutLine: {'line': b'-- Installing: /mnt/c/work/ubuntu_work/HiveFlight/ros2_ws/install/share/hiveflight_interfaces/package.dsv\n'}
[17.122851] (hiveflight_interfaces) StdoutLine: {'line': b'-- Installing: /mnt/c/work/ubuntu_work/HiveFlight/ros2_ws/install/share/ament_index/resource_index/packages/hiveflight_interfaces\n'}
[17.154048] (-) TimerEvent: {}
[17.192774] (hiveflight_interfaces) StdoutLine: {'line': b'-- Installing: /mnt/c/work/ubuntu_work/HiveFlight/ros2_ws/install/share/hiveflight_interfaces/cmake/export_hiveflight_interfaces__rosidl_generator_cExport.cmake\n'}
[17.251824] (hiveflight_interfaces) StdoutLine: {'line': b'-- Installing: /mnt/c/work/ubuntu_work/HiveFlight/ros2_ws/install/share/hiveflight_interfaces/cmake/export_hiveflight_interfaces__rosidl_generator_cExport-noconfig.cmake\n'}
[17.254136] (-) TimerEvent: {}
[17.313783] (hiveflight_interfaces) StdoutLine: {'line': b'-- Installing: /mnt/c/work/ubuntu_work/HiveFlight/ros2_ws/install/share/hiveflight_interfaces/cmake/export_hiveflight_interfaces__rosidl_typesupport_fastrtps_cExport.cmake\n'}
[17.354276] (-) TimerEvent: {}
[17.382315] (hiveflight_interfaces) StdoutLine: {'line': b'-- Installing: /mnt/c/work/ubuntu_work/HiveFlight/ros2_ws/install/share/hiveflight_interfaces/cmake/export_hiveflight_interfaces__rosidl_typesupport_fastrtps_cExport-noconfig.cmake\n'}
[17.446314] (hiveflight_interfaces) StdoutLine: {'line': b'-- Installing: /mnt/c/work/ubuntu_work/HiveFlight/ros2_ws/install/share/hiveflight_interfaces/cmake/export_hiveflight_interfaces__rosidl_generator_cppExport.cmake\n'}
[17.454368] (-) TimerEvent: {}
[17.515639] (hiveflight_interfaces) StdoutLine: {'line': b'-- Installing: /mnt/c/work/ubuntu_work/HiveFlight/ros2_ws/install/share/hiveflight_interfaces/cmake/export_hiveflight_interfaces__rosidl_typesupport_fastrtps_cppExport.cmake\n'}
[17.554447] (-) TimerEvent: {}
[17.579228] (hiveflight_interfaces) StdoutLine: {'line': b'-- Installing: /mnt/c/work/ubuntu_work/HiveFlight/ros2_ws/install/share/hiveflight_interfaces/cmake/export_hiveflight_interfaces__rosidl_typesupport_fastrtps_cppExport-noconfig.cmake\n'}
[17.641786] (hiveflight_interfaces) StdoutLine: {'line': b'-- Installing: /mnt/c/work/ubuntu_work/HiveFlight/ros2_ws/install/share/hiveflight_interfaces/cmake/hiveflight_interfaces__rosidl_typesupport_introspection_cExport.cmake\n'}
[17.654532] (-) TimerEvent: {}
[17.705179] (hiveflight_interfaces) StdoutLine: {'line': b'-- Installing: /mnt/c/work/ubuntu_work/HiveFlight/ros2_ws/install/share/hiveflight_interfaces/cmake/hiveflight_interfaces__rosidl_typesupport_introspection_cExport-noconfig.cmake\n'}
[17.754640] (-) TimerEvent: {}
[17.768615] (hiveflight_interfaces) StdoutLine: {'line': b'-- Installing: /mnt/c/work/ubuntu_work/HiveFlight/ros2_ws/install/share/hiveflight_interfaces/cmake/hiveflight_interfaces__rosidl_typesupport_cExport.cmake\n'}
[17.831115] (hiveflight_interfaces) StdoutLine: {'line': b'-- Installing: /mnt/c/work/ubuntu_work/HiveFlight/ros2_ws/install/share/hiveflight_interfaces/cmake/hiveflight_interfaces__rosidl_typesupport_cExport-noconfig.cmake\n'}
[17.854745] (-) TimerEvent: {}
[17.895972] (hiveflight_interfaces) StdoutLine: {'line': b'-- Installing: /mnt/c/work/ubuntu_work/HiveFlight/ros2_ws/install/share/hiveflight_interfaces/cmake/hiveflight_interfaces__rosidl_typesupport_introspection_cppExport.cmake\n'}
[17.954887] (-) TimerEvent: {}
[17.958678] (hiveflight_interfaces) StdoutLine: {'line': b'-- Installing: /mnt/c/work/ubuntu_work/HiveFlight/ros2_ws/install/share/hiveflight_interfaces/cmake/hiveflight_interfaces__rosidl_typesupport_introspection_cppExport-noconfig.cmake\n'}
[18.024651] (hiveflight_interfaces) StdoutLine: {'line': b'-- Installing: /mnt/c/work/ubuntu_work/HiveFlight/ros2_ws/install/share/hiveflight_interfaces/cmake/hiveflight_interfaces__rosidl_typesupport_cppExport.cmake\n'}
[18.054968] (-) TimerEvent: {}
[18.089808] (hiveflight_interfaces) StdoutLine: {'line': b'-- Installing: /mnt/c/work/ubuntu_work/HiveFlight/ros2_ws/install/share/hiveflight_interfaces/cmake/hiveflight_interfaces__rosidl_typesupport_cppExport-noconfig.cmake\n'}
[18.152710] (hiveflight_interfaces) StdoutLine: {'line': b'-- Installing: /mnt/c/work/ubuntu_work/HiveFlight/ros2_ws/install/share/hiveflight_interfaces/cmake/export_hiveflight_interfaces__rosidl_generator_pyExport.cmake\n'}
[18.155023] (-) TimerEvent: {}
[18.215964] (hiveflight_interfaces) StdoutLine: {'line': b'-- Installing: /mnt/c/work/ubuntu_work/HiveFlight/ros2_ws/install/share/hiveflight_interfaces/cmake/export_hiveflight_interfaces__rosidl_generator_pyExport-noconfig.cmake\n'}
[18.255135] (-) TimerEvent: {}
[18.271874] (hiveflight_interfaces) StdoutLine: {'line': b'-- Installing: /mnt/c/work/ubuntu_work/HiveFlight/ros2_ws/install/share/hiveflight_interfaces/cmake/rosidl_cmake-extras.cmake\n'}
[18.317564] (hiveflight_interfaces) StdoutLine: {'line': b'-- Installing: /mnt/c/work/ubuntu_work/HiveFlight/ros2_ws/install/share/hiveflight_interfaces/cmake/ament_cmake_export_dependencies-extras.cmake\n'}
[18.355206] (-) TimerEvent: {}
[18.367554] (hiveflight_interfaces) StdoutLine: {'line': b'-- Installing: /mnt/c/work/ubuntu_work/HiveFlight/ros2_ws/install/share/hiveflight_interfaces/cmake/ament_cmake_export_include_directories-extras.cmake\n'}
[18.413405] (hiveflight_interfaces) StdoutLine: {'line': b'-- Installing: /mnt/c/work/ubuntu_work/HiveFlight/ros2_ws/install/share/hiveflight_interfaces/cmake/ament_cmake_export_libraries-extras.cmake\n'}
[18.455348] (-) TimerEvent: {}
[18.462564] (hiveflight_interfaces) StdoutLine: {'line': b'-- Installing: /mnt/c/work/ubuntu_work/HiveFlight/ros2_ws/install/share/hiveflight_interfaces/cmake/ament_cmake_export_targets-extras.cmake\n'}
[18.511983] (hiveflight_interfaces) StdoutLine: {'line': b'-- Installing: /mnt/c/work/ubuntu_work/HiveFlight/ros2_ws/install/share/hiveflight_interfaces/cmake/rosidl_cmake_export_typesupport_targets-extras.cmake\n'}
[18.555493] (-) TimerEvent: {}
[18.559550] (hiveflight_interfaces) StdoutLine: {'line': b'-- Installing: /mnt/c/work/ubuntu_work/HiveFlight/ros2_ws/install/share/hiveflight_interfaces/cmake/rosidl_cmake_export_typesupport_libraries-extras.cmake\n'}
[18.609328] (hiveflight_interfaces) StdoutLine: {'line': b'-- Installing: /mnt/c/work/ubuntu_work/HiveFlight/ros2_ws/install/share/hiveflight_interfaces/cmake/hiveflight_interfacesConfig.cmake\n'}
[18.655645] (-) TimerEvent: {}
[18.711842] (hiveflight_interfaces) StdoutLine: {'line': b'-- Installing: /mnt/c/work/ubuntu_work/HiveFlight/ros2_ws/install/share/hiveflight_interfaces/cmake/hiveflight_interfacesConfig-version.cmake\n'}
[18.755793] (-) TimerEvent: {}
[18.763974] (hiveflight_interfaces) StdoutLine: {'line': b'-- Installing: /mnt/c/work/ubuntu_work/HiveFlight/ros2_ws/install/share/hiveflight_interfaces/package.xml\n'}
[18.815978] (hiveflight_interfaces) CommandEnded: {'returncode': 0}
[18.855917] (-) TimerEvent: {}
[18.956442] (-) TimerEvent: {}
[19.057033] (-) TimerEvent: {}
[19.157790] (-) TimerEvent: {}
[19.258481] (-) TimerEvent: {}
[19.359447] (-) TimerEvent: {}
[19.459989] (-) TimerEvent: {}
[19.560487] (-) TimerEvent: {}
[19.661085] (-) TimerEvent: {}
[19.761607] (-) TimerEvent: {}
[19.809302] (hiveflight_interfaces) JobEnded: {'identifier': 'hiveflight_interfaces', 'rc': 0}
[19.817116] (hiveflight_sim) JobStarted: {'identifier': 'hiveflight_sim'}
[19.861710] (-) TimerEvent: {}
[19.925479] (hiveflight_sim) JobProgress: {'identifier': 'hiveflight_sim', 'progress': 'cmake'}
[19.956031] (hiveflight_sim) Command: {'cmd': ['/usr/bin/cmake', '/mnt/c/work/ubuntu_work/HiveFlight/ros2_ws/src/hiveflight_sim', '-DCMAKE_INSTALL_PREFIX=/mnt/c/work/ubuntu_work/HiveFlight/ros2_ws/install'], 'cwd': '/mnt/c/work/ubuntu_work/HiveFlight/ros2_ws/build/hiveflight_sim', 'env': OrderedDict([('LESSOPEN', '| /usr/bin/lesspipe %s'), ('USER', 'ivano'), ('SHLVL', '2'), ('LD_LIBRARY_PATH', '/mnt/c/work/ubuntu_work/HiveFlight/ros2_ws/install/lib:/usr/lib/x86_64-linux-gnu/gazebo-11/plugins:/opt/ros/humble/opt/rviz_ogre_vendor/lib:/opt/ros/humble/lib/x86_64-linux-gnu:/opt/ros/humble/lib'), ('MOTD_SHOWN', 'update-motd'), ('HOME', '/home/ivano'), ('OLDPWD', '/mnt/c/work/ubuntu_work/HiveFlight'), ('ROS_PYTHON_VERSION', '3'), ('DBUS_SESSION_BUS_ADDRESS', 'unix:path=/run/user/1000/bus'), ('WSL_DISTRO_NAME', 'Ubuntu-22.04'), ('WAYLAND_DISPLAY', 'wayland-0'), ('ROS_DISTRO', 'humble'), ('LOGNAME', 'ivano'), ('NAME', 'LAPTOP-7K9MEH4D'), ('WSL_INTEROP', '/run/WSL/322_interop'), ('PULSE_SERVER', 'unix:/mnt/wslg/PulseServer'), ('_', '/usr/bin/colcon'), ('ROS_VERSION', '2'), ('TERM', 'xterm-256color'), ('ROS_LOCALHOST_ONLY', '0'), ('PATH', '/opt/ros/humble/bin:/usr/local/sbin:/usr/local/bin:/usr/sbin:/usr/bin:/sbin:/bin:/usr/games:/usr/local/games:/usr/lib/wsl/lib:/mnt/c/Users/ivano/AppData/Roaming/Code/User/globalStorage/github.copilot-chat/debugCommand:/mnt/c/Users/ivano/AppData/Roaming/Code/User/globalStorage/github.copilot-chat/copilotCli:/mnt/c/windows/system32:/mnt/c/windows:/mnt/c/windows/System32/Wbem:/mnt/c/windows/System32/WindowsPowerShell/v1.0/:/mnt/c/windows/System32/OpenSSH/:/mnt/c/Program Files/HP/1E.Performance.Assist/Extensibility/NomadBranch:/mnt/c/Program Files/CMake/bin:/mnt/c/Program Files (x86)/Windows Kits/10/Windows Performance Toolkit/:/mnt/c/Program Files/Git/cmd:/mnt/c/windows/system32:/mnt/c/windows:/mnt/c/windows/System32/Wbem:/mnt/c/windows/System32/WindowsPowerShell/v1.0/:/mnt/c/windows/System32/OpenSSH/:/mnt/c/Program Files/HP/1E.Performance.Assist/Extensibility/NomadBranch:/mnt/c/Program Files/CMake/bin:/mnt/c/Program Files (x86)/Windows Kits/10/Windows Performance Toolkit/:/mnt/c/Program Files/Git/cmd:/mnt/c/vcpkg:/mnt/c/Users/ivano/AppData/Local/Programs/Microsoft VS Code/bin:/snap/bin'), ('XDG_RUNTIME_DIR', '/run/user/1000'), ('DISPLAY', ':0'), ('LANG', 'C.UTF-8'), ('LS_COLORS', 'rs=0:di=01;34:ln=01;36:mh=00:pi=40;33:so=01;35:do=01;35:bd=40;33;01:cd=40;33;01:or=40;31;01:mi=00:su=37;41:sg=30;43:ca=30;41:tw=30;42:ow=34;42:st=37;44:ex=01;32:*.tar=01;31:*.tgz=01;31:*.arc=01;31:*.arj=01;31:*.taz=01;31:*.lha=01;31:*.lz4=01;31:*.lzh=01;31:*.lzma=01;31:*.tlz=01;31:*.txz=01;31:*.tzo=01;31:*.t7z=01;31:*.zip=01;31:*.z=01;31:*.dz=01;31:*.gz=01;31:*.lrz=01;31:*.lz=01;31:*.lzo=01;31:*.xz=01;31:*.zst=01;31:*.tzst=01;31:*.bz2=01;31:*.bz=01;31:*.tbz=01;31:*.tbz2=01;31:*.tz=01;31:*.deb=01;31:*.rpm=01;31:*.jar=01;31:*.war=01;31:*.ear=01;31:*.sar=01;31:*.rar=01;31:*.alz=01;31:*.ace=01;31:*.zoo=01;31:*.cpio=01;31:*.7z=01;31:*.rz=01;31:*.cab=01;31:*.wim=01;31:*.swm=01;31:*.dwm=01;31:*.esd=01;31:*.jpg=01;35:*.jpeg=01;35:*.mjpg=01;35:*.mjpeg=01;35:*.gif=01;35:*.bmp=01;35:*.pbm=01;35:*.pgm=01;35:*.ppm=01;35:*.tga=01;35:*.xbm=01;35:*.xpm=01;35:*.tif=01;35:*.tiff=01;35:*.png=01;35:*.svg=01;35:*.svgz=01;35:*.mng=01;35:*.pcx=01;35:*.mov=01;35:*.mpg=01;35:*.mpeg=01;35:*.m2v=01;35:*.mkv=01;35:*.webm=01;35:*.webp=01;35:*.ogm=01;35:*.mp4=01;35:*.m4v=01;35:*.mp4v=01;35:*.vob=01;35:*.qt=01;35:*.nuv=01;35:*.wmv=01;35:*.asf=01;35:*.rm=01;35:*.rmvb=01;35:*.flc=01;35:*.avi=01;35:*.fli=01;35:*.flv=01;35:*.gl=01;35:*.dl=01;35:*.xcf=01;35:*.xwd=01;35:*.yuv=01;35:*.cgm=01;35:*.emf=01;35:*.ogv=01;35:*.ogx=01;35:*.aac=00;36:*.au=00;36:*.flac=00;36:*.m4a=00;36:*.mid=00;36:*.midi=00;36:*.mka=00;36:*.mp3=00;36:*.mpc=00;36:*.ogg=00;36:*.ra=00;36:*.wav=00;36:*.oga=00;36:*.opus=00;36:*.spx=00;36:*.xspf=00;36:'), ('AMENT_PREFIX_PATH', '/mnt/c/work/ubuntu_work/HiveFlight/ros2_ws/install:/opt/ros/humble'), ('SHELL', '/bin/bash'), ('LESSCLOSE', '/usr/bin/lesspipe %s %s'), ('PWD', '/mnt/c/work/ubuntu_work/HiveFlight/ros2_ws/build/hiveflight_sim'), ('XDG_DATA_DIRS', '/usr/local/share:/usr/share:/var/lib/snapd/desktop'), ('PYTHONPATH', '/mnt/c/work/ubuntu_work/HiveFlight/ros2_ws/install/local/lib/python3.10/dist-packages:/opt/ros/humble/lib/python3.10/site-packages:/opt/ros/humble/local/lib/python3.10/dist-packages'), ('COLCON', '1'), ('WSL2_GUI_APPS_ENABLED', '1'), ('HOSTTYPE', 'x86_64'), ('WSLENV', ''), ('CMAKE_PREFIX_PATH', '/mnt/c/work/ubuntu_work/HiveFlight/ros2_ws/install:/opt/ros/humble')]), 'shell': False}
[19.965543] (-) TimerEvent: {}
[20.065954] (-) TimerEvent: {}
[20.166714] (-) TimerEvent: {}
[20.267390] (-) TimerEvent: {}
[20.367983] (-) TimerEvent: {}
[20.418102] (hiveflight_sim) StdoutLine: {'line': b'-- The C compiler identification is GNU 11.4.0\n'}
[20.468109] (-) TimerEvent: {}
[20.568651] (-) TimerEvent: {}
[20.669314] (-) TimerEvent: {}
[20.770094] (-) TimerEvent: {}
[20.870726] (-) TimerEvent: {}
[20.943772] (hiveflight_sim) StdoutLine: {'line': b'-- The CXX compiler identification is GNU 11.4.0\n'}
[20.970793] (-) TimerEvent: {}
[21.071274] (-) TimerEvent: {}
[21.171763] (-) TimerEvent: {}
[21.172218] (hiveflight_sim) StdoutLine: {'line': b'-- Detecting C compiler ABI info\n'}
[21.271895] (-) TimerEvent: {}
[21.372369] (-) TimerEvent: {}
[21.472930] (-) TimerEvent: {}
[21.573514] (-) TimerEvent: {}
[21.674025] (-) TimerEvent: {}
[21.774521] (-) TimerEvent: {}
[21.875018] (-) TimerEvent: {}
[21.931039] (hiveflight_sim) StdoutLine: {'line': b'-- Detecting C compiler ABI info - done\n'}
[21.949098] (hiveflight_sim) StdoutLine: {'line': b'-- Check for working C compiler: /usr/bin/cc - skipped\n'}
[21.949975] (hiveflight_sim) StdoutLine: {'line': b'-- Detecting C compile features\n'}
[21.950591] (hiveflight_sim) StdoutLine: {'line': b'-- Detecting C compile features - done\n'}
[21.975056] (-) TimerEvent: {}
[21.989890] (hiveflight_sim) StdoutLine: {'line': b'-- Detecting CXX compiler ABI info\n'}
[22.075191] (-) TimerEvent: {}
[22.175863] (-) TimerEvent: {}
[22.276548] (-) TimerEvent: {}
[22.377040] (-) TimerEvent: {}
[22.477547] (-) TimerEvent: {}
[22.578581] (-) TimerEvent: {}
[22.679466] (-) TimerEvent: {}
[22.780207] (-) TimerEvent: {}
[22.868307] (hiveflight_sim) StdoutLine: {'line': b'-- Detecting CXX compiler ABI info - done\n'}
[22.880278] (-) TimerEvent: {}
[22.887600] (hiveflight_sim) StdoutLine: {'line': b'-- Check for working CXX compiler: /usr/bin/c++ - skipped\n'}
[22.888558] (hiveflight_sim) StdoutLine: {'line': b'-- Detecting CXX compile features\n'}
[22.889436] (hiveflight_sim) StdoutLine: {'line': b'-- Detecting CXX compile features - done\n'}
[22.954491] (hiveflight_sim) StdoutLine: {'line': b'-- Found ament_cmake: 1.3.14 (/opt/ros/humble/share/ament_cmake/cmake)\n'}
[22.980388] (-) TimerEvent: {}
[23.080882] (-) TimerEvent: {}
[23.181381] (-) TimerEvent: {}
[23.281870] (-) TimerEvent: {}
[23.382421] (-) TimerEvent: {}
[23.482964] (-) TimerEvent: {}
[23.583827] (-) TimerEvent: {}
[23.635265] (hiveflight_sim) StdoutLine: {'line': b'-- Found Python3: /usr/bin/python3 (found version "3.10.12") found components: Interpreter \n'}
[23.683921] (-) TimerEvent: {}
[23.784404] (-) TimerEvent: {}
[23.884930] (-) TimerEvent: {}
[23.985403] (-) TimerEvent: {}
[24.085993] (-) TimerEvent: {}
[24.186516] (-) TimerEvent: {}
[24.287128] (-) TimerEvent: {}
[24.327293] (hiveflight_sim) StdoutLine: {'line': b'-- Found rclcpp: 16.0.19 (/opt/ros/humble/share/rclcpp/cmake)\n'}
[24.387267] (-) TimerEvent: {}
[24.487852] (-) TimerEvent: {}
[24.588614] (-) TimerEvent: {}
[24.689147] (-) TimerEvent: {}
[24.728836] (hiveflight_sim) StdoutLine: {'line': b'-- Found rosidl_generator_c: 3.1.8 (/opt/ros/humble/share/rosidl_generator_c/cmake)\n'}
[24.788391] (hiveflight_sim) StdoutLine: {'line': b'-- Found rosidl_adapter: 3.1.8 (/opt/ros/humble/share/rosidl_adapter/cmake)\n'}
[24.789270] (-) TimerEvent: {}
[24.850277] (hiveflight_sim) StdoutLine: {'line': b'-- Found rosidl_generator_cpp: 3.1.8 (/opt/ros/humble/share/rosidl_generator_cpp/cmake)\n'}
[24.889384] (-) TimerEvent: {}
[24.914674] (hiveflight_sim) StdoutLine: {'line': b'-- Using all available rosidl_typesupport_c: rosidl_typesupport_fastrtps_c;rosidl_typesupport_introspection_c\n'}
[24.989544] (-) TimerEvent: {}
[25.011161] (hiveflight_sim) StdoutLine: {'line': b'-- Using all available rosidl_typesupport_cpp: rosidl_typesupport_fastrtps_cpp;rosidl_typesupport_introspection_cpp\n'}
[25.089671] (-) TimerEvent: {}
[25.190338] (-) TimerEvent: {}
[25.290826] (-) TimerEvent: {}
[25.335295] (hiveflight_sim) StdoutLine: {'line': b'-- Found rmw_implementation_cmake: 6.1.2 (/opt/ros/humble/share/rmw_implementation_cmake/cmake)\n'}
[25.369540] (hiveflight_sim) StdoutLine: {'line': b'-- Found rmw_fastrtps_cpp: 6.2.10 (/opt/ros/humble/share/rmw_fastrtps_cpp/cmake)\n'}
[25.390961] (-) TimerEvent: {}
[25.491557] (-) TimerEvent: {}
[25.592024] (-) TimerEvent: {}
[25.692655] (-) TimerEvent: {}
[25.793169] (-) TimerEvent: {}
[25.893827] (-) TimerEvent: {}
[25.994460] (-) TimerEvent: {}
[26.094993] (-) TimerEvent: {}
[26.195693] (-) TimerEvent: {}
[26.296625] (-) TimerEvent: {}
[26.397355] (-) TimerEvent: {}
[26.499073] (-) TimerEvent: {}
[26.599838] (-) TimerEvent: {}
[26.700559] (-) TimerEvent: {}
[26.801165] (-) TimerEvent: {}
[26.901983] (-) TimerEvent: {}
[27.002553] (-) TimerEvent: {}
[27.103052] (-) TimerEvent: {}
[27.169251] (hiveflight_sim) StdoutLine: {'line': b'-- Found OpenSSL: /usr/lib/x86_64-linux-gnu/libcrypto.so (found version "3.0.2")  \n'}
[27.203253] (-) TimerEvent: {}
[27.303931] (-) TimerEvent: {}
[27.404453] (-) TimerEvent: {}
[27.505037] (-) TimerEvent: {}
[27.605593] (-) TimerEvent: {}
[27.706167] (-) TimerEvent: {}
[27.806756] (-) TimerEvent: {}
[27.907230] (-) TimerEvent: {}
[27.968537] (hiveflight_sim) StdoutLine: {'line': b'-- Found FastRTPS: /opt/ros/humble/include  \n'}
[28.007301] (-) TimerEvent: {}
[28.107894] (-) TimerEvent: {}
[28.208359] (-) TimerEvent: {}
[28.308822] (-) TimerEvent: {}
[28.409298] (-) TimerEvent: {}
[28.509809] (-) TimerEvent: {}
[28.610303] (-) TimerEvent: {}
[28.710817] (-) TimerEvent: {}
[28.811410] (-) TimerEvent: {}
[28.912085] (-) TimerEvent: {}
[29.012855] (-) TimerEvent: {}
[29.113435] (-) TimerEvent: {}
[29.213935] (-) TimerEvent: {}
[29.314557] (-) TimerEvent: {}
[29.324243] (hiveflight_sim) StdoutLine: {'line': b"-- Using RMW implementation 'rmw_fastrtps_cpp' as default\n"}
[29.414685] (-) TimerEvent: {}
[29.444972] (hiveflight_sim) StdoutLine: {'line': b'-- Looking for pthread.h\n'}
[29.514813] (-) TimerEvent: {}
[29.615387] (-) TimerEvent: {}
[29.715891] (-) TimerEvent: {}
[29.816404] (-) TimerEvent: {}
[29.916917] (-) TimerEvent: {}
[30.017428] (-) TimerEvent: {}
[30.117949] (-) TimerEvent: {}
[30.213905] (hiveflight_sim) StdoutLine: {'line': b'-- Looking for pthread.h - found\n'}
[30.218013] (-) TimerEvent: {}
[30.221750] (hiveflight_sim) StdoutLine: {'line': b'-- Performing Test CMAKE_HAVE_LIBC_PTHREAD\n'}
[30.318131] (-) TimerEvent: {}
[30.418571] (-) TimerEvent: {}
[30.519060] (-) TimerEvent: {}
[30.619585] (-) TimerEvent: {}
[30.720114] (-) TimerEvent: {}
[30.820601] (-) TimerEvent: {}
[30.921136] (-) TimerEvent: {}
[30.980958] (hiveflight_sim) StdoutLine: {'line': b'-- Performing Test CMAKE_HAVE_LIBC_PTHREAD - Success\n'}
[30.986071] (hiveflight_sim) StdoutLine: {'line': b'-- Found Threads: TRUE  \n'}
[31.021218] (-) TimerEvent: {}
[31.122026] (-) TimerEvent: {}
[31.161106] (hiveflight_sim) StdoutLine: {'line': b'-- Found geometry_msgs: 4.9.1 (/opt/ros/humble/share/geometry_msgs/cmake)\n'}
[31.220046] (hiveflight_sim) StdoutLine: {'line': b'-- Found hiveflight_interfaces: 0.0.1 (/mnt/c/work/ubuntu_work/HiveFlight/ros2_ws/install/share/hiveflight_interfaces/cmake)\n'}
[31.222114] (-) TimerEvent: {}
[31.322462] (-) TimerEvent: {}
[31.422938] (-) TimerEvent: {}
[31.523420] (-) TimerEvent: {}
[31.623916] (-) TimerEvent: {}
[31.724386] (-) TimerEvent: {}
[31.824884] (-) TimerEvent: {}
[31.925569] (-) TimerEvent: {}
[32.026048] (-) TimerEvent: {}
[32.126516] (-) TimerEvent: {}
[32.176737] (hiveflight_sim) StdoutLine: {'line': b'-- Configuring done\n'}
[32.226630] (-) TimerEvent: {}
[32.327127] (-) TimerEvent: {}
[32.427717] (-) TimerEvent: {}
[32.528248] (-) TimerEvent: {}
[32.531675] (hiveflight_sim) StdoutLine: {'line': b'-- Generating done\n'}
[32.628426] (-) TimerEvent: {}
[32.702769] (hiveflight_sim) StdoutLine: {'line': b'-- Build files have been written to: /mnt/c/work/ubuntu_work/HiveFlight/ros2_ws/build/hiveflight_sim\n'}
[32.710838] (hiveflight_sim) CommandEnded: {'returncode': 0}
[32.716714] (hiveflight_sim) JobProgress: {'identifier': 'hiveflight_sim', 'progress': 'build'}
[32.722412] (hiveflight_sim) Command: {'cmd': ['/usr/bin/cmake', '--build', '/mnt/c/work/ubuntu_work/HiveFlight/ros2_ws/build/hiveflight_sim', '--', '-j16', '-l16'], 'cwd': '/mnt/c/work/ubuntu_work/HiveFlight/ros2_ws/build/hiveflight_sim', 'env': OrderedDict([('LESSOPEN', '| /usr/bin/lesspipe %s'), ('USER', 'ivano'), ('SHLVL', '2'), ('LD_LIBRARY_PATH', '/mnt/c/work/ubuntu_work/HiveFlight/ros2_ws/install/lib:/usr/lib/x86_64-linux-gnu/gazebo-11/plugins:/opt/ros/humble/opt/rviz_ogre_vendor/lib:/opt/ros/humble/lib/x86_64-linux-gnu:/opt/ros/humble/lib'), ('MOTD_SHOWN', 'update-motd'), ('HOME', '/home/ivano'), ('OLDPWD', '/mnt/c/work/ubuntu_work/HiveFlight'), ('ROS_PYTHON_VERSION', '3'), ('DBUS_SESSION_BUS_ADDRESS', 'unix:path=/run/user/1000/bus'), ('WSL_DISTRO_NAME', 'Ubuntu-22.04'), ('WAYLAND_DISPLAY', 'wayland-0'), ('ROS_DISTRO', 'humble'), ('LOGNAME', 'ivano'), ('NAME', 'LAPTOP-7K9MEH4D'), ('WSL_INTEROP', '/run/WSL/322_interop'), ('PULSE_SERVER', 'unix:/mnt/wslg/PulseServer'), ('_', '/usr/bin/colcon'), ('ROS_VERSION', '2'), ('TERM', 'xterm-256color'), ('ROS_LOCALHOST_ONLY', '0'), ('PATH', '/opt/ros/humble/bin:/usr/local/sbin:/usr/local/bin:/usr/sbin:/usr/bin:/sbin:/bin:/usr/games:/usr/local/games:/usr/lib/wsl/lib:/mnt/c/Users/ivano/AppData/Roaming/Code/User/globalStorage/github.copilot-chat/debugCommand:/mnt/c/Users/ivano/AppData/Roaming/Code/User/globalStorage/github.copilot-chat/copilotCli:/mnt/c/windows/system32:/mnt/c/windows:/mnt/c/windows/System32/Wbem:/mnt/c/windows/System32/WindowsPowerShell/v1.0/:/mnt/c/windows/System32/OpenSSH/:/mnt/c/Program Files/HP/1E.Performance.Assist/Extensibility/NomadBranch:/mnt/c/Program Files/CMake/bin:/mnt/c/Program Files (x86)/Windows Kits/10/Windows Performance Toolkit/:/mnt/c/Program Files/Git/cmd:/mnt/c/windows/system32:/mnt/c/windows:/mnt/c/windows/System32/Wbem:/mnt/c/windows/System32/WindowsPowerShell/v1.0/:/mnt/c/windows/System32/OpenSSH/:/mnt/c/Program Files/HP/1E.Performance.Assist/Extensibility/NomadBranch:/mnt/c/Program Files/CMake/bin:/mnt/c/Program Files (x86)/Windows Kits/10/Windows Performance Toolkit/:/mnt/c/Program Files/Git/cmd:/mnt/c/vcpkg:/mnt/c/Users/ivano/AppData/Local/Programs/Microsoft VS Code/bin:/snap/bin'), ('XDG_RUNTIME_DIR', '/run/user/1000'), ('DISPLAY', ':0'), ('LANG', 'C.UTF-8'), ('LS_COLORS', 'rs=0:di=01;34:ln=01;36:mh=00:pi=40;33:so=01;35:do=01;35:bd=40;33;01:cd=40;33;01:or=40;31;01:mi=00:su=37;41:sg=30;43:ca=30;41:tw=30;42:ow=34;42:st=37;44:ex=01;32:*.tar=01;31:*.tgz=01;31:*.arc=01;31:*.arj=01;31:*.taz=01;31:*.lha=01;31:*.lz4=01;31:*.lzh=01;31:*.lzma=01;31:*.tlz=01;31:*.txz=01;31:*.tzo=01;31:*.t7z=01;31:*.zip=01;31:*.z=01;31:*.dz=01;31:*.gz=01;31:*.lrz=01;31:*.lz=01;31:*.lzo=01;31:*.xz=01;31:*.zst=01;31:*.tzst=01;31:*.bz2=01;31:*.bz=01;31:*.tbz=01;31:*.tbz2=01;31:*.tz=01;31:*.deb=01;31:*.rpm=01;31:*.jar=01;31:*.war=01;31:*.ear=01;31:*.sar=01;31:*.rar=01;31:*.alz=01;31:*.ace=01;31:*.zoo=01;31:*.cpio=01;31:*.7z=01;31:*.rz=01;31:*.cab=01;31:*.wim=01;31:*.swm=01;31:*.dwm=01;31:*.esd=01;31:*.jpg=01;35:*.jpeg=01;35:*.mjpg=01;35:*.mjpeg=01;35:*.gif=01;35:*.bmp=01;35:*.pbm=01;35:*.pgm=01;35:*.ppm=01;35:*.tga=01;35:*.xbm=01;35:*.xpm=01;35:*.tif=01;35:*.tiff=01;35:*.png=01;35:*.svg=01;35:*.svgz=01;35:*.mng=01;35:*.pcx=01;35:*.mov=01;35:*.mpg=01;35:*.mpeg=01;35:*.m2v=01;35:*.mkv=01;35:*.webm=01;35:*.webp=01;35:*.ogm=01;35:*.mp4=01;35:*.m4v=01;35:*.mp4v=01;35:*.vob=01;35:*.qt=01;35:*.nuv=01;35:*.wmv=01;35:*.asf=01;35:*.rm=01;35:*.rmvb=01;35:*.flc=01;35:*.avi=01;35:*.fli=01;35:*.flv=01;35:*.gl=01;35:*.dl=01;35:*.xcf=01;35:*.xwd=01;35:*.yuv=01;35:*.cgm=01;35:*.emf=01;35:*.ogv=01;35:*.ogx=01;35:*.aac=00;36:*.au=00;36:*.flac=00;36:*.m4a=00;36:*.mid=00;36:*.midi=00;36:*.mka=00;36:*.mp3=00;36:*.mpc=00;36:*.ogg=00;36:*.ra=00;36:*.wav=00;36:*.oga=00;36:*.opus=00;36:*.spx=00;36:*.xspf=00;36:'), ('AMENT_PREFIX_PATH', '/mnt/c/work/ubuntu_work/HiveFlight/ros2_ws/install:/opt/ros/humble'), ('SHELL', '/bin/bash'), ('LESSCLOSE', '/usr/bin/lesspipe %s %s'), ('PWD', '/mnt/c/work/ubuntu_work/HiveFlight/ros2_ws/build/hiveflight_sim'), ('XDG_DATA_DIRS', '/usr/local/share:/usr/share:/var/lib/snapd/desktop'), ('PYTHONPATH', '/mnt/c/work/ubuntu_work/HiveFlight/ros2_ws/install/local/lib/python3.10/dist-packages:/opt/ros/humble/lib/python3.10/site-packages:/opt/ros/humble/local/lib/python3.10/dist-packages'), ('COLCON', '1'), ('WSL2_GUI_APPS_ENABLED', '1'), ('HOSTTYPE', 'x86_64'), ('WSLENV', ''), ('CMAKE_PREFIX_PATH', '/mnt/c/work/ubuntu_work/HiveFlight/ros2_ws/install:/opt/ros/humble')]), 'shell': False}
[32.728569] (-) TimerEvent: {}
[32.829160] (-) TimerEvent: {}
[32.929796] (-) TimerEvent: {}
[33.030397] (-) TimerEvent: {}
[33.130949] (-) TimerEvent: {}
[33.231548] (-) TimerEvent: {}
[33.297983] (hiveflight_sim) StdoutLine: {'line': b'[ 20%] \x1b[32mBuilding CXX object CMakeFiles/hiveflight_ros2_adapter.dir/src/DroneRos2Adapter.cpp.o\x1b[0m\n'}
[33.302274] (hiveflight_sim) StdoutLine: {'line': b'[ 40%] \x1b[32mBuilding CXX object CMakeFiles/hiveflight_ros2_adapter.dir/src/DroneCommunication3D.cpp.o\x1b[0m\n'}
[33.307979] (hiveflight_sim) StdoutLine: {'line': b'[ 60%] \x1b[32mBuilding CXX object CMakeFiles/hiveflight_ros2_adapter.dir/mnt/c/work/ubuntu_work/HiveFlight/SwarmSimulation3D.cpp.o\x1b[0m\n'}
[33.313743] (hiveflight_sim) StdoutLine: {'line': b'[ 80%] \x1b[32mBuilding CXX object CMakeFiles/hiveflight_ros2_adapter.dir/mnt/c/work/ubuntu_work/HiveFlight/SpatialGrid3D.cpp.o\x1b[0m\n'}
[33.331695] (-) TimerEvent: {}
[33.432219] (-) TimerEvent: {}
[33.532868] (-) TimerEvent: {}
[33.633410] (-) TimerEvent: {}
[33.733906] (-) TimerEvent: {}
[33.834456] (-) TimerEvent: {}
[33.935057] (-) TimerEvent: {}
[34.035802] (-) TimerEvent: {}
[34.136354] (-) TimerEvent: {}
[34.236922] (-) TimerEvent: {}
[34.337418] (-) TimerEvent: {}
[34.437945] (-) TimerEvent: {}
[34.538526] (-) TimerEvent: {}
[34.639172] (-) TimerEvent: {}
[34.740354] (-) TimerEvent: {}
[34.841355] (-) TimerEvent: {}
[34.942194] (-) TimerEvent: {}
[35.042874] (-) TimerEvent: {}
[35.143615] (-) TimerEvent: {}
[35.244343] (-) TimerEvent: {}
[35.345566] (-) TimerEvent: {}
[35.446171] (-) TimerEvent: {}
[35.546783] (-) TimerEvent: {}
[35.647451] (-) TimerEvent: {}
[35.748081] (-) TimerEvent: {}
[35.848640] (-) TimerEvent: {}
[35.949246] (-) TimerEvent: {}
[36.049828] (-) TimerEvent: {}
[36.150370] (-) TimerEvent: {}
[36.251256] (-) TimerEvent: {}
[36.351759] (-) TimerEvent: {}
[36.452281] (-) TimerEvent: {}
[36.553091] (-) TimerEvent: {}
[36.653578] (-) TimerEvent: {}
[36.754157] (-) TimerEvent: {}
[36.854896] (-) TimerEvent: {}
[36.955399] (-) TimerEvent: {}
[37.056027] (-) TimerEvent: {}
[37.156934] (-) TimerEvent: {}
[37.258204] (-) TimerEvent: {}
[37.359454] (-) TimerEvent: {}
[37.460525] (-) TimerEvent: {}
[37.561239] (-) TimerEvent: {}
[37.662091] (-) TimerEvent: {}
[37.762779] (-) TimerEvent: {}
[37.863674] (-) TimerEvent: {}
[37.964706] (-) TimerEvent: {}
[38.065629] (-) TimerEvent: {}
[38.166858] (-) TimerEvent: {}
[38.267903] (-) TimerEvent: {}
[38.368892] (-) TimerEvent: {}
[38.470194] (-) TimerEvent: {}
[38.571428] (-) TimerEvent: {}
[38.672697] (-) TimerEvent: {}
[38.773580] (-) TimerEvent: {}
[38.874369] (-) TimerEvent: {}
[38.975470] (-) TimerEvent: {}
[39.076642] (-) TimerEvent: {}
[39.177621] (-) TimerEvent: {}
[39.278830] (-) TimerEvent: {}
[39.380302] (-) TimerEvent: {}
[39.481386] (-) TimerEvent: {}
[39.582410] (-) TimerEvent: {}
[39.683571] (-) TimerEvent: {}
[39.784559] (-) TimerEvent: {}
[39.885852] (-) TimerEvent: {}
[39.987063] (-) TimerEvent: {}
[40.088095] (-) TimerEvent: {}
[40.189256] (-) TimerEvent: {}
[40.290482] (-) TimerEvent: {}
[40.391512] (-) TimerEvent: {}
[40.492543] (-) TimerEvent: {}
[40.593776] (-) TimerEvent: {}
[40.694612] (-) TimerEvent: {}
[40.795700] (-) TimerEvent: {}
[40.896659] (-) TimerEvent: {}
[40.997627] (-) TimerEvent: {}
[41.098818] (-) TimerEvent: {}
[41.200010] (-) TimerEvent: {}
[41.300978] (-) TimerEvent: {}
[41.402153] (-) TimerEvent: {}
[41.503259] (-) TimerEvent: {}
[41.604043] (-) TimerEvent: {}
[41.704775] (-) TimerEvent: {}
[41.805820] (-) TimerEvent: {}
[41.906521] (-) TimerEvent: {}
[42.007277] (-) TimerEvent: {}
[42.108958] (-) TimerEvent: {}
[42.209403] (-) TimerEvent: {}
[42.309945] (-) TimerEvent: {}
[42.410481] (-) TimerEvent: {}
[42.511108] (-) TimerEvent: {}
[42.611768] (-) TimerEvent: {}
[42.712281] (-) TimerEvent: {}
[42.812776] (-) TimerEvent: {}
[42.913372] (-) TimerEvent: {}
[42.922857] (hiveflight_sim) StdoutLine: {'line': b'[100%] \x1b[32m\x1b[1mLinking CXX static library libhiveflight_ros2_adapter.a\x1b[0m\n'}
[43.013536] (-) TimerEvent: {}
[43.114210] (-) TimerEvent: {}
[43.214654] (-) TimerEvent: {}
[43.315134] (-) TimerEvent: {}
[43.415669] (-) TimerEvent: {}
[43.516195] (-) TimerEvent: {}
[43.616751] (-) TimerEvent: {}
[43.717380] (-) TimerEvent: {}
[43.818170] (-) TimerEvent: {}
[43.918637] (-) TimerEvent: {}
[44.019107] (-) TimerEvent: {}
[44.119634] (-) TimerEvent: {}
[44.220110] (-) TimerEvent: {}
[44.320606] (-) TimerEvent: {}
[44.421073] (-) TimerEvent: {}
[44.521581] (-) TimerEvent: {}
[44.622090] (-) TimerEvent: {}
[44.722609] (-) TimerEvent: {}
[44.823081] (-) TimerEvent: {}
[44.923550] (-) TimerEvent: {}
[45.024020] (-) TimerEvent: {}
[45.124476] (-) TimerEvent: {}
[45.224981] (-) TimerEvent: {}
[45.325434] (-) TimerEvent: {}
[45.425886] (-) TimerEvent: {}
[45.526344] (-) TimerEvent: {}
[45.550954] (hiveflight_sim) StdoutLine: {'line': b'[100%] Built target hiveflight_ros2_adapter\n'}
[45.626425] (-) TimerEvent: {}
[45.632885] (hiveflight_sim) CommandEnded: {'returncode': 0}
[45.647982] (hiveflight_sim) JobProgress: {'identifier': 'hiveflight_sim', 'progress': 'install'}
[45.654617] (hiveflight_sim) Command: {'cmd': ['/usr/bin/cmake', '--install', '/mnt/c/work/ubuntu_work/HiveFlight/ros2_ws/build/hiveflight_sim'], 'cwd': '/mnt/c/work/ubuntu_work/HiveFlight/ros2_ws/build/hiveflight_sim', 'env': OrderedDict([('LESSOPEN', '| /usr/bin/lesspipe %s'), ('USER', 'ivano'), ('SHLVL', '2'), ('LD_LIBRARY_PATH', '/mnt/c/work/ubuntu_work/HiveFlight/ros2_ws/install/lib:/usr/lib/x86_64-linux-gnu/gazebo-11/plugins:/opt/ros/humble/opt/rviz_ogre_vendor/lib:/opt/ros/humble/lib/x86_64-linux-gnu:/opt/ros/humble/lib'), ('MOTD_SHOWN', 'update-motd'), ('HOME', '/home/ivano'), ('OLDPWD', '/mnt/c/work/ubuntu_work/HiveFlight'), ('ROS_PYTHON_VERSION', '3'), ('DBUS_SESSION_BUS_ADDRESS', 'unix:path=/run/user/1000/bus'), ('WSL_DISTRO_NAME', 'Ubuntu-22.04'), ('WAYLAND_DISPLAY', 'wayland-0'), ('ROS_DISTRO', 'humble'), ('LOGNAME', 'ivano'), ('NAME', 'LAPTOP-7K9MEH4D'), ('WSL_INTEROP', '/run/WSL/322_interop'), ('PULSE_SERVER', 'unix:/mnt/wslg/PulseServer'), ('_', '/usr/bin/colcon'), ('ROS_VERSION', '2'), ('TERM', 'xterm-256color'), ('ROS_LOCALHOST_ONLY', '0'), ('PATH', '/opt/ros/humble/bin:/usr/local/sbin:/usr/local/bin:/usr/sbin:/usr/bin:/sbin:/bin:/usr/games:/usr/local/games:/usr/lib/wsl/lib:/mnt/c/Users/ivano/AppData/Roaming/Code/User/globalStorage/github.copilot-chat/debugCommand:/mnt/c/Users/ivano/AppData/Roaming/Code/User/globalStorage/github.copilot-chat/copilotCli:/mnt/c/windows/system32:/mnt/c/windows:/mnt/c/windows/System32/Wbem:/mnt/c/windows/System32/WindowsPowerShell/v1.0/:/mnt/c/windows/System32/OpenSSH/:/mnt/c/Program Files/HP/1E.Performance.Assist/Extensibility/NomadBranch:/mnt/c/Program Files/CMake/bin:/mnt/c/Program Files (x86)/Windows Kits/10/Windows Performance Toolkit/:/mnt/c/Program Files/Git/cmd:/mnt/c/windows/system32:/mnt/c/windows:/mnt/c/windows/System32/Wbem:/mnt/c/windows/System32/WindowsPowerShell/v1.0/:/mnt/c/windows/System32/OpenSSH/:/mnt/c/Program Files/HP/1E.Performance.Assist/Extensibility/NomadBranch:/mnt/c/Program Files/CMake/bin:/mnt/c/Program Files (x86)/Windows Kits/10/Windows Performance Toolkit/:/mnt/c/Program Files/Git/cmd:/mnt/c/vcpkg:/mnt/c/Users/ivano/AppData/Local/Programs/Microsoft VS Code/bin:/snap/bin'), ('XDG_RUNTIME_DIR', '/run/user/1000'), ('DISPLAY', ':0'), ('LANG', 'C.UTF-8'), ('LS_COLORS', 'rs=0:di=01;34:ln=01;36:mh=00:pi=40;33:so=01;35:do=01;35:bd=40;33;01:cd=40;33;01:or=40;31;01:mi=00:su=37;41:sg=30;43:ca=30;41:tw=30;42:ow=34;42:st=37;44:ex=01;32:*.tar=01;31:*.tgz=01;31:*.arc=01;31:*.arj=01;31:*.taz=01;31:*.lha=01;31:*.lz4=01;31:*.lzh=01;31:*.lzma=01;31:*.tlz=01;31:*.txz=01;31:*.tzo=01;31:*.t7z=01;31:*.zip=01;31:*.z=01;31:*.dz=01;31:*.gz=01;31:*.lrz=01;31:*.lz=01;31:*.lzo=01;31:*.xz=01;31:*.zst=01;31:*.tzst=01;31:*.bz2=01;31:*.bz=01;31:*.tbz=01;31:*.tbz2=01;31:*.tz=01;31:*.deb=01;31:*.rpm=01;31:*.jar=01;31:*.war=01;31:*.ear=01;31:*.sar=01;31:*.rar=01;31:*.alz=01;31:*.ace=01;31:*.zoo=01;31:*.cpio=01;31:*.7z=01;31:*.rz=01;31:*.cab=01;31:*.wim=01;31:*.swm=01;31:*.dwm=01;31:*.esd=01;31:*.jpg=01;35:*.jpeg=01;35:*.mjpg=01;35:*.mjpeg=01;35:*.gif=01;35:*.bmp=01;35:*.pbm=01;35:*.pgm=01;35:*.ppm=01;35:*.tga=01;35:*.xbm=01;35:*.xpm=01;35:*.tif=01;35:*.tiff=01;35:*.png=01;35:*.svg=01;35:*.svgz=01;35:*.mng=01;35:*.pcx=01;35:*.mov=01;35:*.mpg=01;35:*.mpeg=01;35:*.m2v=01;35:*.mkv=01;35:*.webm=01;35:*.webp=01;35:*.ogm=01;35:*.mp4=01;35:*.m4v=01;35:*.mp4v=01;35:*.vob=01;35:*.qt=01;35:*.nuv=01;35:*.wmv=01;35:*.asf=01;35:*.rm=01;35:*.rmvb=01;35:*.flc=01;35:*.avi=01;35:*.fli=01;35:*.flv=01;35:*.gl=01;35:*.dl=01;35:*.xcf=01;35:*.xwd=01;35:*.yuv=01;35:*.cgm=01;35:*.emf=01;35:*.ogv=01;35:*.ogx=01;35:*.aac=00;36:*.au=00;36:*.flac=00;36:*.m4a=00;36:*.mid=00;36:*.midi=00;36:*.mka=00;36:*.mp3=00;36:*.mpc=00;36:*.ogg=00;36:*.ra=00;36:*.wav=00;36:*.oga=00;36:*.opus=00;36:*.spx=00;36:*.xspf=00;36:'), ('AMENT_PREFIX_PATH', '/mnt/c/work/ubuntu_work/HiveFlight/ros2_ws/install:/opt/ros/humble'), ('SHELL', '/bin/bash'), ('LESSCLOSE', '/usr/bin/lesspipe %s %s'), ('PWD', '/mnt/c/work/ubuntu_work/HiveFlight/ros2_ws/build/hiveflight_sim'), ('XDG_DATA_DIRS', '/usr/local/share:/usr/share:/var/lib/snapd/desktop'), ('PYTHONPATH', '/mnt/c/work/ubuntu_work/HiveFlight/ros2_ws/install/local/lib/python3.10/dist-packages:/opt/ros/humble/lib/python3.10/site-packages:/opt/ros/humble/local/lib/python3.10/dist-packages'), ('COLCON', '1'), ('WSL2_GUI_APPS_ENABLED', '1'), ('HOSTTYPE', 'x86_64'), ('WSLENV', ''), ('CMAKE_PREFIX_PATH', '/mnt/c/work/ubuntu_work/HiveFlight/ros2_ws/install:/opt/ros/humble')]), 'shell': False}
[45.715319] (hiveflight_sim) StdoutLine: {'line': b'-- Install configuration: ""\n'}
[45.720444] (hiveflight_sim) StdoutLine: {'line': b'-- Installing: /mnt/c/work/ubuntu_work/HiveFlight/ros2_ws/install/lib/libhiveflight_ros2_adapter.a\n'}
[45.726474] (-) TimerEvent: {}
[45.826880] (-) TimerEvent: {}
[45.927350] (-) TimerEvent: {}
[46.027888] (-) TimerEvent: {}
[46.128514] (-) TimerEvent: {}
[46.195813] (hiveflight_sim) StdoutLine: {'line': b'-- Up-to-date: /mnt/c/work/ubuntu_work/HiveFlight/ros2_ws/install/include\n'}
[46.214839] (hiveflight_sim) StdoutLine: {'line': b'-- Installing: /mnt/c/work/ubuntu_work/HiveFlight/ros2_ws/install/include/DroneCommunication3D.hpp\n'}
[46.228683] (-) TimerEvent: {}
[46.265563] (hiveflight_sim) StdoutLine: {'line': b'-- Installing: /mnt/c/work/ubuntu_work/HiveFlight/ros2_ws/install/include/DroneRos2Adapter.hpp\n'}
[46.317366] (hiveflight_sim) StdoutLine: {'line': b'-- Installing: /mnt/c/work/ubuntu_work/HiveFlight/ros2_ws/install/include/SpatialGrid3D.hpp\n'}
[46.328788] (-) TimerEvent: {}
[46.366669] (hiveflight_sim) StdoutLine: {'line': b'-- Installing: /mnt/c/work/ubuntu_work/HiveFlight/ros2_ws/install/include/SwarmSimulation3D.hpp\n'}
[46.413947] (hiveflight_sim) StdoutLine: {'line': b'-- Installing: /mnt/c/work/ubuntu_work/HiveFlight/ros2_ws/install/include/Vec3.hpp\n'}
[46.428921] (-) TimerEvent: {}
[46.453988] (hiveflight_sim) StdoutLine: {'line': b'-- Installing: /mnt/c/work/ubuntu_work/HiveFlight/ros2_ws/install/share/hiveflight_sim/environment/library_path.sh\n'}
[46.491722] (hiveflight_sim) StdoutLine: {'line': b'-- Installing: /mnt/c/work/ubuntu_work/HiveFlight/ros2_ws/install/share/hiveflight_sim/environment/library_path.dsv\n'}
[46.529041] (-) TimerEvent: {}
[46.542360] (hiveflight_sim) StdoutLine: {'line': b'-- Installing: /mnt/c/work/ubuntu_work/HiveFlight/ros2_ws/install/share/ament_index/resource_index/package_run_dependencies/hiveflight_sim\n'}
[46.603276] (hiveflight_sim) StdoutLine: {'line': b'-- Installing: /mnt/c/work/ubuntu_work/HiveFlight/ros2_ws/install/share/ament_index/resource_index/parent_prefix_path/hiveflight_sim\n'}
[46.629132] (-) TimerEvent: {}
[46.654268] (hiveflight_sim) StdoutLine: {'line': b'-- Installing: /mnt/c/work/ubuntu_work/HiveFlight/ros2_ws/install/share/hiveflight_sim/environment/ament_prefix_path.sh\n'}
[46.692200] (hiveflight_sim) StdoutLine: {'line': b'-- Installing: /mnt/c/work/ubuntu_work/HiveFlight/ros2_ws/install/share/hiveflight_sim/environment/ament_prefix_path.dsv\n'}
[46.729230] (-) TimerEvent: {}
[46.729997] (hiveflight_sim) StdoutLine: {'line': b'-- Installing: /mnt/c/work/ubuntu_work/HiveFlight/ros2_ws/install/share/hiveflight_sim/environment/path.sh\n'}
[46.766617] (hiveflight_sim) StdoutLine: {'line': b'-- Installing: /mnt/c/work/ubuntu_work/HiveFlight/ros2_ws/install/share/hiveflight_sim/environment/path.dsv\n'}
[46.808113] (hiveflight_sim) StdoutLine: {'line': b'-- Installing: /mnt/c/work/ubuntu_work/HiveFlight/ros2_ws/install/share/hiveflight_sim/local_setup.bash\n'}
[46.829327] (-) TimerEvent: {}
[46.844898] (hiveflight_sim) StdoutLine: {'line': b'-- Installing: /mnt/c/work/ubuntu_work/HiveFlight/ros2_ws/install/share/hiveflight_sim/local_setup.sh\n'}
[46.883574] (hiveflight_sim) StdoutLine: {'line': b'-- Installing: /mnt/c/work/ubuntu_work/HiveFlight/ros2_ws/install/share/hiveflight_sim/local_setup.zsh\n'}
[46.919746] (hiveflight_sim) StdoutLine: {'line': b'-- Installing: /mnt/c/work/ubuntu_work/HiveFlight/ros2_ws/install/share/hiveflight_sim/local_setup.dsv\n'}
[46.929358] (-) TimerEvent: {}
[46.956448] (hiveflight_sim) StdoutLine: {'line': b'-- Installing: /mnt/c/work/ubuntu_work/HiveFlight/ros2_ws/install/share/hiveflight_sim/package.dsv\n'}
[47.007847] (hiveflight_sim) StdoutLine: {'line': b'-- Installing: /mnt/c/work/ubuntu_work/HiveFlight/ros2_ws/install/share/ament_index/resource_index/packages/hiveflight_sim\n'}
[47.029458] (-) TimerEvent: {}
[47.075237] (hiveflight_sim) StdoutLine: {'line': b'-- Installing: /mnt/c/work/ubuntu_work/HiveFlight/ros2_ws/install/share/hiveflight_sim/cmake/hiveflight_ros2_adapterTargetsExport.cmake\n'}
[47.129577] (-) TimerEvent: {}
[47.135834] (hiveflight_sim) StdoutLine: {'line': b'-- Installing: /mnt/c/work/ubuntu_work/HiveFlight/ros2_ws/install/share/hiveflight_sim/cmake/hiveflight_ros2_adapterTargetsExport-noconfig.cmake\n'}
[47.185867] (hiveflight_sim) StdoutLine: {'line': b'-- Installing: /mnt/c/work/ubuntu_work/HiveFlight/ros2_ws/install/share/hiveflight_sim/cmake/ament_cmake_export_targets-extras.cmake\n'}
[47.229667] (-) TimerEvent: {}
[47.233354] (hiveflight_sim) StdoutLine: {'line': b'-- Installing: /mnt/c/work/ubuntu_work/HiveFlight/ros2_ws/install/share/hiveflight_sim/cmake/ament_cmake_export_dependencies-extras.cmake\n'}
[47.275512] (hiveflight_sim) StdoutLine: {'line': b'-- Installing: /mnt/c/work/ubuntu_work/HiveFlight/ros2_ws/install/share/hiveflight_sim/cmake/hiveflight_simConfig.cmake\n'}
[47.316327] (hiveflight_sim) StdoutLine: {'line': b'-- Installing: /mnt/c/work/ubuntu_work/HiveFlight/ros2_ws/install/share/hiveflight_sim/cmake/hiveflight_simConfig-version.cmake\n'}
[47.329762] (-) TimerEvent: {}
[47.359568] (hiveflight_sim) StdoutLine: {'line': b'-- Installing: /mnt/c/work/ubuntu_work/HiveFlight/ros2_ws/install/share/hiveflight_sim/package.xml\n'}
[47.395739] (hiveflight_sim) CommandEnded: {'returncode': 0}
[47.429839] (-) TimerEvent: {}
[47.530237] (-) TimerEvent: {}
[47.630666] (-) TimerEvent: {}
[47.730983] (-) TimerEvent: {}
[47.831342] (-) TimerEvent: {}
[47.931780] (-) TimerEvent: {}
[48.032214] (-) TimerEvent: {}
[48.059585] (hiveflight_sim) JobEnded: {'identifier': 'hiveflight_sim', 'rc': 0}
[48.066784] (hiveflight_sim_node) JobStarted: {'identifier': 'hiveflight_sim_node'}
[48.132311] (-) TimerEvent: {}
[48.232780] (-) TimerEvent: {}
[48.268431] (hiveflight_sim_node) JobProgress: {'identifier': 'hiveflight_sim_node', 'progress': 'cmake'}
[48.299613] (hiveflight_sim_node) Command: {'cmd': ['/usr/bin/cmake', '/mnt/c/work/ubuntu_work/HiveFlight/ros2_ws/src/hiveflight_sim_node', '-DCMAKE_INSTALL_PREFIX=/mnt/c/work/ubuntu_work/HiveFlight/ros2_ws/install'], 'cwd': '/mnt/c/work/ubuntu_work/HiveFlight/ros2_ws/build/hiveflight_sim_node', 'env': OrderedDict([('LESSOPEN', '| /usr/bin/lesspipe %s'), ('USER', 'ivano'), ('SHLVL', '2'), ('LD_LIBRARY_PATH', '/mnt/c/work/ubuntu_work/HiveFlight/ros2_ws/install/lib:/usr/lib/x86_64-linux-gnu/gazebo-11/plugins:/opt/ros/humble/opt/rviz_ogre_vendor/lib:/opt/ros/humble/lib/x86_64-linux-gnu:/opt/ros/humble/lib'), ('MOTD_SHOWN', 'update-motd'), ('HOME', '/home/ivano'), ('OLDPWD', '/mnt/c/work/ubuntu_work/HiveFlight'), ('ROS_PYTHON_VERSION', '3'), ('DBUS_SESSION_BUS_ADDRESS', 'unix:path=/run/user/1000/bus'), ('WSL_DISTRO_NAME', 'Ubuntu-22.04'), ('WAYLAND_DISPLAY', 'wayland-0'), ('ROS_DISTRO', 'humble'), ('LOGNAME', 'ivano'), ('NAME', 'LAPTOP-7K9MEH4D'), ('WSL_INTEROP', '/run/WSL/322_interop'), ('PULSE_SERVER', 'unix:/mnt/wslg/PulseServer'), ('_', '/usr/bin/colcon'), ('ROS_VERSION', '2'), ('TERM', 'xterm-256color'), ('ROS_LOCALHOST_ONLY', '0'), ('PATH', '/opt/ros/humble/bin:/usr/local/sbin:/usr/local/bin:/usr/sbin:/usr/bin:/sbin:/bin:/usr/games:/usr/local/games:/usr/lib/wsl/lib:/mnt/c/Users/ivano/AppData/Roaming/Code/User/globalStorage/github.copilot-chat/debugCommand:/mnt/c/Users/ivano/AppData/Roaming/Code/User/globalStorage/github.copilot-chat/copilotCli:/mnt/c/windows/system32:/mnt/c/windows:/mnt/c/windows/System32/Wbem:/mnt/c/windows/System32/WindowsPowerShell/v1.0/:/mnt/c/windows/System32/OpenSSH/:/mnt/c/Program Files/HP/1E.Performance.Assist/Extensibility/NomadBranch:/mnt/c/Program Files/CMake/bin:/mnt/c/Program Files (x86)/Windows Kits/10/Windows Performance Toolkit/:/mnt/c/Program Files/Git/cmd:/mnt/c/windows/system32:/mnt/c/windows:/mnt/c/windows/System32/Wbem:/mnt/c/windows/System32/WindowsPowerShell/v1.0/:/mnt/c/windows/System32/OpenSSH/:/mnt/c/Program Files/HP/1E.Performance.Assist/Extensibility/NomadBranch:/mnt/c/Program Files/CMake/bin:/mnt/c/Program Files (x86)/Windows Kits/10/Windows Performance Toolkit/:/mnt/c/Program Files/Git/cmd:/mnt/c/vcpkg:/mnt/c/Users/ivano/AppData/Local/Programs/Microsoft VS Code/bin:/snap/bin'), ('XDG_RUNTIME_DIR', '/run/user/1000'), ('DISPLAY', ':0'), ('LANG', 'C.UTF-8'), ('LS_COLORS', 'rs=0:di=01;34:ln=01;36:mh=00:pi=40;33:so=01;35:do=01;35:bd=40;33;01:cd=40;33;01:or=40;31;01:mi=00:su=37;41:sg=30;43:ca=30;41:tw=30;42:ow=34;42:st=37;44:ex=01;32:*.tar=01;31:*.tgz=01;31:*.arc=01;31:*.arj=01;31:*.taz=01;31:*.lha=01;31:*.lz4=01;31:*.lzh=01;31:*.lzma=01;31:*.tlz=01;31:*.txz=01;31:*.tzo=01;31:*.t7z=01;31:*.zip=01;31:*.z=01;31:*.dz=01;31:*.gz=01;31:*.lrz=01;31:*.lz=01;31:*.lzo=01;31:*.xz=01;31:*.zst=01;31:*.tzst=01;31:*.bz2=01;31:*.bz=01;31:*.tbz=01;31:*.tbz2=01;31:*.tz=01;31:*.deb=01;31:*.rpm=01;31:*.jar=01;31:*.war=01;31:*.ear=01;31:*.sar=01;31:*.rar=01;31:*.alz=01;31:*.ace=01;31:*.zoo=01;31:*.cpio=01;31:*.7z=01;31:*.rz=01;31:*.cab=01;31:*.wim=01;31:*.swm=01;31:*.dwm=01;31:*.esd=01;31:*.jpg=01;35:*.jpeg=01;35:*.mjpg=01;35:*.mjpeg=01;35:*.gif=01;35:*.bmp=01;35:*.pbm=01;35:*.pgm=01;35:*.ppm=01;35:*.tga=01;35:*.xbm=01;35:*.xpm=01;35:*.tif=01;35:*.tiff=01;35:*.png=01;35:*.svg=01;35:*.svgz=01;35:*.mng=01;35:*.pcx=01;35:*.mov=01;35:*.mpg=01;35:*.mpeg=01;35:*.m2v=01;35:*.mkv=01;35:*.webm=01;35:*.webp=01;35:*.ogm=01;35:*.mp4=01;35:*.m4v=01;35:*.mp4v=01;35:*.vob=01;35:*.qt=01;35:*.nuv=01;35:*.wmv=01;35:*.asf=01;35:*.rm=01;35:*.rmvb=01;35:*.flc=01;35:*.avi=01;35:*.fli=01;35:*.flv=01;35:*.gl=01;35:*.dl=01;35:*.xcf=01;35:*.xwd=01;35:*.yuv=01;35:*.cgm=01;35:*.emf=01;35:*.ogv=01;35:*.ogx=01;35:*.aac=00;36:*.au=00;36:*.flac=00;36:*.m4a=00;36:*.mid=00;36:*.midi=00;36:*.mka=00;36:*.mp3=00;36:*.mpc=00;36:*.ogg=00;36:*.ra=00;36:*.wav=00;36:*.oga=00;36:*.opus=00;36:*.spx=00;36:*.xspf=00;36:'), ('AMENT_PREFIX_PATH', '/mnt/c/work/ubuntu_work/HiveFlight/ros2_ws/install:/opt/ros/humble'), ('SHELL', '/bin/bash'), ('LESSCLOSE', '/usr/bin/lesspipe %s %s'), ('PWD', '/mnt/c/work/ubuntu_work/HiveFlight/ros2_ws/build/hiveflight_sim_node'), ('XDG_DATA_DIRS', '/usr/local/share:/usr/share:/var/lib/snapd/desktop'), ('PYTHONPATH', '/mnt/c/work/ubuntu_work/HiveFlight/ros2_ws/install/local/lib/python3.10/dist-packages:/opt/ros/humble/lib/python3.10/site-packages:/opt/ros/humble/local/lib/python3.10/dist-packages'), ('COLCON', '1'), ('WSL2_GUI_APPS_ENABLED', '1'), ('HOSTTYPE', 'x86_64'), ('WSLENV', ''), ('CMAKE_PREFIX_PATH', '/mnt/c/work/ubuntu_work/HiveFlight/ros2_ws/install:/opt/ros/humble')]), 'shell': False}
[48.332853] (-) TimerEvent: {}
[48.433257] (-) TimerEvent: {}
[48.533788] (-) TimerEvent: {}
[48.634234] (-) TimerEvent: {}
[48.734738] (-) TimerEvent: {}
[48.751866] (hiveflight_sim_node) StdoutLine: {'line': b'-- The C compiler identification is GNU 11.4.0\n'}
[48.834892] (-) TimerEvent: {}
[48.935404] (-) TimerEvent: {}
[49.036007] (-) TimerEvent: {}
[49.136608] (-) TimerEvent: {}
[49.237113] (-) TimerEvent: {}
[49.289561] (hiveflight_sim_node) StdoutLine: {'line': b'-- The CXX compiler identification is GNU 11.4.0\n'}
[49.337167] (-) TimerEvent: {}
[49.437618] (-) TimerEvent: {}
[49.514157] (hiveflight_sim_node) StdoutLine: {'line': b'-- Detecting C compiler ABI info\n'}
[49.537682] (-) TimerEvent: {}
[49.638193] (-) TimerEvent: {}
[49.738705] (-) TimerEvent: {}
[49.839251] (-) TimerEvent: {}
[49.939776] (-) TimerEvent: {}
[50.040311] (-) TimerEvent: {}
[50.140831] (-) TimerEvent: {}
[50.241327] (-) TimerEvent: {}
[50.284512] (hiveflight_sim_node) StdoutLine: {'line': b'-- Detecting C compiler ABI info - done\n'}
[50.301988] (hiveflight_sim_node) StdoutLine: {'line': b'-- Check for working C compiler: /usr/bin/cc - skipped\n'}
[50.302726] (hiveflight_sim_node) StdoutLine: {'line': b'-- Detecting C compile features\n'}
[50.303734] (hiveflight_sim_node) StdoutLine: {'line': b'-- Detecting C compile features - done\n'}
[50.341415] (-) TimerEvent: {}
[50.342208] (hiveflight_sim_node) StdoutLine: {'line': b'-- Detecting CXX compiler ABI info\n'}
[50.441577] (-) TimerEvent: {}
[50.542184] (-) TimerEvent: {}
[50.642821] (-) TimerEvent: {}
[50.743330] (-) TimerEvent: {}
[50.843876] (-) TimerEvent: {}
[50.944366] (-) TimerEvent: {}
[51.045341] (-) TimerEvent: {}
[51.114788] (hiveflight_sim_node) StdoutLine: {'line': b'-- Detecting CXX compiler ABI info - done\n'}
[51.133437] (hiveflight_sim_node) StdoutLine: {'line': b'-- Check for working CXX compiler: /usr/bin/c++ - skipped\n'}
[51.134274] (hiveflight_sim_node) StdoutLine: {'line': b'-- Detecting CXX compile features\n'}
[51.135042] (hiveflight_sim_node) StdoutLine: {'line': b'-- Detecting CXX compile features - done\n'}
[51.145412] (-) TimerEvent: {}
[51.198515] (hiveflight_sim_node) StdoutLine: {'line': b'-- Found ament_cmake: 1.3.14 (/opt/ros/humble/share/ament_cmake/cmake)\n'}
[51.245573] (-) TimerEvent: {}
[51.346113] (-) TimerEvent: {}
[51.446617] (-) TimerEvent: {}
[51.547071] (-) TimerEvent: {}
[51.647565] (-) TimerEvent: {}
[51.748065] (-) TimerEvent: {}
[51.848569] (-) TimerEvent: {}
[51.858620] (hiveflight_sim_node) StdoutLine: {'line': b'-- Found Python3: /usr/bin/python3 (found version "3.10.12") found components: Interpreter \n'}
[51.948642] (-) TimerEvent: {}
[52.049129] (-) TimerEvent: {}
[52.149672] (-) TimerEvent: {}
[52.250176] (-) TimerEvent: {}
[52.350697] (-) TimerEvent: {}
[52.451176] (-) TimerEvent: {}
[52.526705] (hiveflight_sim_node) StdoutLine: {'line': b'-- Found rclcpp: 16.0.19 (/opt/ros/humble/share/rclcpp/cmake)\n'}
[52.551271] (-) TimerEvent: {}
[52.651687] (-) TimerEvent: {}
[52.752173] (-) TimerEvent: {}
[52.852662] (-) TimerEvent: {}
[52.920147] (hiveflight_sim_node) StdoutLine: {'line': b'-- Found rosidl_generator_c: 3.1.8 (/opt/ros/humble/share/rosidl_generator_c/cmake)\n'}
[52.952745] (-) TimerEvent: {}
[52.976718] (hiveflight_sim_node) StdoutLine: {'line': b'-- Found rosidl_adapter: 3.1.8 (/opt/ros/humble/share/rosidl_adapter/cmake)\n'}
[53.035208] (hiveflight_sim_node) StdoutLine: {'line': b'-- Found rosidl_generator_cpp: 3.1.8 (/opt/ros/humble/share/rosidl_generator_cpp/cmake)\n'}
[53.052835] (-) TimerEvent: {}
[53.098373] (hiveflight_sim_node) StdoutLine: {'line': b'-- Using all available rosidl_typesupport_c: rosidl_typesupport_fastrtps_c;rosidl_typesupport_introspection_c\n'}
[53.152939] (-) TimerEvent: {}
[53.190639] (hiveflight_sim_node) StdoutLine: {'line': b'-- Using all available rosidl_typesupport_cpp: rosidl_typesupport_fastrtps_cpp;rosidl_typesupport_introspection_cpp\n'}
[53.253052] (-) TimerEvent: {}
[53.353573] (-) TimerEvent: {}
[53.454095] (-) TimerEvent: {}
[53.495143] (hiveflight_sim_node) StdoutLine: {'line': b'-- Found rmw_implementation_cmake: 6.1.2 (/opt/ros/humble/share/rmw_implementation_cmake/cmake)\n'}
[53.525861] (hiveflight_sim_node) StdoutLine: {'line': b'-- Found rmw_fastrtps_cpp: 6.2.10 (/opt/ros/humble/share/rmw_fastrtps_cpp/cmake)\n'}
[53.554203] (-) TimerEvent: {}
[53.654674] (-) TimerEvent: {}
[53.755267] (-) TimerEvent: {}
[53.855786] (-) TimerEvent: {}
[53.956358] (-) TimerEvent: {}
[54.056937] (-) TimerEvent: {}
[54.157483] (-) TimerEvent: {}
[54.258042] (-) TimerEvent: {}
[54.358560] (-) TimerEvent: {}
[54.458991] (-) TimerEvent: {}
[54.559502] (-) TimerEvent: {}
[54.660037] (-) TimerEvent: {}
[54.760582] (-) TimerEvent: {}
[54.823186] (hiveflight_sim_node) StdoutLine: {'line': b'-- Found OpenSSL: /usr/lib/x86_64-linux-gnu/libcrypto.so (found version "3.0.2")  \n'}
[54.860702] (-) TimerEvent: {}
[54.961218] (-) TimerEvent: {}
[55.061842] (-) TimerEvent: {}
[55.162598] (-) TimerEvent: {}
[55.263195] (-) TimerEvent: {}
[55.363793] (-) TimerEvent: {}
[55.464297] (-) TimerEvent: {}
[55.562454] (hiveflight_sim_node) StdoutLine: {'line': b'-- Found FastRTPS: /opt/ros/humble/include  \n'}
[55.564354] (-) TimerEvent: {}
[55.664765] (-) TimerEvent: {}
[55.765299] (-) TimerEvent: {}
[55.866004] (-) TimerEvent: {}
[55.966606] (-) TimerEvent: {}
[56.067115] (-) TimerEvent: {}
[56.167632] (-) TimerEvent: {}
[56.268251] (-) TimerEvent: {}
[56.368779] (-) TimerEvent: {}
[56.469285] (-) TimerEvent: {}
[56.569803] (-) TimerEvent: {}
[56.670287] (-) TimerEvent: {}
[56.770800] (-) TimerEvent: {}
[56.871393] (-) TimerEvent: {}
[56.898403] (hiveflight_sim_node) StdoutLine: {'line': b"-- Using RMW implementation 'rmw_fastrtps_cpp' as default\n"}
[56.971502] (-) TimerEvent: {}
[57.009601] (hiveflight_sim_node) StdoutLine: {'line': b'-- Looking for pthread.h\n'}
[57.071585] (-) TimerEvent: {}
[57.172031] (-) TimerEvent: {}
[57.272638] (-) TimerEvent: {}
[57.373167] (-) TimerEvent: {}
[57.473713] (-) TimerEvent: {}
[57.574284] (-) TimerEvent: {}
[57.674978] (-) TimerEvent: {}
[57.760657] (hiveflight_sim_node) StdoutLine: {'line': b'-- Looking for pthread.h - found\n'}
[57.768863] (hiveflight_sim_node) StdoutLine: {'line': b'-- Performing Test CMAKE_HAVE_LIBC_PTHREAD\n'}
[57.775041] (-) TimerEvent: {}
[57.875727] (-) TimerEvent: {}
[57.976241] (-) TimerEvent: {}
[58.076729] (-) TimerEvent: {}
[58.177279] (-) TimerEvent: {}
[58.277974] (-) TimerEvent: {}
[58.378571] (-) TimerEvent: {}
[58.479170] (-) TimerEvent: {}
[58.509605] (hiveflight_sim_node) StdoutLine: {'line': b'-- Performing Test CMAKE_HAVE_LIBC_PTHREAD - Success\n'}
[58.514797] (hiveflight_sim_node) StdoutLine: {'line': b'-- Found Threads: TRUE  \n'}
[58.579362] (-) TimerEvent: {}
[58.680210] (-) TimerEvent: {}
[58.702790] (hiveflight_sim_node) StdoutLine: {'line': b'-- Found hiveflight_interfaces: 0.0.1 (/mnt/c/work/ubuntu_work/HiveFlight/ros2_ws/install/share/hiveflight_interfaces/cmake)\n'}
[58.780323] (-) TimerEvent: {}
[58.880942] (-) TimerEvent: {}
[58.981610] (-) TimerEvent: {}
[59.082294] (-) TimerEvent: {}
[59.122423] (hiveflight_sim_node) StdoutLine: {'line': b'-- Found hiveflight_sim: 0.0.1 (/mnt/c/work/ubuntu_work/HiveFlight/ros2_ws/install/share/hiveflight_sim/cmake)\n'}
[59.182417] (-) TimerEvent: {}
[59.282893] (-) TimerEvent: {}
[59.383325] (-) TimerEvent: {}
[59.483899] (-) TimerEvent: {}
[59.584379] (-) TimerEvent: {}
[59.622701] (hiveflight_sim_node) StdoutLine: {'line': b'-- Configuring done\n'}
[59.684515] (-) TimerEvent: {}
[59.785169] (-) TimerEvent: {}
[59.885789] (-) TimerEvent: {}
[59.986411] (-) TimerEvent: {}
[60.017872] (hiveflight_sim_node) StdoutLine: {'line': b'-- Generating done\n'}
[60.086540] (-) TimerEvent: {}
[60.187045] (-) TimerEvent: {}
[60.194465] (hiveflight_sim_node) StdoutLine: {'line': b'-- Build files have been written to: /mnt/c/work/ubuntu_work/HiveFlight/ros2_ws/build/hiveflight_sim_node\n'}
[60.202472] (hiveflight_sim_node) CommandEnded: {'returncode': 0}
[60.212619] (hiveflight_sim_node) JobProgress: {'identifier': 'hiveflight_sim_node', 'progress': 'build'}
[60.215782] (hiveflight_sim_node) Command: {'cmd': ['/usr/bin/cmake', '--build', '/mnt/c/work/ubuntu_work/HiveFlight/ros2_ws/build/hiveflight_sim_node', '--', '-j16', '-l16'], 'cwd': '/mnt/c/work/ubuntu_work/HiveFlight/ros2_ws/build/hiveflight_sim_node', 'env': OrderedDict([('LESSOPEN', '| /usr/bin/lesspipe %s'), ('USER', 'ivano'), ('SHLVL', '2'), ('LD_LIBRARY_PATH', '/mnt/c/work/ubuntu_work/HiveFlight/ros2_ws/install/lib:/usr/lib/x86_64-linux-gnu/gazebo-11/plugins:/opt/ros/humble/opt/rviz_ogre_vendor/lib:/opt/ros/humble/lib/x86_64-linux-gnu:/opt/ros/humble/lib'), ('MOTD_SHOWN', 'update-motd'), ('HOME', '/home/ivano'), ('OLDPWD', '/mnt/c/work/ubuntu_work/HiveFlight'), ('ROS_PYTHON_VERSION', '3'), ('DBUS_SESSION_BUS_ADDRESS', 'unix:path=/run/user/1000/bus'), ('WSL_DISTRO_NAME', 'Ubuntu-22.04'), ('WAYLAND_DISPLAY', 'wayland-0'), ('ROS_DISTRO', 'humble'), ('LOGNAME', 'ivano'), ('NAME', 'LAPTOP-7K9MEH4D'), ('WSL_INTEROP', '/run/WSL/322_interop'), ('PULSE_SERVER', 'unix:/mnt/wslg/PulseServer'), ('_', '/usr/bin/colcon'), ('ROS_VERSION', '2'), ('TERM', 'xterm-256color'), ('ROS_LOCALHOST_ONLY', '0'), ('PATH', '/opt/ros/humble/bin:/usr/local/sbin:/usr/local/bin:/usr/sbin:/usr/bin:/sbin:/bin:/usr/games:/usr/local/games:/usr/lib/wsl/lib:/mnt/c/Users/ivano/AppData/Roaming/Code/User/globalStorage/github.copilot-chat/debugCommand:/mnt/c/Users/ivano/AppData/Roaming/Code/User/globalStorage/github.copilot-chat/copilotCli:/mnt/c/windows/system32:/mnt/c/windows:/mnt/c/windows/System32/Wbem:/mnt/c/windows/System32/WindowsPowerShell/v1.0/:/mnt/c/windows/System32/OpenSSH/:/mnt/c/Program Files/HP/1E.Performance.Assist/Extensibility/NomadBranch:/mnt/c/Program Files/CMake/bin:/mnt/c/Program Files (x86)/Windows Kits/10/Windows Performance Toolkit/:/mnt/c/Program Files/Git/cmd:/mnt/c/windows/system32:/mnt/c/windows:/mnt/c/windows/System32/Wbem:/mnt/c/windows/System32/WindowsPowerShell/v1.0/:/mnt/c/windows/System32/OpenSSH/:/mnt/c/Program Files/HP/1E.Performance.Assist/Extensibility/NomadBranch:/mnt/c/Program Files/CMake/bin:/mnt/c/Program Files (x86)/Windows Kits/10/Windows Performance Toolkit/:/mnt/c/Program Files/Git/cmd:/mnt/c/vcpkg:/mnt/c/Users/ivano/AppData/Local/Programs/Microsoft VS Code/bin:/snap/bin'), ('XDG_RUNTIME_DIR', '/run/user/1000'), ('DISPLAY', ':0'), ('LANG', 'C.UTF-8'), ('LS_COLORS', 'rs=0:di=01;34:ln=01;36:mh=00:pi=40;33:so=01;35:do=01;35:bd=40;33;01:cd=40;33;01:or=40;31;01:mi=00:su=37;41:sg=30;43:ca=30;41:tw=30;42:ow=34;42:st=37;44:ex=01;32:*.tar=01;31:*.tgz=01;31:*.arc=01;31:*.arj=01;31:*.taz=01;31:*.lha=01;31:*.lz4=01;31:*.lzh=01;31:*.lzma=01;31:*.tlz=01;31:*.txz=01;31:*.tzo=01;31:*.t7z=01;31:*.zip=01;31:*.z=01;31:*.dz=01;31:*.gz=01;31:*.lrz=01;31:*.lz=01;31:*.lzo=01;31:*.xz=01;31:*.zst=01;31:*.tzst=01;31:*.bz2=01;31:*.bz=01;31:*.tbz=01;31:*.tbz2=01;31:*.tz=01;31:*.deb=01;31:*.rpm=01;31:*.jar=01;31:*.war=01;31:*.ear=01;31:*.sar=01;31:*.rar=01;31:*.alz=01;31:*.ace=01;31:*.zoo=01;31:*.cpio=01;31:*.7z=01;31:*.rz=01;31:*.cab=01;31:*.wim=01;31:*.swm=01;31:*.dwm=01;31:*.esd=01;31:*.jpg=01;35:*.jpeg=01;35:*.mjpg=01;35:*.mjpeg=01;35:*.gif=01;35:*.bmp=01;35:*.pbm=01;35:*.pgm=01;35:*.ppm=01;35:*.tga=01;35:*.xbm=01;35:*.xpm=01;35:*.tif=01;35:*.tiff=01;35:*.png=01;35:*.svg=01;35:*.svgz=01;35:*.mng=01;35:*.pcx=01;35:*.mov=01;35:*.mpg=01;35:*.mpeg=01;35:*.m2v=01;35:*.mkv=01;35:*.webm=01;35:*.webp=01;35:*.ogm=01;35:*.mp4=01;35:*.m4v=01;35:*.mp4v=01;35:*.vob=01;35:*.qt=01;35:*.nuv=01;35:*.wmv=01;35:*.asf=01;35:*.rm=01;35:*.rmvb=01;35:*.flc=01;35:*.avi=01;35:*.fli=01;35:*.flv=01;35:*.gl=01;35:*.dl=01;35:*.xcf=01;35:*.xwd=01;35:*.yuv=01;35:*.cgm=01;35:*.emf=01;35:*.ogv=01;35:*.ogx=01;35:*.aac=00;36:*.au=00;36:*.flac=00;36:*.m4a=00;36:*.mid=00;36:*.midi=00;36:*.mka=00;36:*.mp3=00;36:*.mpc=00;36:*.ogg=00;36:*.ra=00;36:*.wav=00;36:*.oga=00;36:*.opus=00;36:*.spx=00;36:*.xspf=00;36:'), ('AMENT_PREFIX_PATH', '/mnt/c/work/ubuntu_work/HiveFlight/ros2_ws/install:/opt/ros/humble'), ('SHELL', '/bin/bash'), ('LESSCLOSE', '/usr/bin/lesspipe %s %s'), ('PWD', '/mnt/c/work/ubuntu_work/HiveFlight/ros2_ws/build/hiveflight_sim_node'), ('XDG_DATA_DIRS', '/usr/local/share:/usr/share:/var/lib/snapd/desktop'), ('PYTHONPATH', '/mnt/c/work/ubuntu_work/HiveFlight/ros2_ws/install/local/lib/python3.10/dist-packages:/opt/ros/humble/lib/python3.10/site-packages:/opt/ros/humble/local/lib/python3.10/dist-packages'), ('COLCON', '1'), ('WSL2_GUI_APPS_ENABLED', '1'), ('HOSTTYPE', 'x86_64'), ('WSLENV', ''), ('CMAKE_PREFIX_PATH', '/mnt/c/work/ubuntu_work/HiveFlight/ros2_ws/install:/opt/ros/humble')]), 'shell': False}
[60.287158] (-) TimerEvent: {}
[60.387672] (-) TimerEvent: {}
[60.488177] (-) TimerEvent: {}
[60.588795] (-) TimerEvent: {}
[60.689391] (-) TimerEvent: {}
[60.752396] (hiveflight_sim_node) StdoutLine: {'line': b'[ 50%] \x1b[32mBuilding CXX object CMakeFiles/simulation_node.dir/src/simulation_node.cpp.o\x1b[0m\n'}
[60.789515] (-) TimerEvent: {}
[60.890156] (-) TimerEvent: {}
[60.990672] (-) TimerEvent: {}
[61.091312] (-) TimerEvent: {}
[61.191837] (-) TimerEvent: {}
[61.292349] (-) TimerEvent: {}
[61.392837] (-) TimerEvent: {}
[61.493570] (-) TimerEvent: {}
[61.594072] (-) TimerEvent: {}
[61.694589] (-) TimerEvent: {}
[61.795040] (-) TimerEvent: {}
[61.895547] (-) TimerEvent: {}
[61.996077] (-) TimerEvent: {}
[62.096591] (-) TimerEvent: {}
[62.197141] (-) TimerEvent: {}
[62.297700] (-) TimerEvent: {}
[62.398280] (-) TimerEvent: {}
[62.498826] (-) TimerEvent: {}
[62.599328] (-) TimerEvent: {}
[62.699800] (-) TimerEvent: {}
[62.800295] (-) TimerEvent: {}
[62.900828] (-) TimerEvent: {}
[63.001328] (-) TimerEvent: {}
[63.101864] (-) TimerEvent: {}
[63.202300] (-) TimerEvent: {}
[63.302870] (-) TimerEvent: {}
[63.403387] (-) TimerEvent: {}
[63.503851] (-) TimerEvent: {}
[63.604277] (-) TimerEvent: {}
[63.704728] (-) TimerEvent: {}
[63.805276] (-) TimerEvent: {}
[63.905786] (-) TimerEvent: {}
[64.006318] (-) TimerEvent: {}
[64.106769] (-) TimerEvent: {}
[64.207245] (-) TimerEvent: {}
[64.307740] (-) TimerEvent: {}
[64.408204] (-) TimerEvent: {}
[64.508599] (-) TimerEvent: {}
[64.609082] (-) TimerEvent: {}
[64.709642] (-) TimerEvent: {}
[64.810308] (-) TimerEvent: {}
[64.910806] (-) TimerEvent: {}
[65.011319] (-) TimerEvent: {}
[65.111886] (-) TimerEvent: {}
[65.212405] (-) TimerEvent: {}
[65.312966] (-) TimerEvent: {}
[65.413521] (-) TimerEvent: {}
[65.514013] (-) TimerEvent: {}
[65.614451] (-) TimerEvent: {}
[65.714968] (-) TimerEvent: {}
[65.815485] (-) TimerEvent: {}
[65.915994] (-) TimerEvent: {}
[66.016413] (-) TimerEvent: {}
[66.116814] (-) TimerEvent: {}
[66.217302] (-) TimerEvent: {}
[66.317874] (-) TimerEvent: {}
[66.418353] (-) TimerEvent: {}
[66.518785] (-) TimerEvent: {}
[66.619401] (-) TimerEvent: {}
[66.719918] (-) TimerEvent: {}
[66.820470] (-) TimerEvent: {}
[66.921652] (-) TimerEvent: {}
[67.022654] (-) TimerEvent: {}
[67.123672] (-) TimerEvent: {}
[67.224973] (-) TimerEvent: {}
[67.326220] (-) TimerEvent: {}
[67.427177] (-) TimerEvent: {}
[67.528443] (-) TimerEvent: {}
[67.629765] (-) TimerEvent: {}
[67.730973] (-) TimerEvent: {}
[67.832203] (-) TimerEvent: {}
[67.933379] (-) TimerEvent: {}
[68.034352] (-) TimerEvent: {}
[68.135329] (-) TimerEvent: {}
[68.236522] (-) TimerEvent: {}
[68.337821] (-) TimerEvent: {}
[68.439103] (-) TimerEvent: {}
[68.540260] (-) TimerEvent: {}
[68.641440] (-) TimerEvent: {}
[68.742599] (-) TimerEvent: {}
[68.843851] (-) TimerEvent: {}
[68.944750] (-) TimerEvent: {}
[69.045777] (-) TimerEvent: {}
[69.146995] (-) TimerEvent: {}
[69.248142] (-) TimerEvent: {}
[69.349177] (-) TimerEvent: {}
[69.449852] (-) TimerEvent: {}
[69.550336] (-) TimerEvent: {}
[69.650708] (-) TimerEvent: {}
[69.751176] (-) TimerEvent: {}
[69.774353] (hiveflight_sim_node) StdoutLine: {'line': b'[100%] \x1b[32m\x1b[1mLinking CXX executable simulation_node\x1b[0m\n'}
[69.851305] (-) TimerEvent: {}
[69.951796] (-) TimerEvent: {}
[70.052356] (-) TimerEvent: {}
[70.152943] (-) TimerEvent: {}
[70.253529] (-) TimerEvent: {}
[70.354136] (-) TimerEvent: {}
[70.454655] (-) TimerEvent: {}
[70.555233] (-) TimerEvent: {}
[70.655763] (-) TimerEvent: {}
[70.756306] (-) TimerEvent: {}
[70.857472] (-) TimerEvent: {}
[70.958008] (-) TimerEvent: {}
[71.058487] (-) TimerEvent: {}
[71.159001] (-) TimerEvent: {}
[71.259552] (-) TimerEvent: {}
[71.360183] (-) TimerEvent: {}
[71.460688] (-) TimerEvent: {}
[71.561158] (-) TimerEvent: {}
[71.661873] (-) TimerEvent: {}
[71.762318] (-) TimerEvent: {}
[71.862807] (-) TimerEvent: {}
[71.963426] (-) TimerEvent: {}
[72.063913] (-) TimerEvent: {}
[72.164456] (-) TimerEvent: {}
[72.264847] (-) TimerEvent: {}
[72.365349] (-) TimerEvent: {}
[72.465919] (-) TimerEvent: {}
[72.566468] (-) TimerEvent: {}
[72.608937] (hiveflight_sim_node) StdoutLine: {'line': b'[100%] Built target simulation_node\n'}
[72.666554] (-) TimerEvent: {}
[72.680979] (hiveflight_sim_node) CommandEnded: {'returncode': 0}
[72.695328] (hiveflight_sim_node) JobProgress: {'identifier': 'hiveflight_sim_node', 'progress': 'install'}
[72.700758] (hiveflight_sim_node) Command: {'cmd': ['/usr/bin/cmake', '--install', '/mnt/c/work/ubuntu_work/HiveFlight/ros2_ws/build/hiveflight_sim_node'], 'cwd': '/mnt/c/work/ubuntu_work/HiveFlight/ros2_ws/build/hiveflight_sim_node', 'env': OrderedDict([('LESSOPEN', '| /usr/bin/lesspipe %s'), ('USER', 'ivano'), ('SHLVL', '2'), ('LD_LIBRARY_PATH', '/mnt/c/work/ubuntu_work/HiveFlight/ros2_ws/install/lib:/usr/lib/x86_64-linux-gnu/gazebo-11/plugins:/opt/ros/humble/opt/rviz_ogre_vendor/lib:/opt/ros/humble/lib/x86_64-linux-gnu:/opt/ros/humble/lib'), ('MOTD_SHOWN', 'update-motd'), ('HOME', '/home/ivano'), ('OLDPWD', '/mnt/c/work/ubuntu_work/HiveFlight'), ('ROS_PYTHON_VERSION', '3'), ('DBUS_SESSION_BUS_ADDRESS', 'unix:path=/run/user/1000/bus'), ('WSL_DISTRO_NAME', 'Ubuntu-22.04'), ('WAYLAND_DISPLAY', 'wayland-0'), ('ROS_DISTRO', 'humble'), ('LOGNAME', 'ivano'), ('NAME', 'LAPTOP-7K9MEH4D'), ('WSL_INTEROP', '/run/WSL/322_interop'), ('PULSE_SERVER', 'unix:/mnt/wslg/PulseServer'), ('_', '/usr/bin/colcon'), ('ROS_VERSION', '2'), ('TERM', 'xterm-256color'), ('ROS_LOCALHOST_ONLY', '0'), ('PATH', '/opt/ros/humble/bin:/usr/local/sbin:/usr/local/bin:/usr/sbin:/usr/bin:/sbin:/bin:/usr/games:/usr/local/games:/usr/lib/wsl/lib:/mnt/c/Users/ivano/AppData/Roaming/Code/User/globalStorage/github.copilot-chat/debugCommand:/mnt/c/Users/ivano/AppData/Roaming/Code/User/globalStorage/github.copilot-chat/copilotCli:/mnt/c/windows/system32:/mnt/c/windows:/mnt/c/windows/System32/Wbem:/mnt/c/windows/System32/WindowsPowerShell/v1.0/:/mnt/c/windows/System32/OpenSSH/:/mnt/c/Program Files/HP/1E.Performance.Assist/Extensibility/NomadBranch:/mnt/c/Program Files/CMake/bin:/mnt/c/Program Files (x86)/Windows Kits/10/Windows Performance Toolkit/:/mnt/c/Program Files/Git/cmd:/mnt/c/windows/system32:/mnt/c/windows:/mnt/c/windows/System32/Wbem:/mnt/c/windows/System32/WindowsPowerShell/v1.0/:/mnt/c/windows/System32/OpenSSH/:/mnt/c/Program Files/HP/1E.Performance.Assist/Extensibility/NomadBranch:/mnt/c/Program Files/CMake/bin:/mnt/c/Program Files (x86)/Windows Kits/10/Windows Performance Toolkit/:/mnt/c/Program Files/Git/cmd:/mnt/c/vcpkg:/mnt/c/Users/ivano/AppData/Local/Programs/Microsoft VS Code/bin:/snap/bin'), ('XDG_RUNTIME_DIR', '/run/user/1000'), ('DISPLAY', ':0'), ('LANG', 'C.UTF-8'), ('LS_COLORS', 'rs=0:di=01;34:ln=01;36:mh=00:pi=40;33:so=01;35:do=01;35:bd=40;33;01:cd=40;33;01:or=40;31;01:mi=00:su=37;41:sg=30;43:ca=30;41:tw=30;42:ow=34;42:st=37;44:ex=01;32:*.tar=01;31:*.tgz=01;31:*.arc=01;31:*.arj=01;31:*.taz=01;31:*.lha=01;31:*.lz4=01;31:*.lzh=01;31:*.lzma=01;31:*.tlz=01;31:*.txz=01;31:*.tzo=01;31:*.t7z=01;31:*.zip=01;31:*.z=01;31:*.dz=01;31:*.gz=01;31:*.lrz=01;31:*.lz=01;31:*.lzo=01;31:*.xz=01;31:*.zst=01;31:*.tzst=01;31:*.bz2=01;31:*.bz=01;31:*.tbz=01;31:*.tbz2=01;31:*.tz=01;31:*.deb=01;31:*.rpm=01;31:*.jar=01;31:*.war=01;31:*.ear=01;31:*.sar=01;31:*.rar=01;31:*.alz=01;31:*.ace=01;31:*.zoo=01;31:*.cpio=01;31:*.7z=01;31:*.rz=01;31:*.cab=01;31:*.wim=01;31:*.swm=01;31:*.dwm=01;31:*.esd=01;31:*.jpg=01;35:*.jpeg=01;35:*.mjpg=01;35:*.mjpeg=01;35:*.gif=01;35:*.bmp=01;35:*.pbm=01;35:*.pgm=01;35:*.ppm=01;35:*.tga=01;35:*.xbm=01;35:*.xpm=01;35:*.tif=01;35:*.tiff=01;35:*.png=01;35:*.svg=01;35:*.svgz=01;35:*.mng=01;35:*.pcx=01;35:*.mov=01;35:*.mpg=01;35:*.mpeg=01;35:*.m2v=01;35:*.mkv=01;35:*.webm=01;35:*.webp=01;35:*.ogm=01;35:*.mp4=01;35:*.m4v=01;35:*.mp4v=01;35:*.vob=01;35:*.qt=01;35:*.nuv=01;35:*.wmv=01;35:*.asf=01;35:*.rm=01;35:*.rmvb=01;35:*.flc=01;35:*.avi=01;35:*.fli=01;35:*.flv=01;35:*.gl=01;35:*.dl=01;35:*.xcf=01;35:*.xwd=01;35:*.yuv=01;35:*.cgm=01;35:*.emf=01;35:*.ogv=01;35:*.ogx=01;35:*.aac=00;36:*.au=00;36:*.flac=00;36:*.m4a=00;36:*.mid=00;36:*.midi=00;36:*.mka=00;36:*.mp3=00;36:*.mpc=00;36:*.ogg=00;36:*.ra=00;36:*.wav=00;36:*.oga=00;36:*.opus=00;36:*.spx=00;36:*.xspf=00;36:'), ('AMENT_PREFIX_PATH', '/mnt/c/work/ubuntu_work/HiveFlight/ros2_ws/install:/opt/ros/humble'), ('SHELL', '/bin/bash'), ('LESSCLOSE', '/usr/bin/lesspipe %s %s'), ('PWD', '/mnt/c/work/ubuntu_work/HiveFlight/ros2_ws/build/hiveflight_sim_node'), ('XDG_DATA_DIRS', '/usr/local/share:/usr/share:/var/lib/snapd/desktop'), ('PYTHONPATH', '/mnt/c/work/ubuntu_work/HiveFlight/ros2_ws/install/local/lib/python3.10/dist-packages:/opt/ros/humble/lib/python3.10/site-packages:/opt/ros/humble/local/lib/python3.10/dist-packages'), ('COLCON', '1'), ('WSL2_GUI_APPS_ENABLED', '1'), ('HOSTTYPE', 'x86_64'), ('WSLENV', ''), ('CMAKE_PREFIX_PATH', '/mnt/c/work/ubuntu_work/HiveFlight/ros2_ws/install:/opt/ros/humble')]), 'shell': False}
[72.762594] (hiveflight_sim_node) StdoutLine: {'line': b'-- Install configuration: ""\n'}
[72.766633] (-) TimerEvent: {}
[72.774113] (hiveflight_sim_node) StdoutLine: {'line': b'-- Installing: /mnt/c/work/ubuntu_work/HiveFlight/ros2_ws/install/lib/hiveflight_sim_node/simulation_node\n'}
[72.866776] (-) TimerEvent: {}
[72.967268] (-) TimerEvent: {}
[73.003008] (hiveflight_sim_node) StdoutLine: {'line': b'-- Set runtime path of "/mnt/c/work/ubuntu_work/HiveFlight/ros2_ws/install/lib/hiveflight_sim_node/simulation_node" to ""\n'}
[73.009327] (hiveflight_sim_node) StdoutLine: {'line': b'-- Installing: /mnt/c/work/ubuntu_work/HiveFlight/ros2_ws/install/share/hiveflight_sim_node/launch\n'}
[73.028937] (hiveflight_sim_node) StdoutLine: {'line': b'-- Installing: /mnt/c/work/ubuntu_work/HiveFlight/ros2_ws/install/share/hiveflight_sim_node/launch/hiveflight.launch.py\n'}
[73.067362] (-) TimerEvent: {}
[73.083140] (hiveflight_sim_node) StdoutLine: {'line': b'-- Installing: /mnt/c/work/ubuntu_work/HiveFlight/ros2_ws/install/share/ament_index/resource_index/package_run_dependencies/hiveflight_sim_node\n'}
[73.149326] (hiveflight_sim_node) StdoutLine: {'line': b'-- Installing: /mnt/c/work/ubuntu_work/HiveFlight/ros2_ws/install/share/ament_index/resource_index/parent_prefix_path/hiveflight_sim_node\n'}
[73.167422] (-) TimerEvent: {}
[73.206903] (hiveflight_sim_node) StdoutLine: {'line': b'-- Installing: /mnt/c/work/ubuntu_work/HiveFlight/ros2_ws/install/share/hiveflight_sim_node/environment/ament_prefix_path.sh\n'}
[73.244861] (hiveflight_sim_node) StdoutLine: {'line': b'-- Installing: /mnt/c/work/ubuntu_work/HiveFlight/ros2_ws/install/share/hiveflight_sim_node/environment/ament_prefix_path.dsv\n'}
[73.267538] (-) TimerEvent: {}
[73.284059] (hiveflight_sim_node) StdoutLine: {'line': b'-- Installing: /mnt/c/work/ubuntu_work/HiveFlight/ros2_ws/install/share/hiveflight_sim_node/environment/path.sh\n'}
[73.323066] (hiveflight_sim_node) StdoutLine: {'line': b'-- Installing: /mnt/c/work/ubuntu_work/HiveFlight/ros2_ws/install/share/hiveflight_sim_node/environment/path.dsv\n'}
[73.366523] (hiveflight_sim_node) StdoutLine: {'line': b'-- Installing: /mnt/c/work/ubuntu_work/HiveFlight/ros2_ws/install/share/hiveflight_sim_node/local_setup.bash\n'}
[73.367613] (-) TimerEvent: {}
[73.405113] (hiveflight_sim_node) StdoutLine: {'line': b'-- Installing: /mnt/c/work/ubuntu_work/HiveFlight/ros2_ws/install/share/hiveflight_sim_node/local_setup.sh\n'}
[73.443349] (hiveflight_sim_node) StdoutLine: {'line': b'-- Installing: /mnt/c/work/ubuntu_work/HiveFlight/ros2_ws/install/share/hiveflight_sim_node/local_setup.zsh\n'}
[73.467729] (-) TimerEvent: {}
[73.480139] (hiveflight_sim_node) StdoutLine: {'line': b'-- Installing: /mnt/c/work/ubuntu_work/HiveFlight/ros2_ws/install/share/hiveflight_sim_node/local_setup.dsv\n'}
[73.516506] (hiveflight_sim_node) StdoutLine: {'line': b'-- Installing: /mnt/c/work/ubuntu_work/HiveFlight/ros2_ws/install/share/hiveflight_sim_node/package.dsv\n'}
[73.561955] (hiveflight_sim_node) StdoutLine: {'line': b'-- Installing: /mnt/c/work/ubuntu_work/HiveFlight/ros2_ws/install/share/ament_index/resource_index/packages/hiveflight_sim_node\n'}
[73.567800] (-) TimerEvent: {}
[73.621516] (hiveflight_sim_node) StdoutLine: {'line': b'-- Installing: /mnt/c/work/ubuntu_work/HiveFlight/ros2_ws/install/share/hiveflight_sim_node/cmake/hiveflight_sim_nodeConfig.cmake\n'}
[73.661230] (hiveflight_sim_node) StdoutLine: {'line': b'-- Installing: /mnt/c/work/ubuntu_work/HiveFlight/ros2_ws/install/share/hiveflight_sim_node/cmake/hiveflight_sim_nodeConfig-version.cmake\n'}
[73.667860] (-) TimerEvent: {}
[73.703655] (hiveflight_sim_node) StdoutLine: {'line': b'-- Installing: /mnt/c/work/ubuntu_work/HiveFlight/ros2_ws/install/share/hiveflight_sim_node/package.xml\n'}
[73.741586] (hiveflight_sim_node) CommandEnded: {'returncode': 0}
[73.767927] (-) TimerEvent: {}
[73.868287] (-) TimerEvent: {}
[73.968769] (-) TimerEvent: {}
[74.069080] (-) TimerEvent: {}
[74.169414] (-) TimerEvent: {}
[74.269769] (-) TimerEvent: {}
[74.370230] (-) TimerEvent: {}
[74.399990] (hiveflight_sim_node) JobEnded: {'identifier': 'hiveflight_sim_node', 'rc': 0}
[74.407704] (-) EventReactorShutdown: {}
