[0.000000] (-) TimerEvent: {}
[0.001554] (hiveflight_interfaces) JobQueued: {'identifier': 'hiveflight_interfaces', 'dependencies': OrderedDict()}
[0.001888] (hiveflight_sim) JobQueued: {'identifier': 'hiveflight_sim', 'dependencies': OrderedDict([('hiveflight_interfaces', '/mnt/c/work/ubuntu_work/HiveFlight/ros2_ws/install')])}
[0.002150] (hiveflight_sim_node) JobQueued: {'identifier': 'hiveflight_sim_node', 'dependencies': OrderedDict([('hiveflight_interfaces', '/mnt/c/work/ubuntu_work/HiveFlight/ros2_ws/install'), ('hiveflight_sim', '/mnt/c/work/ubuntu_work/HiveFlight/ros2_ws/install')])}
[0.002671] (hiveflight_interfaces) JobStarted: {'identifier': 'hiveflight_interfaces'}
[0.024651] (hiveflight_interfaces) JobProgress: {'identifier': 'hiveflight_interfaces', 'progress': 'cmake'}
[0.073913] (hiveflight_interfaces) Command: {'cmd': ['/usr/bin/cmake', '/mnt/c/work/ubuntu_work/HiveFlight/ros2_ws/src/hiveflight_interfaces', '-DCMAKE_INSTALL_PREFIX=/mnt/c/work/ubuntu_work/HiveFlight/ros2_ws/install'], 'cwd': '/mnt/c/work/ubuntu_work/HiveFlight/ros2_ws/build/hiveflight_interfaces', 'env': OrderedDict([('USER', 'ivano'), ('SHLVL', '1'), ('LD_LIBRARY_PATH', '/usr/lib/x86_64-linux-gnu/gazebo-11/plugins:/opt/ros/humble/opt/rviz_ogre_vendor/lib:/opt/ros/humble/lib/x86_64-linux-gnu:/opt/ros/humble/lib'), ('HOME', '/home/ivano'), ('OLDPWD', '/mnt/c/work/ubuntu_work/HiveFlight'), ('ROS_PYTHON_VERSION', '3'), ('DBUS_SESSION_BUS_ADDRESS', 'unix:path=/run/user/1000/bus'), ('WSL_DISTRO_NAME', 'Ubuntu-22.04'), ('WAYLAND_DISPLAY', 'wayland-0'), ('ROS_DISTRO', 'humble'), ('LOGNAME', 'ivano'), ('NAME', 'LAPTOP-7K9MEH4D'), ('WSL_INTEROP', '/run/WSL/3267_interop'), ('PULSE_SERVER', 'unix:/mnt/wslg/PulseServer'), ('_', '/usr/bin/colcon'), ('ROS_VERSION', '2'), ('TERM', 'xterm-256color'), ('ROS_LOCALHOST_ONLY', '0'), ('PATH', '/opt/ros/humble/bin:/usr/local/sbin:/usr/local/bin:/usr/sbin:/usr/bin:/sbin:/bin:/usr/games:/usr/local/games:/usr/lib/wsl/lib:/mnt/c/Users/ivano/AppData/Roaming/Code/User/globalStorage/github.copilot-chat/debugCommand:/mnt/c/Users/ivano/AppData/Roaming/Code/User/globalStorage/github.copilot-chat/copilotCli:/mnt/c/windows/system32:/mnt/c/windows:/mnt/c/windows/System32/Wbem:/mnt/c/windows/System32/WindowsPowerShell/v1.0/:/mnt/c/windows/System32/OpenSSH/:/mnt/c/Program Files/HP/1E.Performance.Assist/Extensibility/NomadBranch:/mnt/c/Program Files/CMake/bin:/mnt/c/Program Files (x86)/Windows Kits/10/Windows Performance Toolkit/:/mnt/c/Program Files/Git/cmd:/mnt/c/windows/system32:/mnt/c/windows:/mnt/c/windows/System32/Wbem:/mnt/c/windows/System32/WindowsPowerShell/v1.0/:/mnt/c/windows/System32/OpenSSH/:/mnt/c/Program Files/HP/1E.Performance.Assist/Extensibility/NomadBranch:/mnt/c/Program Files/CMake/bin:/mnt/c/Program Files (x86)/Windows Kits/10/Windows Performance Toolkit/:/mnt/c/Program Files/Git/cmd:/mnt/c/vcpkg:/mnt/c/Users/ivano/AppData/Local/Programs/Microsoft VS Code/bin:/snap/bin'), ('XDG_RUNTIME_DIR', '/run/user/1000'), ('DISPLAY', ':0'), ('LANG', 'C.UTF-8'), ('AMENT_PREFIX_PATH', '/opt/ros/humble'), ('SHELL', '/bin/bash'), ('PWD', '/mnt/c/work/ubuntu_work/HiveFlight/ros2_ws/build/hiveflight_interfaces'), ('XDG_DATA_DIRS', '/usr/local/share:/usr/share:/var/lib/snapd/desktop'), ('PYTHONPATH', '/opt/ros/humble/lib/python3.10/site-packages:/opt/ros/humble/local/lib/python3.10/dist-packages'), ('COLCON', '1'), ('WSL2_GUI_APPS_ENABLED', '1'), ('HOSTTYPE', 'x86_64'), ('WSLENV', ''), ('CMAKE_PREFIX_PATH', '/opt/ros/humble')]), 'shell': False}
[0.162323] (-) TimerEvent: {}
[0.263501] (-) TimerEvent: {}
[0.364454] (-) TimerEvent: {}
[0.465003] (-) TimerEvent: {}
[0.510527] (hiveflight_interfaces) StdoutLine: {'line': b'-- The C compiler identification is GNU 11.4.0\n'}
[0.565236] (-) TimerEvent: {}
[0.665809] (-) TimerEvent: {}
[0.766445] (-) TimerEvent: {}
[0.867216] (-) TimerEvent: {}
[0.967972] (-) TimerEvent: {}
[1.039106] (hiveflight_interfaces) StdoutLine: {'line': b'-- The CXX compiler identification is GNU 11.4.0\n'}
[1.068099] (-) TimerEvent: {}
[1.168662] (-) TimerEvent: {}
[1.269412] (-) TimerEvent: {}
[1.317608] (hiveflight_interfaces) StdoutLine: {'line': b'-- Detecting C compiler ABI info\n'}
[1.369499] (-) TimerEvent: {}
[1.470148] (-) TimerEvent: {}
[1.570804] (-) TimerEvent: {}
[1.671634] (-) TimerEvent: {}
[1.772193] (-) TimerEvent: {}
[1.872870] (-) TimerEvent: {}
[1.880054] (hiveflight_interfaces) StdoutLine: {'line': b'-- Detecting C compiler ABI info - done\n'}
[1.903183] (hiveflight_interfaces) StdoutLine: {'line': b'-- Check for working C compiler: /usr/bin/cc - skipped\n'}
[1.904398] (hiveflight_interfaces) StdoutLine: {'line': b'-- Detecting C compile features\n'}
[1.905335] (hiveflight_interfaces) StdoutLine: {'line': b'-- Detecting C compile features - done\n'}
[1.956037] (hiveflight_interfaces) StdoutLine: {'line': b'-- Detecting CXX compiler ABI info\n'}
[1.973033] (-) TimerEvent: {}
[2.073677] (-) TimerEvent: {}
[2.174236] (-) TimerEvent: {}
[2.274914] (-) TimerEvent: {}
[2.375590] (-) TimerEvent: {}
[2.476149] (-) TimerEvent: {}
[2.509614] (hiveflight_interfaces) StdoutLine: {'line': b'-- Detecting CXX compiler ABI info - done\n'}
[2.535634] (hiveflight_interfaces) StdoutLine: {'line': b'-- Check for working CXX compiler: /usr/bin/c++ - skipped\n'}
[2.536710] (hiveflight_interfaces) StdoutLine: {'line': b'-- Detecting CXX compile features\n'}
[2.537582] (hiveflight_interfaces) StdoutLine: {'line': b'-- Detecting CXX compile features - done\n'}
[2.576303] (-) TimerEvent: {}
[2.583822] (hiveflight_interfaces) StdoutLine: {'line': b'-- Found ament_cmake: 1.3.14 (/opt/ros/humble/share/ament_cmake/cmake)\n'}
[2.676428] (-) TimerEvent: {}
[2.692168] (hiveflight_interfaces) StdoutLine: {'line': b'-- Found Python3: /usr/bin/python3 (found version "3.10.12") found components: Interpreter \n'}
[2.776526] (-) TimerEvent: {}
[2.853845] (hiveflight_interfaces) StdoutLine: {'line': b'-- Found geometry_msgs: 4.9.1 (/opt/ros/humble/share/geometry_msgs/cmake)\n'}
[2.876648] (-) TimerEvent: {}
[2.955035] (hiveflight_interfaces) StdoutLine: {'line': b'-- Found rosidl_generator_c: 3.1.8 (/opt/ros/humble/share/rosidl_generator_c/cmake)\n'}
[2.957212] (hiveflight_interfaces) StdoutLine: {'line': b'-- Found rosidl_adapter: 3.1.8 (/opt/ros/humble/share/rosidl_adapter/cmake)\n'}
[2.962279] (hiveflight_interfaces) StdoutLine: {'line': b'-- Found rosidl_generator_cpp: 3.1.8 (/opt/ros/humble/share/rosidl_generator_cpp/cmake)\n'}
[2.969835] (hiveflight_interfaces) StdoutLine: {'line': b'-- Using all available rosidl_typesupport_c: rosidl_typesupport_fastrtps_c;rosidl_typesupport_introspection_c\n'}
[2.976808] (-) TimerEvent: {}
[2.981060] (hiveflight_interfaces) StdoutLine: {'line': b'-- Using all available rosidl_typesupport_cpp: rosidl_typesupport_fastrtps_cpp;rosidl_typesupport_introspection_cpp\n'}
[3.005578] (hiveflight_interfaces) StdoutLine: {'line': b'-- Found rosidl_default_generators: 1.2.1 (/opt/ros/humble/share/rosidl_default_generators/cmake)\n'}
[3.076953] (-) TimerEvent: {}
[3.177606] (-) TimerEvent: {}
[3.278216] (-) TimerEvent: {}
[3.378795] (-) TimerEvent: {}
[3.479452] (-) TimerEvent: {}
[3.579922] (-) TimerEvent: {}
[3.680431] (-) TimerEvent: {}
[3.781108] (-) TimerEvent: {}
[3.827085] (hiveflight_interfaces) StdoutLine: {'line': b'-- Found ament_cmake_ros: 0.10.0 (/opt/ros/humble/share/ament_cmake_ros/cmake)\n'}
[3.881251] (-) TimerEvent: {}
[3.981781] (-) TimerEvent: {}
[4.082297] (-) TimerEvent: {}
[4.183080] (-) TimerEvent: {}
[4.283626] (-) TimerEvent: {}
[4.384128] (-) TimerEvent: {}
[4.484627] (-) TimerEvent: {}
[4.585189] (-) TimerEvent: {}
[4.685796] (-) TimerEvent: {}
[4.786489] (-) TimerEvent: {}
[4.887170] (-) TimerEvent: {}
[4.987650] (-) TimerEvent: {}
[5.088127] (-) TimerEvent: {}
[5.188775] (-) TimerEvent: {}
[5.289501] (-) TimerEvent: {}
[5.391609] (-) TimerEvent: {}
[5.492151] (-) TimerEvent: {}
[5.593226] (-) TimerEvent: {}
[5.693974] (-) TimerEvent: {}
[5.794807] (-) TimerEvent: {}
[5.895762] (-) TimerEvent: {}
[5.996278] (-) TimerEvent: {}
[6.096793] (-) TimerEvent: {}
[6.197338] (-) TimerEvent: {}
[6.276367] (hiveflight_interfaces) StdoutLine: {'line': b'-- Using all available rosidl_typesupport_c: rosidl_typesupport_fastrtps_c;rosidl_typesupport_introspection_c\n'}
[6.297455] (-) TimerEvent: {}
[6.398198] (-) TimerEvent: {}
[6.498891] (-) TimerEvent: {}
[6.599508] (-) TimerEvent: {}
[6.699954] (-) TimerEvent: {}
[6.800437] (-) TimerEvent: {}
[6.900949] (-) TimerEvent: {}
[7.001416] (-) TimerEvent: {}
[7.033800] (hiveflight_interfaces) StdoutLine: {'line': b'-- Using all available rosidl_typesupport_cpp: rosidl_typesupport_fastrtps_cpp;rosidl_typesupport_introspection_cpp\n'}
[7.101532] (-) TimerEvent: {}
[7.130944] (hiveflight_interfaces) StdoutLine: {'line': b'-- Found PythonInterp: /usr/bin/python3 (found suitable version "3.10.12", minimum required is "3.6") \n'}
[7.133247] (hiveflight_interfaces) StdoutLine: {'line': b'-- Found python_cmake_module: 0.10.0 (/opt/ros/humble/share/python_cmake_module/cmake)\n'}
[7.201668] (-) TimerEvent: {}
[7.302322] (-) TimerEvent: {}
[7.402943] (-) TimerEvent: {}
[7.460032] (hiveflight_interfaces) StdoutLine: {'line': b'-- Found PythonLibs: /usr/lib/x86_64-linux-gnu/libpython3.10.so (found suitable version "3.10.12", minimum required is "3.5") \n'}
[7.461337] (hiveflight_interfaces) StdoutLine: {'line': b'-- Using PYTHON_EXECUTABLE: /usr/bin/python3\n'}
[7.462395] (hiveflight_interfaces) StdoutLine: {'line': b'-- Using PYTHON_INCLUDE_DIRS: /usr/include/python3.10\n'}
[7.463428] (hiveflight_interfaces) StdoutLine: {'line': b'-- Using PYTHON_LIBRARIES: /usr/lib/x86_64-linux-gnu/libpython3.10.so\n'}
[7.478975] (hiveflight_interfaces) StdoutLine: {'line': b'-- Found PythonExtra: .so  \n'}
[7.503059] (-) TimerEvent: {}
[7.603817] (-) TimerEvent: {}
[7.704332] (-) TimerEvent: {}
[7.805173] (-) TimerEvent: {}
[7.905966] (-) TimerEvent: {}
[8.006518] (-) TimerEvent: {}
[8.107324] (-) TimerEvent: {}
[8.208054] (-) TimerEvent: {}
[8.308445] (-) TimerEvent: {}
[8.408913] (-) TimerEvent: {}
[8.509550] (-) TimerEvent: {}
[8.610243] (-) TimerEvent: {}
[8.710865] (-) TimerEvent: {}
[8.811442] (-) TimerEvent: {}
[8.912303] (-) TimerEvent: {}
[9.012906] (-) TimerEvent: {}
[9.113461] (-) TimerEvent: {}
[9.159530] (hiveflight_interfaces) StdoutLine: {'line': b'-- Configuring done\n'}
[9.213642] (-) TimerEvent: {}
[9.314203] (-) TimerEvent: {}
[9.415013] (-) TimerEvent: {}
[9.515718] (-) TimerEvent: {}
[9.616464] (-) TimerEvent: {}
[9.716994] (-) TimerEvent: {}
[9.817488] (-) TimerEvent: {}
[9.918225] (-) TimerEvent: {}
[10.018877] (-) TimerEvent: {}
[10.119538] (-) TimerEvent: {}
[10.220150] (-) TimerEvent: {}
[10.320804] (-) TimerEvent: {}
[10.421329] (-) TimerEvent: {}
[10.521887] (-) TimerEvent: {}
[10.622526] (-) TimerEvent: {}
[10.723033] (-) TimerEvent: {}
[10.823551] (-) TimerEvent: {}
[10.924087] (-) TimerEvent: {}
[10.986705] (hiveflight_interfaces) StdoutLine: {'line': b'-- Generating done\n'}
[11.024188] (-) TimerEvent: {}
[11.124711] (-) TimerEvent: {}
[11.225233] (-) TimerEvent: {}
[11.325847] (-) TimerEvent: {}
[11.426422] (-) TimerEvent: {}
[11.526922] (-) TimerEvent: {}
[11.627588] (-) TimerEvent: {}
[11.634272] (hiveflight_interfaces) StdoutLine: {'line': b'-- Build files have been written to: /mnt/c/work/ubuntu_work/HiveFlight/ros2_ws/build/hiveflight_interfaces\n'}
[11.646477] (hiveflight_interfaces) CommandEnded: {'returncode': 0}
[11.650940] (hiveflight_interfaces) JobProgress: {'identifier': 'hiveflight_interfaces', 'progress': 'build'}
[11.656333] (hiveflight_interfaces) Command: {'cmd': ['/usr/bin/cmake', '--build', '/mnt/c/work/ubuntu_work/HiveFlight/ros2_ws/build/hiveflight_interfaces', '--', '-j16', '-l16'], 'cwd': '/mnt/c/work/ubuntu_work/HiveFlight/ros2_ws/build/hiveflight_interfaces', 'env': OrderedDict([('USER', 'ivano'), ('SHLVL', '1'), ('LD_LIBRARY_PATH', '/usr/lib/x86_64-linux-gnu/gazebo-11/plugins:/opt/ros/humble/opt/rviz_ogre_vendor/lib:/opt/ros/humble/lib/x86_64-linux-gnu:/opt/ros/humble/lib'), ('HOME', '/home/ivano'), ('OLDPWD', '/mnt/c/work/ubuntu_work/HiveFlight'), ('ROS_PYTHON_VERSION', '3'), ('DBUS_SESSION_BUS_ADDRESS', 'unix:path=/run/user/1000/bus'), ('WSL_DISTRO_NAME', 'Ubuntu-22.04'), ('WAYLAND_DISPLAY', 'wayland-0'), ('ROS_DISTRO', 'humble'), ('LOGNAME', 'ivano'), ('NAME', 'LAPTOP-7K9MEH4D'), ('WSL_INTEROP', '/run/WSL/3267_interop'), ('PULSE_SERVER', 'unix:/mnt/wslg/PulseServer'), ('_', '/usr/bin/colcon'), ('ROS_VERSION', '2'), ('TERM', 'xterm-256color'), ('ROS_LOCALHOST_ONLY', '0'), ('PATH', '/opt/ros/humble/bin:/usr/local/sbin:/usr/local/bin:/usr/sbin:/usr/bin:/sbin:/bin:/usr/games:/usr/local/games:/usr/lib/wsl/lib:/mnt/c/Users/ivano/AppData/Roaming/Code/User/globalStorage/github.copilot-chat/debugCommand:/mnt/c/Users/ivano/AppData/Roaming/Code/User/globalStorage/github.copilot-chat/copilotCli:/mnt/c/windows/system32:/mnt/c/windows:/mnt/c/windows/System32/Wbem:/mnt/c/windows/System32/WindowsPowerShell/v1.0/:/mnt/c/windows/System32/OpenSSH/:/mnt/c/Program Files/HP/1E.Performance.Assist/Extensibility/NomadBranch:/mnt/c/Program Files/CMake/bin:/mnt/c/Program Files (x86)/Windows Kits/10/Windows Performance Toolkit/:/mnt/c/Program Files/Git/cmd:/mnt/c/windows/system32:/mnt/c/windows:/mnt/c/windows/System32/Wbem:/mnt/c/windows/System32/WindowsPowerShell/v1.0/:/mnt/c/windows/System32/OpenSSH/:/mnt/c/Program Files/HP/1E.Performance.Assist/Extensibility/NomadBranch:/mnt/c/Program Files/CMake/bin:/mnt/c/Program Files (x86)/Windows Kits/10/Windows Performance Toolkit/:/mnt/c/Program Files/Git/cmd:/mnt/c/vcpkg:/mnt/c/Users/ivano/AppData/Local/Programs/Microsoft VS Code/bin:/snap/bin'), ('XDG_RUNTIME_DIR', '/run/user/1000'), ('DISPLAY', ':0'), ('LANG', 'C.UTF-8'), ('AMENT_PREFIX_PATH', '/opt/ros/humble'), ('SHELL', '/bin/bash'), ('PWD', '/mnt/c/work/ubuntu_work/HiveFlight/ros2_ws/build/hiveflight_interfaces'), ('XDG_DATA_DIRS', '/usr/local/share:/usr/share:/var/lib/snapd/desktop'), ('PYTHONPATH', '/opt/ros/humble/lib/python3.10/site-packages:/opt/ros/humble/local/lib/python3.10/dist-packages'), ('COLCON', '1'), ('WSL2_GUI_APPS_ENABLED', '1'), ('HOSTTYPE', 'x86_64'), ('WSLENV', ''), ('CMAKE_PREFIX_PATH', '/opt/ros/humble')]), 'shell': False}
[11.727731] (-) TimerEvent: {}
[11.828260] (-) TimerEvent: {}
[11.841664] (hiveflight_interfaces) StdoutLine: {'line': b'[  3%] \x1b[34m\x1b[1mGenerating C code for ROS interfaces\x1b[0m\n'}
[11.877183] (hiveflight_interfaces) StdoutLine: {'line': b'[  6%] \x1b[34m\x1b[1mGenerating C++ code for ROS interfaces\x1b[0m\n'}
[11.887185] (hiveflight_interfaces) StdoutLine: {'line': b'[  9%] \x1b[34m\x1b[1mGenerating Rust code for ROS interfaces\x1b[0m\n'}
[11.913891] (hiveflight_interfaces) StdoutLine: {'line': b'[  9%] Built target ament_cmake_python_copy_hiveflight_interfaces\n'}
[11.928432] (-) TimerEvent: {}
[12.029097] (-) TimerEvent: {}
[12.129930] (-) TimerEvent: {}
[12.202041] (hiveflight_interfaces) StdoutLine: {'line': b'[  9%] Built target hiveflight_interfaces__cpp\n'}
[12.225842] (hiveflight_interfaces) StdoutLine: {'line': b'[  9%] Built target hiveflight_interfaces__rs\n'}
[12.229997] (-) TimerEvent: {}
[12.243019] (hiveflight_interfaces) StderrLine: {'line': b"gmake[2]: Warning: File 'rosidl_generator_c/hiveflight_interfaces/msg/detail/drone_message__functions.c' has modification time 0.01 s in the future\n"}
[12.250552] (hiveflight_interfaces) StdoutLine: {'line': b'[ 15%] \x1b[34m\x1b[1mGenerating C++ type support dispatch for ROS interfaces\x1b[0m\n'}
[12.252425] (hiveflight_interfaces) StdoutLine: {'line': b'[ 15%] \x1b[34m\x1b[1mGenerating C++ introspection for ROS interfaces\x1b[0m\n'}
[12.258483] (hiveflight_interfaces) StdoutLine: {'line': b'[ 18%] \x1b[34m\x1b[1mGenerating C++ type support for eProsima Fast-RTPS\x1b[0m\n'}
[12.260524] (hiveflight_interfaces) StdoutLine: {'line': b'running egg_info\n'}
[12.261838] (hiveflight_interfaces) StdoutLine: {'line': b'creating hiveflight_interfaces.egg-info\n'}
[12.266254] (hiveflight_interfaces) StdoutLine: {'line': b'writing hiveflight_interfaces.egg-info/PKG-INFO\n'}
[12.271924] (hiveflight_interfaces) StdoutLine: {'line': b'[ 21%] \x1b[32mBuilding C object CMakeFiles/hiveflight_interfaces__rosidl_generator_c.dir/rosidl_generator_c/hiveflight_interfaces/msg/detail/drone_message__functions.c.o\x1b[0m\n'}
[12.273204] (hiveflight_interfaces) StdoutLine: {'line': b'writing dependency_links to hiveflight_interfaces.egg-info/dependency_links.txt\n'}
[12.281794] (hiveflight_interfaces) StdoutLine: {'line': b'writing top-level names to hiveflight_interfaces.egg-info/top_level.txt\n'}
[12.287786] (hiveflight_interfaces) StdoutLine: {'line': b"writing manifest file 'hiveflight_interfaces.egg-info/SOURCES.txt'\n"}
[12.310210] (hiveflight_interfaces) StdoutLine: {'line': b"reading manifest file 'hiveflight_interfaces.egg-info/SOURCES.txt'\n"}
[12.330196] (-) TimerEvent: {}
[12.339976] (hiveflight_interfaces) StdoutLine: {'line': b"writing manifest file 'hiveflight_interfaces.egg-info/SOURCES.txt'\n"}
[12.394066] (hiveflight_interfaces) StdoutLine: {'line': b'[ 21%] Built target ament_cmake_python_build_hiveflight_interfaces_egg\n'}
[12.430280] (-) TimerEvent: {}
[12.485624] (hiveflight_interfaces) StderrLine: {'line': b"gmake[2]: Warning: File 'rosidl_typesupport_cpp/hiveflight_interfaces/msg/drone_message__type_support.cpp' has modification time 0.077 s in the future\n"}
[12.495482] (hiveflight_interfaces) StdoutLine: {'line': b'[ 25%] \x1b[32m\x1b[1mLinking C shared library libhiveflight_interfaces__rosidl_generator_c.so\x1b[0m\n'}
[12.505076] (hiveflight_interfaces) StdoutLine: {'line': b'[ 28%] \x1b[32mBuilding CXX object CMakeFiles/hiveflight_interfaces__rosidl_typesupport_cpp.dir/rosidl_typesupport_cpp/hiveflight_interfaces/msg/drone_message__type_support.cpp.o\x1b[0m\n'}
[12.530410] (-) TimerEvent: {}
[12.548277] (hiveflight_interfaces) StderrLine: {'line': b"gmake[2]: Warning: File 'rosidl_typesupport_introspection_cpp/hiveflight_interfaces/msg/detail/drone_message__type_support.cpp' has modification time 0.089 s in the future\n"}
[12.564342] (hiveflight_interfaces) StderrLine: {'line': b"gmake[2]: Warning: File 'rosidl_typesupport_fastrtps_cpp/hiveflight_interfaces/msg/detail/dds_fastrtps/drone_message__type_support.cpp' has modification time 0.047 s in the future\n"}
[12.572557] (hiveflight_interfaces) StdoutLine: {'line': b'[ 31%] \x1b[32mBuilding CXX object CMakeFiles/hiveflight_interfaces__rosidl_typesupport_introspection_cpp.dir/rosidl_typesupport_introspection_cpp/hiveflight_interfaces/msg/detail/drone_message__type_support.cpp.o\x1b[0m\n'}
[12.584476] (hiveflight_interfaces) StdoutLine: {'line': b'[ 34%] \x1b[32mBuilding CXX object CMakeFiles/hiveflight_interfaces__rosidl_typesupport_fastrtps_cpp.dir/rosidl_typesupport_fastrtps_cpp/hiveflight_interfaces/msg/detail/dds_fastrtps/drone_message__type_support.cpp.o\x1b[0m\n'}
[12.630692] (-) TimerEvent: {}
[12.712707] (hiveflight_interfaces) StderrLine: {'line': b'gmake[2]: warning:  Clock skew detected.  Your build may be incomplete.\n'}
[12.730877] (-) TimerEvent: {}
[12.742183] (hiveflight_interfaces) StdoutLine: {'line': b'[ 34%] Built target hiveflight_interfaces__rosidl_generator_c\n'}
[12.795434] (hiveflight_interfaces) StdoutLine: {'line': b'[ 43%] \x1b[34m\x1b[1mGenerating C type support dispatch for ROS interfaces\x1b[0m\n'}
[12.797727] (hiveflight_interfaces) StdoutLine: {'line': b'[ 43%] \x1b[34m\x1b[1mGenerating C introspection for ROS interfaces\x1b[0m\n'}
[12.799126] (hiveflight_interfaces) StdoutLine: {'line': b'[ 43%] \x1b[34m\x1b[1mGenerating C type support for eProsima Fast-RTPS\x1b[0m\n'}
[12.831031] (-) TimerEvent: {}
[12.931692] (-) TimerEvent: {}
[13.032393] (-) TimerEvent: {}
[13.073592] (hiveflight_interfaces) StdoutLine: {'line': b'[ 46%] \x1b[32m\x1b[1mLinking CXX shared library libhiveflight_interfaces__rosidl_typesupport_cpp.so\x1b[0m\n'}
[13.097913] (hiveflight_interfaces) StderrLine: {'line': b"gmake[2]: Warning: File 'rosidl_typesupport_c/hiveflight_interfaces/msg/drone_message__type_support.cpp' has modification time 0.11 s in the future\n"}
[13.120782] (hiveflight_interfaces) StdoutLine: {'line': b'[ 50%] \x1b[32mBuilding CXX object CMakeFiles/hiveflight_interfaces__rosidl_typesupport_c.dir/rosidl_typesupport_c/hiveflight_interfaces/msg/drone_message__type_support.cpp.o\x1b[0m\n'}
[13.132554] (-) TimerEvent: {}
[13.155225] (hiveflight_interfaces) StderrLine: {'line': b"gmake[2]: Warning: File 'rosidl_typesupport_introspection_c/hiveflight_interfaces/msg/detail/drone_message__type_support.c' has modification time 0.12 s in the future\n"}
[13.156634] (hiveflight_interfaces) StderrLine: {'line': b"gmake[2]: Warning: File 'rosidl_typesupport_fastrtps_c/hiveflight_interfaces/msg/detail/drone_message__type_support_c.cpp' has modification time 0.12 s in the future\n"}
[13.181810] (hiveflight_interfaces) StdoutLine: {'line': b'[ 56%] \x1b[32mBuilding CXX object CMakeFiles/hiveflight_interfaces__rosidl_typesupport_fastrtps_c.dir/rosidl_typesupport_fastrtps_c/hiveflight_interfaces/msg/detail/drone_message__type_support_c.cpp.o\x1b[0m\n'}
[13.184286] (hiveflight_interfaces) StdoutLine: {'line': b'[ 56%] \x1b[32mBuilding C object CMakeFiles/hiveflight_interfaces__rosidl_typesupport_introspection_c.dir/rosidl_typesupport_introspection_c/hiveflight_interfaces/msg/detail/drone_message__type_support.c.o\x1b[0m\n'}
[13.232701] (-) TimerEvent: {}
[13.333606] (-) TimerEvent: {}
[13.344472] (hiveflight_interfaces) StderrLine: {'line': b'gmake[2]: warning:  Clock skew detected.  Your build may be incomplete.\n'}
[13.346520] (hiveflight_interfaces) StdoutLine: {'line': b'[ 59%] \x1b[32m\x1b[1mLinking CXX shared library libhiveflight_interfaces__rosidl_typesupport_c.so\x1b[0m\n'}
[13.377014] (hiveflight_interfaces) StdoutLine: {'line': b'[ 59%] Built target hiveflight_interfaces__rosidl_typesupport_cpp\n'}
[13.433740] (-) TimerEvent: {}
[13.534674] (-) TimerEvent: {}
[13.553792] (hiveflight_interfaces) StdoutLine: {'line': b'[ 62%] \x1b[32m\x1b[1mLinking C shared library libhiveflight_interfaces__rosidl_typesupport_introspection_c.so\x1b[0m\n'}
[13.596056] (hiveflight_interfaces) StdoutLine: {'line': b'[ 65%] \x1b[32m\x1b[1mLinking CXX shared library libhiveflight_interfaces__rosidl_typesupport_introspection_cpp.so\x1b[0m\n'}
[13.613902] (hiveflight_interfaces) StderrLine: {'line': b'gmake[2]: warning:  Clock skew detected.  Your build may be incomplete.\n'}
[13.634802] (-) TimerEvent: {}
[13.643733] (hiveflight_interfaces) StdoutLine: {'line': b'[ 65%] Built target hiveflight_interfaces__rosidl_typesupport_c\n'}
[13.711859] (hiveflight_interfaces) StdoutLine: {'line': b'[ 68%] \x1b[32m\x1b[1mLinking CXX shared library libhiveflight_interfaces__rosidl_typesupport_fastrtps_cpp.so\x1b[0m\n'}
[13.734965] (-) TimerEvent: {}
[13.774499] (hiveflight_interfaces) StderrLine: {'line': b'gmake[2]: warning:  Clock skew detected.  Your build may be incomplete.\n'}
[13.796823] (hiveflight_interfaces) StdoutLine: {'line': b'[ 68%] Built target hiveflight_interfaces__rosidl_typesupport_introspection_c\n'}
[13.830610] (hiveflight_interfaces) StderrLine: {'line': b'gmake[2]: warning:  Clock skew detected.  Your build may be incomplete.\n'}
[13.835080] (-) TimerEvent: {}
[13.851055] (hiveflight_interfaces) StdoutLine: {'line': b'[ 68%] Built target hiveflight_interfaces__rosidl_typesupport_introspection_cpp\n'}
[13.935254] (-) TimerEvent: {}
[13.966838] (hiveflight_interfaces) StderrLine: {'line': b'gmake[2]: warning:  Clock skew detected.  Your build may be incomplete.\n'}
[13.985825] (hiveflight_interfaces) StdoutLine: {'line': b'[ 68%] Built target hiveflight_interfaces__rosidl_typesupport_fastrtps_cpp\n'}
[14.014301] (hiveflight_interfaces) StdoutLine: {'line': b'[ 71%] \x1b[32m\x1b[1mLinking CXX shared library libhiveflight_interfaces__rosidl_typesupport_fastrtps_c.so\x1b[0m\n'}
[14.035378] (-) TimerEvent: {}
[14.135907] (-) TimerEvent: {}
[14.199178] (hiveflight_interfaces) StderrLine: {'line': b'gmake[2]: warning:  Clock skew detected.  Your build may be incomplete.\n'}
[14.223833] (hiveflight_interfaces) StdoutLine: {'line': b'[ 71%] Built target hiveflight_interfaces__rosidl_typesupport_fastrtps_c\n'}
[14.236102] (-) TimerEvent: {}
[14.273710] (hiveflight_interfaces) StdoutLine: {'line': b'[ 71%] Built target hiveflight_interfaces\n'}
[14.336190] (-) TimerEvent: {}
[14.339658] (hiveflight_interfaces) StdoutLine: {'line': b'[ 75%] \x1b[34m\x1b[1mGenerating Python code for ROS interfaces\x1b[0m\n'}
[14.436347] (-) TimerEvent: {}
[14.536922] (-) TimerEvent: {}
[14.585126] (hiveflight_interfaces) StdoutLine: {'line': b'[ 75%] Built target hiveflight_interfaces__py\n'}
[14.637039] (-) TimerEvent: {}
[14.645439] (hiveflight_interfaces) StderrLine: {'line': b"gmake[2]: Warning: File 'rosidl_generator_py/hiveflight_interfaces/msg/_drone_message_s.c' has modification time 0.26 s in the future\n"}
[14.665096] (hiveflight_interfaces) StdoutLine: {'line': b'[ 78%] \x1b[32mBuilding C object CMakeFiles/hiveflight_interfaces__rosidl_generator_py.dir/rosidl_generator_py/hiveflight_interfaces/msg/_drone_message_s.c.o\x1b[0m\n'}
[14.737195] (-) TimerEvent: {}
[14.837757] (-) TimerEvent: {}
[14.938357] (-) TimerEvent: {}
[14.986027] (hiveflight_interfaces) StdoutLine: {'line': b'[ 81%] \x1b[32m\x1b[1mLinking C shared library rosidl_generator_py/hiveflight_interfaces/libhiveflight_interfaces__rosidl_generator_py.so\x1b[0m\n'}
[15.038464] (-) TimerEvent: {}
[15.139058] (-) TimerEvent: {}
[15.182399] (hiveflight_interfaces) StderrLine: {'line': b'gmake[2]: warning:  Clock skew detected.  Your build may be incomplete.\n'}
[15.198337] (hiveflight_interfaces) StdoutLine: {'line': b'[ 81%] Built target hiveflight_interfaces__rosidl_generator_py\n'}
[15.239225] (-) TimerEvent: {}
[15.269304] (hiveflight_interfaces) StderrLine: {'line': b"gmake[2]: Warning: File 'rosidl_generator_py/hiveflight_interfaces/libhiveflight_interfaces__rosidl_generator_py.so' has modification time 0.3 s in the future\n"}
[15.271094] (hiveflight_interfaces) StderrLine: {'line': b"gmake[2]: Warning: File 'rosidl_generator_py/hiveflight_interfaces/libhiveflight_interfaces__rosidl_generator_py.so' has modification time 0.3 s in the future\n"}
[15.272222] (hiveflight_interfaces) StderrLine: {'line': b"gmake[2]: Warning: File 'rosidl_generator_py/hiveflight_interfaces/libhiveflight_interfaces__rosidl_generator_py.so' has modification time 0.3 s in the future\n"}
[15.281545] (hiveflight_interfaces) StdoutLine: {'line': b'[ 90%] \x1b[32mBuilding C object CMakeFiles/hiveflight_interfaces__rosidl_typesupport_fastrtps_c__pyext.dir/rosidl_generator_py/hiveflight_interfaces/_hiveflight_interfaces_s.ep.rosidl_typesupport_fastrtps_c.c.o\x1b[0m\n'}
[15.282622] (hiveflight_interfaces) StdoutLine: {'line': b'[ 90%] \x1b[32mBuilding C object CMakeFiles/hiveflight_interfaces__rosidl_typesupport_c__pyext.dir/rosidl_generator_py/hiveflight_interfaces/_hiveflight_interfaces_s.ep.rosidl_typesupport_c.c.o\x1b[0m\n'}
[15.283499] (hiveflight_interfaces) StdoutLine: {'line': b'[ 90%] \x1b[32mBuilding C object CMakeFiles/hiveflight_interfaces__rosidl_typesupport_introspection_c__pyext.dir/rosidl_generator_py/hiveflight_interfaces/_hiveflight_interfaces_s.ep.rosidl_typesupport_introspection_c.c.o\x1b[0m\n'}
[15.339398] (-) TimerEvent: {}
[15.440344] (-) TimerEvent: {}
[15.540999] (-) TimerEvent: {}
[15.630546] (hiveflight_interfaces) StdoutLine: {'line': b'[ 93%] \x1b[32m\x1b[1mLinking C shared library rosidl_generator_py/hiveflight_interfaces/hiveflight_interfaces_s__rosidl_typesupport_c.cpython-310-x86_64-linux-gnu.so\x1b[0m\n'}
[15.641142] (-) TimerEvent: {}
[15.701518] (hiveflight_interfaces) StdoutLine: {'line': b'[100%] \x1b[32m\x1b[1mLinking C shared library rosidl_generator_py/hiveflight_interfaces/hiveflight_interfaces_s__rosidl_typesupport_introspection_c.cpython-310-x86_64-linux-gnu.so\x1b[0m\n'}
[15.703244] (hiveflight_interfaces) StdoutLine: {'line': b'[100%] \x1b[32m\x1b[1mLinking C shared library rosidl_generator_py/hiveflight_interfaces/hiveflight_interfaces_s__rosidl_typesupport_fastrtps_c.cpython-310-x86_64-linux-gnu.so\x1b[0m\n'}
[15.741317] (-) TimerEvent: {}
[15.842442] (-) TimerEvent: {}
[15.873505] (hiveflight_interfaces) StderrLine: {'line': b'gmake[2]: warning:  Clock skew detected.  Your build may be incomplete.\n'}
[15.876531] (hiveflight_interfaces) StderrLine: {'line': b'gmake[2]: warning:  Clock skew detected.  Your build may be incomplete.\n'}
[15.892104] (hiveflight_interfaces) StdoutLine: {'line': b'[100%] Built target hiveflight_interfaces__rosidl_typesupport_c__pyext\n'}
[15.893847] (hiveflight_interfaces) StdoutLine: {'line': b'[100%] Built target hiveflight_interfaces__rosidl_typesupport_introspection_c__pyext\n'}
[15.910589] (hiveflight_interfaces) StderrLine: {'line': b'gmake[2]: warning:  Clock skew detected.  Your build may be incomplete.\n'}
[15.927669] (hiveflight_interfaces) StdoutLine: {'line': b'[100%] Built target hiveflight_interfaces__rosidl_typesupport_fastrtps_c__pyext\n'}
[15.942652] (-) TimerEvent: {}
[16.043713] (-) TimerEvent: {}
[16.056163] (hiveflight_interfaces) CommandEnded: {'returncode': 0}
[16.071916] (hiveflight_interfaces) JobProgress: {'identifier': 'hiveflight_interfaces', 'progress': 'install'}
[16.083243] (hiveflight_interfaces) Command: {'cmd': ['/usr/bin/cmake', '--install', '/mnt/c/work/ubuntu_work/HiveFlight/ros2_ws/build/hiveflight_interfaces'], 'cwd': '/mnt/c/work/ubuntu_work/HiveFlight/ros2_ws/build/hiveflight_interfaces', 'env': OrderedDict([('USER', 'ivano'), ('SHLVL', '1'), ('LD_LIBRARY_PATH', '/usr/lib/x86_64-linux-gnu/gazebo-11/plugins:/opt/ros/humble/opt/rviz_ogre_vendor/lib:/opt/ros/humble/lib/x86_64-linux-gnu:/opt/ros/humble/lib'), ('HOME', '/home/ivano'), ('OLDPWD', '/mnt/c/work/ubuntu_work/HiveFlight'), ('ROS_PYTHON_VERSION', '3'), ('DBUS_SESSION_BUS_ADDRESS', 'unix:path=/run/user/1000/bus'), ('WSL_DISTRO_NAME', 'Ubuntu-22.04'), ('WAYLAND_DISPLAY', 'wayland-0'), ('ROS_DISTRO', 'humble'), ('LOGNAME', 'ivano'), ('NAME', 'LAPTOP-7K9MEH4D'), ('WSL_INTEROP', '/run/WSL/3267_interop'), ('PULSE_SERVER', 'unix:/mnt/wslg/PulseServer'), ('_', '/usr/bin/colcon'), ('ROS_VERSION', '2'), ('TERM', 'xterm-256color'), ('ROS_LOCALHOST_ONLY', '0'), ('PATH', '/opt/ros/humble/bin:/usr/local/sbin:/usr/local/bin:/usr/sbin:/usr/bin:/sbin:/bin:/usr/games:/usr/local/games:/usr/lib/wsl/lib:/mnt/c/Users/ivano/AppData/Roaming/Code/User/globalStorage/github.copilot-chat/debugCommand:/mnt/c/Users/ivano/AppData/Roaming/Code/User/globalStorage/github.copilot-chat/copilotCli:/mnt/c/windows/system32:/mnt/c/windows:/mnt/c/windows/System32/Wbem:/mnt/c/windows/System32/WindowsPowerShell/v1.0/:/mnt/c/windows/System32/OpenSSH/:/mnt/c/Program Files/HP/1E.Performance.Assist/Extensibility/NomadBranch:/mnt/c/Program Files/CMake/bin:/mnt/c/Program Files (x86)/Windows Kits/10/Windows Performance Toolkit/:/mnt/c/Program Files/Git/cmd:/mnt/c/windows/system32:/mnt/c/windows:/mnt/c/windows/System32/Wbem:/mnt/c/windows/System32/WindowsPowerShell/v1.0/:/mnt/c/windows/System32/OpenSSH/:/mnt/c/Program Files/HP/1E.Performance.Assist/Extensibility/NomadBranch:/mnt/c/Program Files/CMake/bin:/mnt/c/Program Files (x86)/Windows Kits/10/Windows Performance Toolkit/:/mnt/c/Program Files/Git/cmd:/mnt/c/vcpkg:/mnt/c/Users/ivano/AppData/Local/Programs/Microsoft VS Code/bin:/snap/bin'), ('XDG_RUNTIME_DIR', '/run/user/1000'), ('DISPLAY', ':0'), ('LANG', 'C.UTF-8'), ('AMENT_PREFIX_PATH', '/opt/ros/humble'), ('SHELL', '/bin/bash'), ('PWD', '/mnt/c/work/ubuntu_work/HiveFlight/ros2_ws/build/hiveflight_interfaces'), ('XDG_DATA_DIRS', '/usr/local/share:/usr/share:/var/lib/snapd/desktop'), ('PYTHONPATH', '/opt/ros/humble/lib/python3.10/site-packages:/opt/ros/humble/local/lib/python3.10/dist-packages'), ('COLCON', '1'), ('WSL2_GUI_APPS_ENABLED', '1'), ('HOSTTYPE', 'x86_64'), ('WSLENV', ''), ('CMAKE_PREFIX_PATH', '/opt/ros/humble')]), 'shell': False}
[16.094077] (hiveflight_interfaces) StdoutLine: {'line': b'-- Install configuration: ""\n'}
[16.121601] (hiveflight_interfaces) StdoutLine: {'line': b'-- Installing: /mnt/c/work/ubuntu_work/HiveFlight/ros2_ws/install/share/ament_index/resource_index/rosidl_interfaces/hiveflight_interfaces\n'}
[16.143815] (-) TimerEvent: {}
[16.183770] (hiveflight_interfaces) StdoutLine: {'line': b'-- Installing: /mnt/c/work/ubuntu_work/HiveFlight/ros2_ws/install/include/hiveflight_interfaces/hiveflight_interfaces\n'}
[16.202541] (hiveflight_interfaces) StdoutLine: {'line': b'-- Installing: /mnt/c/work/ubuntu_work/HiveFlight/ros2_ws/install/include/hiveflight_interfaces/hiveflight_interfaces/msg\n'}
[16.228920] (hiveflight_interfaces) StdoutLine: {'line': b'-- Installing: /mnt/c/work/ubuntu_work/HiveFlight/ros2_ws/install/include/hiveflight_interfaces/hiveflight_interfaces/msg/detail\n'}
[16.243933] (-) TimerEvent: {}
[16.268162] (hiveflight_interfaces) StdoutLine: {'line': b'-- Installing: /mnt/c/work/ubuntu_work/HiveFlight/ros2_ws/install/include/hiveflight_interfaces/hiveflight_interfaces/msg/detail/drone_message__functions.c\n'}
[16.344068] (-) TimerEvent: {}
[16.351413] (hiveflight_interfaces) StdoutLine: {'line': b'-- Installing: /mnt/c/work/ubuntu_work/HiveFlight/ros2_ws/install/include/hiveflight_interfaces/hiveflight_interfaces/msg/detail/drone_message__functions.h\n'}
[16.440055] (hiveflight_interfaces) StdoutLine: {'line': b'-- Installing: /mnt/c/work/ubuntu_work/HiveFlight/ros2_ws/install/include/hiveflight_interfaces/hiveflight_interfaces/msg/detail/drone_message__struct.h\n'}
[16.444206] (-) TimerEvent: {}
[16.533879] (hiveflight_interfaces) StdoutLine: {'line': b'-- Installing: /mnt/c/work/ubuntu_work/HiveFlight/ros2_ws/install/include/hiveflight_interfaces/hiveflight_interfaces/msg/detail/drone_message__type_support.h\n'}
[16.544263] (-) TimerEvent: {}
[16.614861] (hiveflight_interfaces) StdoutLine: {'line': b'-- Installing: /mnt/c/work/ubuntu_work/HiveFlight/ros2_ws/install/include/hiveflight_interfaces/hiveflight_interfaces/msg/drone_message.h\n'}
[16.644351] (-) TimerEvent: {}
[16.682153] (hiveflight_interfaces) StdoutLine: {'line': b'-- Installing: /mnt/c/work/ubuntu_work/HiveFlight/ros2_ws/install/include/hiveflight_interfaces/hiveflight_interfaces/msg/rosidl_generator_c__visibility_control.h\n'}
[16.744481] (-) TimerEvent: {}
[16.746778] (hiveflight_interfaces) StdoutLine: {'line': b'-- Installing: /mnt/c/work/ubuntu_work/HiveFlight/ros2_ws/install/share/hiveflight_interfaces/environment/library_path.sh\n'}
[16.795741] (hiveflight_interfaces) StdoutLine: {'line': b'-- Installing: /mnt/c/work/ubuntu_work/HiveFlight/ros2_ws/install/share/hiveflight_interfaces/environment/library_path.dsv\n'}
[16.844604] (-) TimerEvent: {}
[16.851776] (hiveflight_interfaces) StdoutLine: {'line': b'-- Installing: /mnt/c/work/ubuntu_work/HiveFlight/ros2_ws/install/lib/libhiveflight_interfaces__rosidl_generator_c.so\n'}
[16.932004] (hiveflight_interfaces) StdoutLine: {'line': b'-- Set runtime path of "/mnt/c/work/ubuntu_work/HiveFlight/ros2_ws/install/lib/libhiveflight_interfaces__rosidl_generator_c.so" to ""\n'}
[16.940765] (hiveflight_interfaces) StdoutLine: {'line': b'-- Up-to-date: /mnt/c/work/ubuntu_work/HiveFlight/ros2_ws/install/include/hiveflight_interfaces/hiveflight_interfaces\n'}
[16.944688] (-) TimerEvent: {}
[16.958443] (hiveflight_interfaces) StdoutLine: {'line': b'-- Up-to-date: /mnt/c/work/ubuntu_work/HiveFlight/ros2_ws/install/include/hiveflight_interfaces/hiveflight_interfaces/msg\n'}
[16.981122] (hiveflight_interfaces) StdoutLine: {'line': b'-- Up-to-date: /mnt/c/work/ubuntu_work/HiveFlight/ros2_ws/install/include/hiveflight_interfaces/hiveflight_interfaces/msg/detail\n'}
[17.010443] (hiveflight_interfaces) StdoutLine: {'line': b'-- Installing: /mnt/c/work/ubuntu_work/HiveFlight/ros2_ws/install/include/hiveflight_interfaces/hiveflight_interfaces/msg/detail/drone_message__rosidl_typesupport_fastrtps_c.h\n'}
[17.044790] (-) TimerEvent: {}
[17.089660] (hiveflight_interfaces) StdoutLine: {'line': b'-- Installing: /mnt/c/work/ubuntu_work/HiveFlight/ros2_ws/install/include/hiveflight_interfaces/hiveflight_interfaces/msg/rosidl_typesupport_fastrtps_c__visibility_control.h\n'}
[17.144902] (-) TimerEvent: {}
[17.154525] (hiveflight_interfaces) StdoutLine: {'line': b'-- Installing: /mnt/c/work/ubuntu_work/HiveFlight/ros2_ws/install/lib/libhiveflight_interfaces__rosidl_typesupport_fastrtps_c.so\n'}
[17.235398] (hiveflight_interfaces) StdoutLine: {'line': b'-- Set runtime path of "/mnt/c/work/ubuntu_work/HiveFlight/ros2_ws/install/lib/libhiveflight_interfaces__rosidl_typesupport_fastrtps_c.so" to ""\n'}
[17.244058] (hiveflight_interfaces) StdoutLine: {'line': b'-- Up-to-date: /mnt/c/work/ubuntu_work/HiveFlight/ros2_ws/install/include/hiveflight_interfaces/hiveflight_interfaces\n'}
[17.245306] (-) TimerEvent: {}
[17.262592] (hiveflight_interfaces) StdoutLine: {'line': b'-- Up-to-date: /mnt/c/work/ubuntu_work/HiveFlight/ros2_ws/install/include/hiveflight_interfaces/hiveflight_interfaces/msg\n'}
[17.284855] (hiveflight_interfaces) StdoutLine: {'line': b'-- Up-to-date: /mnt/c/work/ubuntu_work/HiveFlight/ros2_ws/install/include/hiveflight_interfaces/hiveflight_interfaces/msg/detail\n'}
[17.317965] (hiveflight_interfaces) StdoutLine: {'line': b'-- Installing: /mnt/c/work/ubuntu_work/HiveFlight/ros2_ws/install/include/hiveflight_interfaces/hiveflight_interfaces/msg/detail/drone_message__builder.hpp\n'}
[17.345447] (-) TimerEvent: {}
[17.398875] (hiveflight_interfaces) StdoutLine: {'line': b'-- Installing: /mnt/c/work/ubuntu_work/HiveFlight/ros2_ws/install/include/hiveflight_interfaces/hiveflight_interfaces/msg/detail/drone_message__struct.hpp\n'}
[17.445573] (-) TimerEvent: {}
[17.485845] (hiveflight_interfaces) StdoutLine: {'line': b'-- Installing: /mnt/c/work/ubuntu_work/HiveFlight/ros2_ws/install/include/hiveflight_interfaces/hiveflight_interfaces/msg/detail/drone_message__traits.hpp\n'}
[17.545755] (-) TimerEvent: {}
[17.567752] (hiveflight_interfaces) StdoutLine: {'line': b'-- Installing: /mnt/c/work/ubuntu_work/HiveFlight/ros2_ws/install/include/hiveflight_interfaces/hiveflight_interfaces/msg/detail/drone_message__type_support.hpp\n'}
[17.645824] (-) TimerEvent: {}
[17.654715] (hiveflight_interfaces) StdoutLine: {'line': b'-- Installing: /mnt/c/work/ubuntu_work/HiveFlight/ros2_ws/install/include/hiveflight_interfaces/hiveflight_interfaces/msg/drone_message.hpp\n'}
[17.737892] (hiveflight_interfaces) StdoutLine: {'line': b'-- Installing: /mnt/c/work/ubuntu_work/HiveFlight/ros2_ws/install/include/hiveflight_interfaces/hiveflight_interfaces/msg/rosidl_generator_cpp__visibility_control.hpp\n'}
[17.745950] (-) TimerEvent: {}
[17.820078] (hiveflight_interfaces) StdoutLine: {'line': b'-- Up-to-date: /mnt/c/work/ubuntu_work/HiveFlight/ros2_ws/install/include/hiveflight_interfaces/hiveflight_interfaces\n'}
[17.842544] (hiveflight_interfaces) StdoutLine: {'line': b'-- Up-to-date: /mnt/c/work/ubuntu_work/HiveFlight/ros2_ws/install/include/hiveflight_interfaces/hiveflight_interfaces/msg\n'}
[17.846061] (-) TimerEvent: {}
[17.870063] (hiveflight_interfaces) StdoutLine: {'line': b'-- Up-to-date: /mnt/c/work/ubuntu_work/HiveFlight/ros2_ws/install/include/hiveflight_interfaces/hiveflight_interfaces/msg/detail\n'}
[17.897795] (hiveflight_interfaces) StdoutLine: {'line': b'-- Installing: /mnt/c/work/ubuntu_work/HiveFlight/ros2_ws/install/include/hiveflight_interfaces/hiveflight_interfaces/msg/detail/dds_fastrtps\n'}
[17.938335] (hiveflight_interfaces) StdoutLine: {'line': b'-- Installing: /mnt/c/work/ubuntu_work/HiveFlight/ros2_ws/install/include/hiveflight_interfaces/hiveflight_interfaces/msg/detail/drone_message__rosidl_typesupport_fastrtps_cpp.hpp\n'}
[17.946133] (-) TimerEvent: {}
[18.018130] (hiveflight_interfaces) StdoutLine: {'line': b'-- Installing: /mnt/c/work/ubuntu_work/HiveFlight/ros2_ws/install/include/hiveflight_interfaces/hiveflight_interfaces/msg/rosidl_typesupport_fastrtps_cpp__visibility_control.h\n'}
[18.046255] (-) TimerEvent: {}
[18.087068] (hiveflight_interfaces) StdoutLine: {'line': b'-- Installing: /mnt/c/work/ubuntu_work/HiveFlight/ros2_ws/install/lib/libhiveflight_interfaces__rosidl_typesupport_fastrtps_cpp.so\n'}
[18.146334] (-) TimerEvent: {}
[18.171927] (hiveflight_interfaces) StdoutLine: {'line': b'-- Set runtime path of "/mnt/c/work/ubuntu_work/HiveFlight/ros2_ws/install/lib/libhiveflight_interfaces__rosidl_typesupport_fastrtps_cpp.so" to ""\n'}
[18.179759] (hiveflight_interfaces) StdoutLine: {'line': b'-- Up-to-date: /mnt/c/work/ubuntu_work/HiveFlight/ros2_ws/install/include/hiveflight_interfaces/hiveflight_interfaces\n'}
[18.199266] (hiveflight_interfaces) StdoutLine: {'line': b'-- Up-to-date: /mnt/c/work/ubuntu_work/HiveFlight/ros2_ws/install/include/hiveflight_interfaces/hiveflight_interfaces/msg\n'}
[18.221650] (hiveflight_interfaces) StdoutLine: {'line': b'-- Up-to-date: /mnt/c/work/ubuntu_work/HiveFlight/ros2_ws/install/include/hiveflight_interfaces/hiveflight_interfaces/msg/detail\n'}
[18.246576] (-) TimerEvent: {}
[18.256078] (hiveflight_interfaces) StdoutLine: {'line': b'-- Installing: /mnt/c/work/ubuntu_work/HiveFlight/ros2_ws/install/include/hiveflight_interfaces/hiveflight_interfaces/msg/detail/drone_message__rosidl_typesupport_introspection_c.h\n'}
[18.340825] (hiveflight_interfaces) StdoutLine: {'line': b'-- Installing: /mnt/c/work/ubuntu_work/HiveFlight/ros2_ws/install/include/hiveflight_interfaces/hiveflight_interfaces/msg/detail/drone_message__type_support.c\n'}
[18.346773] (-) TimerEvent: {}
[18.418079] (hiveflight_interfaces) StdoutLine: {'line': b'-- Installing: /mnt/c/work/ubuntu_work/HiveFlight/ros2_ws/install/include/hiveflight_interfaces/hiveflight_interfaces/msg/rosidl_typesupport_introspection_c__visibility_control.h\n'}
[18.446862] (-) TimerEvent: {}
[18.484644] (hiveflight_interfaces) StdoutLine: {'line': b'-- Installing: /mnt/c/work/ubuntu_work/HiveFlight/ros2_ws/install/lib/libhiveflight_interfaces__rosidl_typesupport_introspection_c.so\n'}
[18.547029] (-) TimerEvent: {}
[18.566872] (hiveflight_interfaces) StdoutLine: {'line': b'-- Set runtime path of "/mnt/c/work/ubuntu_work/HiveFlight/ros2_ws/install/lib/libhiveflight_interfaces__rosidl_typesupport_introspection_c.so" to ""\n'}
[18.578497] (hiveflight_interfaces) StdoutLine: {'line': b'-- Installing: /mnt/c/work/ubuntu_work/HiveFlight/ros2_ws/install/lib/libhiveflight_interfaces__rosidl_typesupport_c.so\n'}
[18.647215] (-) TimerEvent: {}
[18.657172] (hiveflight_interfaces) StdoutLine: {'line': b'-- Set runtime path of "/mnt/c/work/ubuntu_work/HiveFlight/ros2_ws/install/lib/libhiveflight_interfaces__rosidl_typesupport_c.so" to ""\n'}
[18.666053] (hiveflight_interfaces) StdoutLine: {'line': b'-- Up-to-date: /mnt/c/work/ubuntu_work/HiveFlight/ros2_ws/install/include/hiveflight_interfaces/hiveflight_interfaces\n'}
[18.686678] (hiveflight_interfaces) StdoutLine: {'line': b'-- Up-to-date: /mnt/c/work/ubuntu_work/HiveFlight/ros2_ws/install/include/hiveflight_interfaces/hiveflight_interfaces/msg\n'}
[18.711033] (hiveflight_interfaces) StdoutLine: {'line': b'-- Up-to-date: /mnt/c/work/ubuntu_work/HiveFlight/ros2_ws/install/include/hiveflight_interfaces/hiveflight_interfaces/msg/detail\n'}
[18.743264] (hiveflight_interfaces) StdoutLine: {'line': b'-- Installing: /mnt/c/work/ubuntu_work/HiveFlight/ros2_ws/install/include/hiveflight_interfaces/hiveflight_interfaces/msg/detail/drone_message__rosidl_typesupport_introspection_cpp.hpp\n'}
[18.747351] (-) TimerEvent: {}
[18.835965] (hiveflight_interfaces) StdoutLine: {'line': b'-- Installing: /mnt/c/work/ubuntu_work/HiveFlight/ros2_ws/install/include/hiveflight_interfaces/hiveflight_interfaces/msg/detail/drone_message__type_support.cpp\n'}
[18.847510] (-) TimerEvent: {}
[18.912943] (hiveflight_interfaces) StdoutLine: {'line': b'-- Installing: /mnt/c/work/ubuntu_work/HiveFlight/ros2_ws/install/lib/libhiveflight_interfaces__rosidl_typesupport_introspection_cpp.so\n'}
[18.947754] (-) TimerEvent: {}
[18.990153] (hiveflight_interfaces) StdoutLine: {'line': b'-- Set runtime path of "/mnt/c/work/ubuntu_work/HiveFlight/ros2_ws/install/lib/libhiveflight_interfaces__rosidl_typesupport_introspection_cpp.so" to ""\n'}
[19.001820] (hiveflight_interfaces) StdoutLine: {'line': b'-- Installing: /mnt/c/work/ubuntu_work/HiveFlight/ros2_ws/install/lib/libhiveflight_interfaces__rosidl_typesupport_cpp.so\n'}
[19.048022] (-) TimerEvent: {}
[19.089172] (hiveflight_interfaces) StdoutLine: {'line': b'-- Set runtime path of "/mnt/c/work/ubuntu_work/HiveFlight/ros2_ws/install/lib/libhiveflight_interfaces__rosidl_typesupport_cpp.so" to ""\n'}
[19.105916] (hiveflight_interfaces) StdoutLine: {'line': b'-- Installing: /mnt/c/work/ubuntu_work/HiveFlight/ros2_ws/install/share/hiveflight_interfaces/environment/pythonpath.sh\n'}
[19.148129] (-) TimerEvent: {}
[19.170487] (hiveflight_interfaces) StdoutLine: {'line': b'-- Installing: /mnt/c/work/ubuntu_work/HiveFlight/ros2_ws/install/share/hiveflight_interfaces/environment/pythonpath.dsv\n'}
[19.228341] (hiveflight_interfaces) StdoutLine: {'line': b'-- Installing: /mnt/c/work/ubuntu_work/HiveFlight/ros2_ws/install/local/lib/python3.10/dist-packages/hiveflight_interfaces-0.0.1-py3.10.egg-info\n'}
[19.248289] (-) TimerEvent: {}
[19.265513] (hiveflight_interfaces) StdoutLine: {'line': b'-- Installing: /mnt/c/work/ubuntu_work/HiveFlight/ros2_ws/install/local/lib/python3.10/dist-packages/hiveflight_interfaces-0.0.1-py3.10.egg-info/dependency_links.txt\n'}
[19.348483] (-) TimerEvent: {}
[19.352691] (hiveflight_interfaces) StdoutLine: {'line': b'-- Installing: /mnt/c/work/ubuntu_work/HiveFlight/ros2_ws/install/local/lib/python3.10/dist-packages/hiveflight_interfaces-0.0.1-py3.10.egg-info/PKG-INFO\n'}
[19.440741] (hiveflight_interfaces) StdoutLine: {'line': b'-- Installing: /mnt/c/work/ubuntu_work/HiveFlight/ros2_ws/install/local/lib/python3.10/dist-packages/hiveflight_interfaces-0.0.1-py3.10.egg-info/SOURCES.txt\n'}
[19.448644] (-) TimerEvent: {}
[19.527512] (hiveflight_interfaces) StdoutLine: {'line': b'-- Installing: /mnt/c/work/ubuntu_work/HiveFlight/ros2_ws/install/local/lib/python3.10/dist-packages/hiveflight_interfaces-0.0.1-py3.10.egg-info/top_level.txt\n'}
[19.548833] (-) TimerEvent: {}
[19.605092] (hiveflight_interfaces) StdoutLine: {'line': b'-- Installing: /mnt/c/work/ubuntu_work/HiveFlight/ros2_ws/install/local/lib/python3.10/dist-packages/hiveflight_interfaces\n'}
[19.640857] (hiveflight_interfaces) StdoutLine: {'line': b'-- Installing: /mnt/c/work/ubuntu_work/HiveFlight/ros2_ws/install/local/lib/python3.10/dist-packages/hiveflight_interfaces/hiveflight_interfaces_s__rosidl_typesupport_c.cpython-310-x86_64-linux-gnu.so\n'}
[19.648979] (-) TimerEvent: {}
[19.722161] (hiveflight_interfaces) StdoutLine: {'line': b'-- Installing: /mnt/c/work/ubuntu_work/HiveFlight/ros2_ws/install/local/lib/python3.10/dist-packages/hiveflight_interfaces/hiveflight_interfaces_s__rosidl_typesupport_fastrtps_c.cpython-310-x86_64-linux-gnu.so\n'}
[19.749263] (-) TimerEvent: {}
[19.804470] (hiveflight_interfaces) StdoutLine: {'line': b'-- Installing: /mnt/c/work/ubuntu_work/HiveFlight/ros2_ws/install/local/lib/python3.10/dist-packages/hiveflight_interfaces/hiveflight_interfaces_s__rosidl_typesupport_introspection_c.cpython-310-x86_64-linux-gnu.so\n'}
[19.849522] (-) TimerEvent: {}
[19.886692] (hiveflight_interfaces) StdoutLine: {'line': b'-- Installing: /mnt/c/work/ubuntu_work/HiveFlight/ros2_ws/install/local/lib/python3.10/dist-packages/hiveflight_interfaces/libhiveflight_interfaces__rosidl_generator_py.so\n'}
[19.949642] (-) TimerEvent: {}
[19.961332] (hiveflight_interfaces) StdoutLine: {'line': b'-- Installing: /mnt/c/work/ubuntu_work/HiveFlight/ros2_ws/install/local/lib/python3.10/dist-packages/hiveflight_interfaces/msg\n'}
[20.003470] (hiveflight_interfaces) StdoutLine: {'line': b'-- Installing: /mnt/c/work/ubuntu_work/HiveFlight/ros2_ws/install/local/lib/python3.10/dist-packages/hiveflight_interfaces/msg/_drone_message.py\n'}
[20.049791] (-) TimerEvent: {}
[20.095903] (hiveflight_interfaces) StdoutLine: {'line': b'-- Installing: /mnt/c/work/ubuntu_work/HiveFlight/ros2_ws/install/local/lib/python3.10/dist-packages/hiveflight_interfaces/msg/_drone_message_s.c\n'}
[20.150080] (-) TimerEvent: {}
[20.184761] (hiveflight_interfaces) StdoutLine: {'line': b'-- Installing: /mnt/c/work/ubuntu_work/HiveFlight/ros2_ws/install/local/lib/python3.10/dist-packages/hiveflight_interfaces/msg/__init__.py\n'}
[20.250372] (-) TimerEvent: {}
[20.276868] (hiveflight_interfaces) StdoutLine: {'line': b'-- Installing: /mnt/c/work/ubuntu_work/HiveFlight/ros2_ws/install/local/lib/python3.10/dist-packages/hiveflight_interfaces/_hiveflight_interfaces_s.ep.rosidl_typesupport_c.c\n'}
[20.350602] (-) TimerEvent: {}
[20.362223] (hiveflight_interfaces) StdoutLine: {'line': b'-- Installing: /mnt/c/work/ubuntu_work/HiveFlight/ros2_ws/install/local/lib/python3.10/dist-packages/hiveflight_interfaces/_hiveflight_interfaces_s.ep.rosidl_typesupport_fastrtps_c.c\n'}
[20.438196] (hiveflight_interfaces) StdoutLine: {'line': b'-- Installing: /mnt/c/work/ubuntu_work/HiveFlight/ros2_ws/install/local/lib/python3.10/dist-packages/hiveflight_interfaces/_hiveflight_interfaces_s.ep.rosidl_typesupport_introspection_c.c\n'}
[20.450763] (-) TimerEvent: {}
[20.518111] (hiveflight_interfaces) StdoutLine: {'line': b'-- Installing: /mnt/c/work/ubuntu_work/HiveFlight/ros2_ws/install/local/lib/python3.10/dist-packages/hiveflight_interfaces/__init__.py\n'}
[20.550951] (-) TimerEvent: {}
[20.651937] (-) TimerEvent: {}
[20.752948] (-) TimerEvent: {}
[20.853785] (-) TimerEvent: {}
[20.954669] (-) TimerEvent: {}
[20.966261] (hiveflight_interfaces) StdoutLine: {'line': b"Listing '/mnt/c/work/ubuntu_work/HiveFlight/ros2_ws/install/local/lib/python3.10/dist-packages/hiveflight_interfaces'...\n"}
[20.967995] (hiveflight_interfaces) StdoutLine: {'line': b"Compiling '/mnt/c/work/ubuntu_work/HiveFlight/ros2_ws/install/local/lib/python3.10/dist-packages/hiveflight_interfaces/__init__.py'...\n"}
[20.969367] (hiveflight_interfaces) StdoutLine: {'line': b"Listing '/mnt/c/work/ubuntu_work/HiveFlight/ros2_ws/install/local/lib/python3.10/dist-packages/hiveflight_interfaces/msg'...\n"}
[20.971558] (hiveflight_interfaces) StdoutLine: {'line': b"Compiling '/mnt/c/work/ubuntu_work/HiveFlight/ros2_ws/install/local/lib/python3.10/dist-packages/hiveflight_interfaces/msg/__init__.py'...\n"}
[20.973758] (hiveflight_interfaces) StdoutLine: {'line': b"Compiling '/mnt/c/work/ubuntu_work/HiveFlight/ros2_ws/install/local/lib/python3.10/dist-packages/hiveflight_interfaces/msg/_drone_message.py'...\n"}
[21.054919] (-) TimerEvent: {}
[21.063460] (hiveflight_interfaces) StdoutLine: {'line': b'-- Installing: /mnt/c/work/ubuntu_work/HiveFlight/ros2_ws/install/local/lib/python3.10/dist-packages/hiveflight_interfaces/hiveflight_interfaces_s__rosidl_typesupport_fastrtps_c.cpython-310-x86_64-linux-gnu.so\n'}
[21.155208] (-) TimerEvent: {}
[21.245009] (hiveflight_interfaces) StdoutLine: {'line': b'-- Set runtime path of "/mnt/c/work/ubuntu_work/HiveFlight/ros2_ws/install/local/lib/python3.10/dist-packages/hiveflight_interfaces/hiveflight_interfaces_s__rosidl_typesupport_fastrtps_c.cpython-310-x86_64-linux-gnu.so" to ""\n'}
[21.255554] (-) TimerEvent: {}
[21.332663] (hiveflight_interfaces) StdoutLine: {'line': b'-- Installing: /mnt/c/work/ubuntu_work/HiveFlight/ros2_ws/install/local/lib/python3.10/dist-packages/hiveflight_interfaces/hiveflight_interfaces_s__rosidl_typesupport_introspection_c.cpython-310-x86_64-linux-gnu.so\n'}
[21.355876] (-) TimerEvent: {}
[21.456919] (-) TimerEvent: {}
[21.486684] (hiveflight_interfaces) StdoutLine: {'line': b'-- Set runtime path of "/mnt/c/work/ubuntu_work/HiveFlight/ros2_ws/install/local/lib/python3.10/dist-packages/hiveflight_interfaces/hiveflight_interfaces_s__rosidl_typesupport_introspection_c.cpython-310-x86_64-linux-gnu.so" to ""\n'}
[21.557128] (-) TimerEvent: {}
[21.562896] (hiveflight_interfaces) StdoutLine: {'line': b'-- Installing: /mnt/c/work/ubuntu_work/HiveFlight/ros2_ws/install/local/lib/python3.10/dist-packages/hiveflight_interfaces/hiveflight_interfaces_s__rosidl_typesupport_c.cpython-310-x86_64-linux-gnu.so\n'}
[21.657331] (-) TimerEvent: {}
[21.717764] (hiveflight_interfaces) StdoutLine: {'line': b'-- Set runtime path of "/mnt/c/work/ubuntu_work/HiveFlight/ros2_ws/install/local/lib/python3.10/dist-packages/hiveflight_interfaces/hiveflight_interfaces_s__rosidl_typesupport_c.cpython-310-x86_64-linux-gnu.so" to ""\n'}
[21.737803] (hiveflight_interfaces) StdoutLine: {'line': b'-- Installing: /mnt/c/work/ubuntu_work/HiveFlight/ros2_ws/install/lib/libhiveflight_interfaces__rosidl_generator_py.so\n'}
[21.757527] (-) TimerEvent: {}
[21.847188] (hiveflight_interfaces) StdoutLine: {'line': b'-- Set runtime path of "/mnt/c/work/ubuntu_work/HiveFlight/ros2_ws/install/lib/libhiveflight_interfaces__rosidl_generator_py.so" to ""\n'}
[21.857699] (-) TimerEvent: {}
[21.890765] (hiveflight_interfaces) StdoutLine: {'line': b'-- Installing: /mnt/c/work/ubuntu_work/HiveFlight/ros2_ws/install/share/ament_index/resource_index/rust_packages/hiveflight_interfaces\n'}
[21.957862] (-) TimerEvent: {}
[21.974703] (hiveflight_interfaces) StdoutLine: {'line': b'-- Installing: /mnt/c/work/ubuntu_work/HiveFlight/ros2_ws/install/share/hiveflight_interfaces/rust\n'}
[22.001465] (hiveflight_interfaces) StdoutLine: {'line': b'-- Installing: /mnt/c/work/ubuntu_work/HiveFlight/ros2_ws/install/share/hiveflight_interfaces/rust/build.rs\n'}
[22.058204] (-) TimerEvent: {}
[22.074663] (hiveflight_interfaces) StdoutLine: {'line': b'-- Installing: /mnt/c/work/ubuntu_work/HiveFlight/ros2_ws/install/share/hiveflight_interfaces/rust/Cargo.toml\n'}
[22.139480] (hiveflight_interfaces) StdoutLine: {'line': b'-- Installing: /mnt/c/work/ubuntu_work/HiveFlight/ros2_ws/install/share/hiveflight_interfaces/rust/src\n'}
[22.158458] (-) TimerEvent: {}
[22.176733] (hiveflight_interfaces) StdoutLine: {'line': b'-- Installing: /mnt/c/work/ubuntu_work/HiveFlight/ros2_ws/install/share/hiveflight_interfaces/rust/src/lib.rs\n'}
[22.252084] (hiveflight_interfaces) StdoutLine: {'line': b'-- Installing: /mnt/c/work/ubuntu_work/HiveFlight/ros2_ws/install/share/hiveflight_interfaces/rust/src/msg\n'}
[22.258649] (-) TimerEvent: {}
[22.299235] (hiveflight_interfaces) StdoutLine: {'line': b'-- Installing: /mnt/c/work/ubuntu_work/HiveFlight/ros2_ws/install/share/hiveflight_interfaces/rust/src/msg/rmw.rs\n'}
[22.358923] (-) TimerEvent: {}
[22.397945] (hiveflight_interfaces) StdoutLine: {'line': b'-- Installing: /mnt/c/work/ubuntu_work/HiveFlight/ros2_ws/install/share/hiveflight_interfaces/rust/src/msg.rs\n'}
[22.459290] (-) TimerEvent: {}
[22.492435] (hiveflight_interfaces) StdoutLine: {'line': b'-- Installing: /mnt/c/work/ubuntu_work/HiveFlight/ros2_ws/install/share/hiveflight_interfaces/msg/DroneMessage.idl\n'}
[22.559481] (-) TimerEvent: {}
[22.568216] (hiveflight_interfaces) StdoutLine: {'line': b'-- Installing: /mnt/c/work/ubuntu_work/HiveFlight/ros2_ws/install/share/hiveflight_interfaces/msg/DroneMessage.msg\n'}
[22.659718] (-) TimerEvent: {}
[22.663785] (hiveflight_interfaces) StdoutLine: {'line': b'-- Installing: /mnt/c/work/ubuntu_work/HiveFlight/ros2_ws/install/share/ament_index/resource_index/package_run_dependencies/hiveflight_interfaces\n'}
[22.759936] (-) TimerEvent: {}
[22.765039] (hiveflight_interfaces) StdoutLine: {'line': b'-- Installing: /mnt/c/work/ubuntu_work/HiveFlight/ros2_ws/install/share/ament_index/resource_index/parent_prefix_path/hiveflight_interfaces\n'}
[22.838587] (hiveflight_interfaces) StdoutLine: {'line': b'-- Installing: /mnt/c/work/ubuntu_work/HiveFlight/ros2_ws/install/share/hiveflight_interfaces/environment/ament_prefix_path.sh\n'}
[22.860132] (-) TimerEvent: {}
[22.889268] (hiveflight_interfaces) StdoutLine: {'line': b'-- Installing: /mnt/c/work/ubuntu_work/HiveFlight/ros2_ws/install/share/hiveflight_interfaces/environment/ament_prefix_path.dsv\n'}
[22.946147] (hiveflight_interfaces) StdoutLine: {'line': b'-- Installing: /mnt/c/work/ubuntu_work/HiveFlight/ros2_ws/install/share/hiveflight_interfaces/environment/path.sh\n'}
[22.960272] (-) TimerEvent: {}
[23.000182] (hiveflight_interfaces) StdoutLine: {'line': b'-- Installing: /mnt/c/work/ubuntu_work/HiveFlight/ros2_ws/install/share/hiveflight_interfaces/environment/path.dsv\n'}
[23.060374] (-) TimerEvent: {}
[23.062821] (hiveflight_interfaces) StdoutLine: {'line': b'-- Installing: /mnt/c/work/ubuntu_work/HiveFlight/ros2_ws/install/share/hiveflight_interfaces/local_setup.bash\n'}
[23.120493] (hiveflight_interfaces) StdoutLine: {'line': b'-- Installing: /mnt/c/work/ubuntu_work/HiveFlight/ros2_ws/install/share/hiveflight_interfaces/local_setup.sh\n'}
[23.160436] (-) TimerEvent: {}
[23.169783] (hiveflight_interfaces) StdoutLine: {'line': b'-- Installing: /mnt/c/work/ubuntu_work/HiveFlight/ros2_ws/install/share/hiveflight_interfaces/local_setup.zsh\n'}
[23.221237] (hiveflight_interfaces) StdoutLine: {'line': b'-- Installing: /mnt/c/work/ubuntu_work/HiveFlight/ros2_ws/install/share/hiveflight_interfaces/local_setup.dsv\n'}
[23.260571] (-) TimerEvent: {}
[23.269981] (hiveflight_interfaces) StdoutLine: {'line': b'-- Installing: /mnt/c/work/ubuntu_work/HiveFlight/ros2_ws/install/share/hiveflight_interfaces/package.dsv\n'}
[23.343152] (hiveflight_interfaces) StdoutLine: {'line': b'-- Installing: /mnt/c/work/ubuntu_work/HiveFlight/ros2_ws/install/share/ament_index/resource_index/packages/hiveflight_interfaces\n'}
[23.360700] (-) TimerEvent: {}
[23.443649] (hiveflight_interfaces) StdoutLine: {'line': b'-- Installing: /mnt/c/work/ubuntu_work/HiveFlight/ros2_ws/install/share/hiveflight_interfaces/cmake/export_hiveflight_interfaces__rosidl_generator_cExport.cmake\n'}
[23.460798] (-) TimerEvent: {}
[23.531212] (hiveflight_interfaces) StdoutLine: {'line': b'-- Installing: /mnt/c/work/ubuntu_work/HiveFlight/ros2_ws/install/share/hiveflight_interfaces/cmake/export_hiveflight_interfaces__rosidl_generator_cExport-noconfig.cmake\n'}
[23.560971] (-) TimerEvent: {}
[23.614412] (hiveflight_interfaces) StdoutLine: {'line': b'-- Installing: /mnt/c/work/ubuntu_work/HiveFlight/ros2_ws/install/share/hiveflight_interfaces/cmake/export_hiveflight_interfaces__rosidl_typesupport_fastrtps_cExport.cmake\n'}
[23.661140] (-) TimerEvent: {}
[23.695217] (hiveflight_interfaces) StdoutLine: {'line': b'-- Installing: /mnt/c/work/ubuntu_work/HiveFlight/ros2_ws/install/share/hiveflight_interfaces/cmake/export_hiveflight_interfaces__rosidl_typesupport_fastrtps_cExport-noconfig.cmake\n'}
[23.761236] (-) TimerEvent: {}
[23.768208] (hiveflight_interfaces) StdoutLine: {'line': b'-- Installing: /mnt/c/work/ubuntu_work/HiveFlight/ros2_ws/install/share/hiveflight_interfaces/cmake/export_hiveflight_interfaces__rosidl_generator_cppExport.cmake\n'}
[23.853251] (hiveflight_interfaces) StdoutLine: {'line': b'-- Installing: /mnt/c/work/ubuntu_work/HiveFlight/ros2_ws/install/share/hiveflight_interfaces/cmake/export_hiveflight_interfaces__rosidl_typesupport_fastrtps_cppExport.cmake\n'}
[23.861324] (-) TimerEvent: {}
[23.927103] (hiveflight_interfaces) StdoutLine: {'line': b'-- Installing: /mnt/c/work/ubuntu_work/HiveFlight/ros2_ws/install/share/hiveflight_interfaces/cmake/export_hiveflight_interfaces__rosidl_typesupport_fastrtps_cppExport-noconfig.cmake\n'}
[23.961500] (-) TimerEvent: {}
[24.004298] (hiveflight_interfaces) StdoutLine: {'line': b'-- Installing: /mnt/c/work/ubuntu_work/HiveFlight/ros2_ws/install/share/hiveflight_interfaces/cmake/hiveflight_interfaces__rosidl_typesupport_introspection_cExport.cmake\n'}
[24.061651] (-) TimerEvent: {}
[24.081650] (hiveflight_interfaces) StdoutLine: {'line': b'-- Installing: /mnt/c/work/ubuntu_work/HiveFlight/ros2_ws/install/share/hiveflight_interfaces/cmake/hiveflight_interfaces__rosidl_typesupport_introspection_cExport-noconfig.cmake\n'}
[24.158953] (hiveflight_interfaces) StdoutLine: {'line': b'-- Installing: /mnt/c/work/ubuntu_work/HiveFlight/ros2_ws/install/share/hiveflight_interfaces/cmake/hiveflight_interfaces__rosidl_typesupport_cExport.cmake\n'}
[24.161751] (-) TimerEvent: {}
[24.235305] (hiveflight_interfaces) StdoutLine: {'line': b'-- Installing: /mnt/c/work/ubuntu_work/HiveFlight/ros2_ws/install/share/hiveflight_interfaces/cmake/hiveflight_interfaces__rosidl_typesupport_cExport-noconfig.cmake\n'}
[24.261850] (-) TimerEvent: {}
[24.317904] (hiveflight_interfaces) StdoutLine: {'line': b'-- Installing: /mnt/c/work/ubuntu_work/HiveFlight/ros2_ws/install/share/hiveflight_interfaces/cmake/hiveflight_interfaces__rosidl_typesupport_introspection_cppExport.cmake\n'}
[24.362000] (-) TimerEvent: {}
[24.403297] (hiveflight_interfaces) StdoutLine: {'line': b'-- Installing: /mnt/c/work/ubuntu_work/HiveFlight/ros2_ws/install/share/hiveflight_interfaces/cmake/hiveflight_interfaces__rosidl_typesupport_introspection_cppExport-noconfig.cmake\n'}
[24.462063] (-) TimerEvent: {}
[24.487094] (hiveflight_interfaces) StdoutLine: {'line': b'-- Installing: /mnt/c/work/ubuntu_work/HiveFlight/ros2_ws/install/share/hiveflight_interfaces/cmake/hiveflight_interfaces__rosidl_typesupport_cppExport.cmake\n'}
[24.562185] (-) TimerEvent: {}
[24.566887] (hiveflight_interfaces) StdoutLine: {'line': b'-- Installing: /mnt/c/work/ubuntu_work/HiveFlight/ros2_ws/install/share/hiveflight_interfaces/cmake/hiveflight_interfaces__rosidl_typesupport_cppExport-noconfig.cmake\n'}
[24.643825] (hiveflight_interfaces) StdoutLine: {'line': b'-- Installing: /mnt/c/work/ubuntu_work/HiveFlight/ros2_ws/install/share/hiveflight_interfaces/cmake/export_hiveflight_interfaces__rosidl_generator_pyExport.cmake\n'}
[24.662346] (-) TimerEvent: {}
[24.717139] (hiveflight_interfaces) StdoutLine: {'line': b'-- Installing: /mnt/c/work/ubuntu_work/HiveFlight/ros2_ws/install/share/hiveflight_interfaces/cmake/export_hiveflight_interfaces__rosidl_generator_pyExport-noconfig.cmake\n'}
[24.762446] (-) TimerEvent: {}
[24.789650] (hiveflight_interfaces) StdoutLine: {'line': b'-- Installing: /mnt/c/work/ubuntu_work/HiveFlight/ros2_ws/install/share/hiveflight_interfaces/cmake/rosidl_cmake-extras.cmake\n'}
[24.845257] (hiveflight_interfaces) StdoutLine: {'line': b'-- Installing: /mnt/c/work/ubuntu_work/HiveFlight/ros2_ws/install/share/hiveflight_interfaces/cmake/ament_cmake_export_dependencies-extras.cmake\n'}
[24.862546] (-) TimerEvent: {}
[24.904843] (hiveflight_interfaces) StdoutLine: {'line': b'-- Installing: /mnt/c/work/ubuntu_work/HiveFlight/ros2_ws/install/share/hiveflight_interfaces/cmake/ament_cmake_export_include_directories-extras.cmake\n'}
[24.962675] (-) TimerEvent: {}
[24.970443] (hiveflight_interfaces) StdoutLine: {'line': b'-- Installing: /mnt/c/work/ubuntu_work/HiveFlight/ros2_ws/install/share/hiveflight_interfaces/cmake/ament_cmake_export_libraries-extras.cmake\n'}
[25.031559] (hiveflight_interfaces) StdoutLine: {'line': b'-- Installing: /mnt/c/work/ubuntu_work/HiveFlight/ros2_ws/install/share/hiveflight_interfaces/cmake/ament_cmake_export_targets-extras.cmake\n'}
[25.062799] (-) TimerEvent: {}
[25.089998] (hiveflight_interfaces) StdoutLine: {'line': b'-- Installing: /mnt/c/work/ubuntu_work/HiveFlight/ros2_ws/install/share/hiveflight_interfaces/cmake/rosidl_cmake_export_typesupport_targets-extras.cmake\n'}
[25.149287] (hiveflight_interfaces) StdoutLine: {'line': b'-- Installing: /mnt/c/work/ubuntu_work/HiveFlight/ros2_ws/install/share/hiveflight_interfaces/cmake/rosidl_cmake_export_typesupport_libraries-extras.cmake\n'}
[25.162937] (-) TimerEvent: {}
[25.207435] (hiveflight_interfaces) StdoutLine: {'line': b'-- Installing: /mnt/c/work/ubuntu_work/HiveFlight/ros2_ws/install/share/hiveflight_interfaces/cmake/hiveflight_interfacesConfig.cmake\n'}
[25.262998] (-) TimerEvent: {}
[25.267454] (hiveflight_interfaces) StdoutLine: {'line': b'-- Installing: /mnt/c/work/ubuntu_work/HiveFlight/ros2_ws/install/share/hiveflight_interfaces/cmake/hiveflight_interfacesConfig-version.cmake\n'}
[25.325223] (hiveflight_interfaces) StdoutLine: {'line': b'-- Installing: /mnt/c/work/ubuntu_work/HiveFlight/ros2_ws/install/share/hiveflight_interfaces/package.xml\n'}
[25.363097] (-) TimerEvent: {}
[25.386252] (hiveflight_interfaces) CommandEnded: {'returncode': 0}
[25.463203] (-) TimerEvent: {}
[25.563820] (-) TimerEvent: {}
[25.664720] (-) TimerEvent: {}
[25.765667] (-) TimerEvent: {}
[25.866272] (-) TimerEvent: {}
[25.966913] (-) TimerEvent: {}
[26.067481] (-) TimerEvent: {}
[26.167971] (-) TimerEvent: {}
[26.268547] (-) TimerEvent: {}
[26.343487] (hiveflight_interfaces) JobEnded: {'identifier': 'hiveflight_interfaces', 'rc': 0}
[26.356344] (hiveflight_sim) JobStarted: {'identifier': 'hiveflight_sim'}
[26.368669] (-) TimerEvent: {}
[26.469154] (-) TimerEvent: {}
[26.515004] (hiveflight_sim) JobProgress: {'identifier': 'hiveflight_sim', 'progress': 'cmake'}
[26.555316] (hiveflight_sim) Command: {'cmd': ['/usr/bin/cmake', '/mnt/c/work/ubuntu_work/HiveFlight/ros2_ws/src/hiveflight_sim', '-DCMAKE_INSTALL_PREFIX=/mnt/c/work/ubuntu_work/HiveFlight/ros2_ws/install'], 'cwd': '/mnt/c/work/ubuntu_work/HiveFlight/ros2_ws/build/hiveflight_sim', 'env': OrderedDict([('USER', 'ivano'), ('SHLVL', '1'), ('LD_LIBRARY_PATH', '/mnt/c/work/ubuntu_work/HiveFlight/ros2_ws/install/lib:/usr/lib/x86_64-linux-gnu/gazebo-11/plugins:/opt/ros/humble/opt/rviz_ogre_vendor/lib:/opt/ros/humble/lib/x86_64-linux-gnu:/opt/ros/humble/lib'), ('HOME', '/home/ivano'), ('OLDPWD', '/mnt/c/work/ubuntu_work/HiveFlight'), ('ROS_PYTHON_VERSION', '3'), ('DBUS_SESSION_BUS_ADDRESS', 'unix:path=/run/user/1000/bus'), ('WSL_DISTRO_NAME', 'Ubuntu-22.04'), ('WAYLAND_DISPLAY', 'wayland-0'), ('ROS_DISTRO', 'humble'), ('LOGNAME', 'ivano'), ('NAME', 'LAPTOP-7K9MEH4D'), ('WSL_INTEROP', '/run/WSL/3267_interop'), ('PULSE_SERVER', 'unix:/mnt/wslg/PulseServer'), ('_', '/usr/bin/colcon'), ('ROS_VERSION', '2'), ('TERM', 'xterm-256color'), ('ROS_LOCALHOST_ONLY', '0'), ('PATH', '/opt/ros/humble/bin:/usr/local/sbin:/usr/local/bin:/usr/sbin:/usr/bin:/sbin:/bin:/usr/games:/usr/local/games:/usr/lib/wsl/lib:/mnt/c/Users/ivano/AppData/Roaming/Code/User/globalStorage/github.copilot-chat/debugCommand:/mnt/c/Users/ivano/AppData/Roaming/Code/User/globalStorage/github.copilot-chat/copilotCli:/mnt/c/windows/system32:/mnt/c/windows:/mnt/c/windows/System32/Wbem:/mnt/c/windows/System32/WindowsPowerShell/v1.0/:/mnt/c/windows/System32/OpenSSH/:/mnt/c/Program Files/HP/1E.Performance.Assist/Extensibility/NomadBranch:/mnt/c/Program Files/CMake/bin:/mnt/c/Program Files (x86)/Windows Kits/10/Windows Performance Toolkit/:/mnt/c/Program Files/Git/cmd:/mnt/c/windows/system32:/mnt/c/windows:/mnt/c/windows/System32/Wbem:/mnt/c/windows/System32/WindowsPowerShell/v1.0/:/mnt/c/windows/System32/OpenSSH/:/mnt/c/Program Files/HP/1E.Performance.Assist/Extensibility/NomadBranch:/mnt/c/Program Files/CMake/bin:/mnt/c/Program Files (x86)/Windows Kits/10/Windows Performance Toolkit/:/mnt/c/Program Files/Git/cmd:/mnt/c/vcpkg:/mnt/c/Users/ivano/AppData/Local/Programs/Microsoft VS Code/bin:/snap/bin'), ('XDG_RUNTIME_DIR', '/run/user/1000'), ('DISPLAY', ':0'), ('LANG', 'C.UTF-8'), ('AMENT_PREFIX_PATH', '/mnt/c/work/ubuntu_work/HiveFlight/ros2_ws/install:/opt/ros/humble'), ('SHELL', '/bin/bash'), ('PWD', '/mnt/c/work/ubuntu_work/HiveFlight/ros2_ws/build/hiveflight_sim'), ('XDG_DATA_DIRS', '/usr/local/share:/usr/share:/var/lib/snapd/desktop'), ('PYTHONPATH', '/mnt/c/work/ubuntu_work/HiveFlight/ros2_ws/install/local/lib/python3.10/dist-packages:/opt/ros/humble/lib/python3.10/site-packages:/opt/ros/humble/local/lib/python3.10/dist-packages'), ('COLCON', '1'), ('WSL2_GUI_APPS_ENABLED', '1'), ('HOSTTYPE', 'x86_64'), ('WSLENV', ''), ('CMAKE_PREFIX_PATH', '/mnt/c/work/ubuntu_work/HiveFlight/ros2_ws/install:/opt/ros/humble')]), 'shell': False}
[26.569269] (-) TimerEvent: {}
[26.670112] (-) TimerEvent: {}
[26.771060] (-) TimerEvent: {}
[26.872127] (-) TimerEvent: {}
[26.973182] (-) TimerEvent: {}
[27.073893] (-) TimerEvent: {}
[27.174817] (-) TimerEvent: {}
[27.275482] (-) TimerEvent: {}
[27.365854] (hiveflight_sim) StdoutLine: {'line': b'-- The C compiler identification is GNU 11.4.0\n'}
[27.375647] (-) TimerEvent: {}
[27.476238] (-) TimerEvent: {}
[27.577494] (-) TimerEvent: {}
[27.678201] (-) TimerEvent: {}
[27.778740] (-) TimerEvent: {}
[27.879185] (-) TimerEvent: {}
[27.979822] (-) TimerEvent: {}
[28.005948] (hiveflight_sim) StdoutLine: {'line': b'-- The CXX compiler identification is GNU 11.4.0\n'}
[28.079878] (-) TimerEvent: {}
[28.180340] (-) TimerEvent: {}
[28.280814] (-) TimerEvent: {}
[28.300820] (hiveflight_sim) StdoutLine: {'line': b'-- Detecting C compiler ABI info\n'}
[28.380954] (-) TimerEvent: {}
[28.481673] (-) TimerEvent: {}
[28.582361] (-) TimerEvent: {}
[28.683173] (-) TimerEvent: {}
[28.783991] (-) TimerEvent: {}
[28.884499] (-) TimerEvent: {}
[28.984994] (-) TimerEvent: {}
[29.085589] (-) TimerEvent: {}
[29.186101] (-) TimerEvent: {}
[29.249667] (hiveflight_sim) StdoutLine: {'line': b'-- Detecting C compiler ABI info - done\n'}
[29.269506] (hiveflight_sim) StdoutLine: {'line': b'-- Check for working C compiler: /usr/bin/cc - skipped\n'}
[29.270831] (hiveflight_sim) StdoutLine: {'line': b'-- Detecting C compile features\n'}
[29.271772] (hiveflight_sim) StdoutLine: {'line': b'-- Detecting C compile features - done\n'}
[29.286232] (-) TimerEvent: {}
[29.320357] (hiveflight_sim) StdoutLine: {'line': b'-- Detecting CXX compiler ABI info\n'}
[29.386364] (-) TimerEvent: {}
[29.486949] (-) TimerEvent: {}
[29.587453] (-) TimerEvent: {}
[29.688022] (-) TimerEvent: {}
[29.788623] (-) TimerEvent: {}
[29.889253] (-) TimerEvent: {}
[29.989766] (-) TimerEvent: {}
[30.090313] (-) TimerEvent: {}
[30.191136] (-) TimerEvent: {}
[30.254822] (hiveflight_sim) StdoutLine: {'line': b'-- Detecting CXX compiler ABI info - done\n'}
[30.275036] (hiveflight_sim) StdoutLine: {'line': b'-- Check for working CXX compiler: /usr/bin/c++ - skipped\n'}
[30.275891] (hiveflight_sim) StdoutLine: {'line': b'-- Detecting CXX compile features\n'}
[30.276639] (hiveflight_sim) StdoutLine: {'line': b'-- Detecting CXX compile features - done\n'}
[30.291251] (-) TimerEvent: {}
[30.357262] (hiveflight_sim) StdoutLine: {'line': b'-- Found ament_cmake: 1.3.14 (/opt/ros/humble/share/ament_cmake/cmake)\n'}
[30.391378] (-) TimerEvent: {}
[30.491980] (-) TimerEvent: {}
[30.592579] (-) TimerEvent: {}
[30.693091] (-) TimerEvent: {}
[30.793709] (-) TimerEvent: {}
[30.894534] (-) TimerEvent: {}
[30.994987] (-) TimerEvent: {}
[31.095461] (-) TimerEvent: {}
[31.183450] (hiveflight_sim) StdoutLine: {'line': b'-- Found Python3: /usr/bin/python3 (found version "3.10.12") found components: Interpreter \n'}
[31.195622] (-) TimerEvent: {}
[31.296303] (-) TimerEvent: {}
[31.396840] (-) TimerEvent: {}
[31.497508] (-) TimerEvent: {}
[31.598086] (-) TimerEvent: {}
[31.698598] (-) TimerEvent: {}
[31.799101] (-) TimerEvent: {}
[31.899684] (-) TimerEvent: {}
[32.000395] (-) TimerEvent: {}
[32.042368] (hiveflight_sim) StdoutLine: {'line': b'-- Found rclcpp: 16.0.19 (/opt/ros/humble/share/rclcpp/cmake)\n'}
[32.100517] (-) TimerEvent: {}
[32.200968] (-) TimerEvent: {}
[32.301627] (-) TimerEvent: {}
[32.402144] (-) TimerEvent: {}
[32.502661] (-) TimerEvent: {}
[32.537886] (hiveflight_sim) StdoutLine: {'line': b'-- Found rosidl_generator_c: 3.1.8 (/opt/ros/humble/share/rosidl_generator_c/cmake)\n'}
[32.602804] (-) TimerEvent: {}
[32.614590] (hiveflight_sim) StdoutLine: {'line': b'-- Found rosidl_adapter: 3.1.8 (/opt/ros/humble/share/rosidl_adapter/cmake)\n'}
[32.702926] (-) TimerEvent: {}
[32.705626] (hiveflight_sim) StdoutLine: {'line': b'-- Found rosidl_generator_cpp: 3.1.8 (/opt/ros/humble/share/rosidl_generator_cpp/cmake)\n'}
[32.783497] (hiveflight_sim) StdoutLine: {'line': b'-- Using all available rosidl_typesupport_c: rosidl_typesupport_fastrtps_c;rosidl_typesupport_introspection_c\n'}
[32.803047] (-) TimerEvent: {}
[32.901460] (hiveflight_sim) StdoutLine: {'line': b'-- Using all available rosidl_typesupport_cpp: rosidl_typesupport_fastrtps_cpp;rosidl_typesupport_introspection_cpp\n'}
[32.903095] (-) TimerEvent: {}
[33.003523] (-) TimerEvent: {}
[33.104319] (-) TimerEvent: {}
[33.204828] (-) TimerEvent: {}
[33.294905] (hiveflight_sim) StdoutLine: {'line': b'-- Found rmw_implementation_cmake: 6.1.2 (/opt/ros/humble/share/rmw_implementation_cmake/cmake)\n'}
[33.304929] (-) TimerEvent: {}
[33.335306] (hiveflight_sim) StdoutLine: {'line': b'-- Found rmw_fastrtps_cpp: 6.2.10 (/opt/ros/humble/share/rmw_fastrtps_cpp/cmake)\n'}
[33.405071] (-) TimerEvent: {}
[33.505671] (-) TimerEvent: {}
[33.606152] (-) TimerEvent: {}
[33.707025] (-) TimerEvent: {}
[33.807660] (-) TimerEvent: {}
[33.908198] (-) TimerEvent: {}
[34.008738] (-) TimerEvent: {}
[34.109270] (-) TimerEvent: {}
[34.209774] (-) TimerEvent: {}
[34.310322] (-) TimerEvent: {}
[34.410956] (-) TimerEvent: {}
[34.512213] (-) TimerEvent: {}
[34.612731] (-) TimerEvent: {}
[34.713622] (-) TimerEvent: {}
[34.814293] (-) TimerEvent: {}
[34.914829] (-) TimerEvent: {}
[34.920124] (hiveflight_sim) StdoutLine: {'line': b'-- Found OpenSSL: /usr/lib/x86_64-linux-gnu/libcrypto.so (found version "3.0.2")  \n'}
[35.014958] (-) TimerEvent: {}
[35.115578] (-) TimerEvent: {}
[35.216260] (-) TimerEvent: {}
[35.316886] (-) TimerEvent: {}
[35.417501] (-) TimerEvent: {}
[35.518201] (-) TimerEvent: {}
[35.618702] (-) TimerEvent: {}
[35.719244] (-) TimerEvent: {}
[35.819831] (-) TimerEvent: {}
[35.920544] (-) TimerEvent: {}
[35.934501] (hiveflight_sim) StdoutLine: {'line': b'-- Found FastRTPS: /opt/ros/humble/include  \n'}
[36.020652] (-) TimerEvent: {}
[36.121205] (-) TimerEvent: {}
[36.221859] (-) TimerEvent: {}
[36.322410] (-) TimerEvent: {}
[36.422972] (-) TimerEvent: {}
[36.523670] (-) TimerEvent: {}
[36.624375] (-) TimerEvent: {}
[36.724923] (-) TimerEvent: {}
[36.825454] (-) TimerEvent: {}
[36.926250] (-) TimerEvent: {}
[37.026798] (-) TimerEvent: {}
[37.127338] (-) TimerEvent: {}
[37.227909] (-) TimerEvent: {}
[37.328493] (-) TimerEvent: {}
[37.428990] (-) TimerEvent: {}
[37.529673] (-) TimerEvent: {}
[37.623834] (hiveflight_sim) StdoutLine: {'line': b"-- Using RMW implementation 'rmw_fastrtps_cpp' as default\n"}
[37.629762] (-) TimerEvent: {}
[37.730315] (-) TimerEvent: {}
[37.763370] (hiveflight_sim) StdoutLine: {'line': b'-- Looking for pthread.h\n'}
[37.830512] (-) TimerEvent: {}
[37.931065] (-) TimerEvent: {}
[38.031725] (-) TimerEvent: {}
[38.132265] (-) TimerEvent: {}
[38.232812] (-) TimerEvent: {}
[38.333493] (-) TimerEvent: {}
[38.434049] (-) TimerEvent: {}
[38.534604] (-) TimerEvent: {}
[38.635169] (-) TimerEvent: {}
[38.735396] (hiveflight_sim) StdoutLine: {'line': b'-- Looking for pthread.h - found\n'}
[38.736295] (-) TimerEvent: {}
[38.745211] (hiveflight_sim) StdoutLine: {'line': b'-- Performing Test CMAKE_HAVE_LIBC_PTHREAD\n'}
[38.836431] (-) TimerEvent: {}
[38.937171] (-) TimerEvent: {}
[39.037760] (-) TimerEvent: {}
[39.138425] (-) TimerEvent: {}
[39.238945] (-) TimerEvent: {}
[39.339538] (-) TimerEvent: {}
[39.440105] (-) TimerEvent: {}
[39.540619] (-) TimerEvent: {}
[39.641180] (-) TimerEvent: {}
[39.732105] (hiveflight_sim) StdoutLine: {'line': b'-- Performing Test CMAKE_HAVE_LIBC_PTHREAD - Success\n'}
[39.737064] (hiveflight_sim) StdoutLine: {'line': b'-- Found Threads: TRUE  \n'}
[39.741273] (-) TimerEvent: {}
[39.841792] (-) TimerEvent: {}
[39.942316] (-) TimerEvent: {}
[39.949930] (hiveflight_sim) StdoutLine: {'line': b'-- Found geometry_msgs: 4.9.1 (/opt/ros/humble/share/geometry_msgs/cmake)\n'}
[40.021070] (hiveflight_sim) StdoutLine: {'line': b'-- Found hiveflight_interfaces: 0.0.1 (/mnt/c/work/ubuntu_work/HiveFlight/ros2_ws/install/share/hiveflight_interfaces/cmake)\n'}
[40.042463] (-) TimerEvent: {}
[40.143057] (-) TimerEvent: {}
[40.243484] (-) TimerEvent: {}
[40.344014] (-) TimerEvent: {}
[40.444595] (-) TimerEvent: {}
[40.545254] (-) TimerEvent: {}
[40.645855] (-) TimerEvent: {}
[40.746719] (-) TimerEvent: {}
[40.847489] (-) TimerEvent: {}
[40.948028] (-) TimerEvent: {}
[41.048696] (-) TimerEvent: {}
[41.149352] (-) TimerEvent: {}
[41.156434] (hiveflight_sim) StdoutLine: {'line': b'-- Configuring done\n'}
[41.249422] (-) TimerEvent: {}
[41.349926] (-) TimerEvent: {}
[41.450414] (-) TimerEvent: {}
[41.551043] (-) TimerEvent: {}
[41.585025] (hiveflight_sim) StdoutLine: {'line': b'-- Generating done\n'}
[41.651201] (-) TimerEvent: {}
[41.751914] (-) TimerEvent: {}
[41.822627] (hiveflight_sim) StdoutLine: {'line': b'-- Build files have been written to: /mnt/c/work/ubuntu_work/HiveFlight/ros2_ws/build/hiveflight_sim\n'}
[41.837170] (hiveflight_sim) CommandEnded: {'returncode': 0}
[41.842580] (hiveflight_sim) JobProgress: {'identifier': 'hiveflight_sim', 'progress': 'build'}
[41.848747] (hiveflight_sim) Command: {'cmd': ['/usr/bin/cmake', '--build', '/mnt/c/work/ubuntu_work/HiveFlight/ros2_ws/build/hiveflight_sim', '--', '-j16', '-l16'], 'cwd': '/mnt/c/work/ubuntu_work/HiveFlight/ros2_ws/build/hiveflight_sim', 'env': OrderedDict([('USER', 'ivano'), ('SHLVL', '1'), ('LD_LIBRARY_PATH', '/mnt/c/work/ubuntu_work/HiveFlight/ros2_ws/install/lib:/usr/lib/x86_64-linux-gnu/gazebo-11/plugins:/opt/ros/humble/opt/rviz_ogre_vendor/lib:/opt/ros/humble/lib/x86_64-linux-gnu:/opt/ros/humble/lib'), ('HOME', '/home/ivano'), ('OLDPWD', '/mnt/c/work/ubuntu_work/HiveFlight'), ('ROS_PYTHON_VERSION', '3'), ('DBUS_SESSION_BUS_ADDRESS', 'unix:path=/run/user/1000/bus'), ('WSL_DISTRO_NAME', 'Ubuntu-22.04'), ('WAYLAND_DISPLAY', 'wayland-0'), ('ROS_DISTRO', 'humble'), ('LOGNAME', 'ivano'), ('NAME', 'LAPTOP-7K9MEH4D'), ('WSL_INTEROP', '/run/WSL/3267_interop'), ('PULSE_SERVER', 'unix:/mnt/wslg/PulseServer'), ('_', '/usr/bin/colcon'), ('ROS_VERSION', '2'), ('TERM', 'xterm-256color'), ('ROS_LOCALHOST_ONLY', '0'), ('PATH', '/opt/ros/humble/bin:/usr/local/sbin:/usr/local/bin:/usr/sbin:/usr/bin:/sbin:/bin:/usr/games:/usr/local/games:/usr/lib/wsl/lib:/mnt/c/Users/ivano/AppData/Roaming/Code/User/globalStorage/github.copilot-chat/debugCommand:/mnt/c/Users/ivano/AppData/Roaming/Code/User/globalStorage/github.copilot-chat/copilotCli:/mnt/c/windows/system32:/mnt/c/windows:/mnt/c/windows/System32/Wbem:/mnt/c/windows/System32/WindowsPowerShell/v1.0/:/mnt/c/windows/System32/OpenSSH/:/mnt/c/Program Files/HP/1E.Performance.Assist/Extensibility/NomadBranch:/mnt/c/Program Files/CMake/bin:/mnt/c/Program Files (x86)/Windows Kits/10/Windows Performance Toolkit/:/mnt/c/Program Files/Git/cmd:/mnt/c/windows/system32:/mnt/c/windows:/mnt/c/windows/System32/Wbem:/mnt/c/windows/System32/WindowsPowerShell/v1.0/:/mnt/c/windows/System32/OpenSSH/:/mnt/c/Program Files/HP/1E.Performance.Assist/Extensibility/NomadBranch:/mnt/c/Program Files/CMake/bin:/mnt/c/Program Files (x86)/Windows Kits/10/Windows Performance Toolkit/:/mnt/c/Program Files/Git/cmd:/mnt/c/vcpkg:/mnt/c/Users/ivano/AppData/Local/Programs/Microsoft VS Code/bin:/snap/bin'), ('XDG_RUNTIME_DIR', '/run/user/1000'), ('DISPLAY', ':0'), ('LANG', 'C.UTF-8'), ('AMENT_PREFIX_PATH', '/mnt/c/work/ubuntu_work/HiveFlight/ros2_ws/install:/opt/ros/humble'), ('SHELL', '/bin/bash'), ('PWD', '/mnt/c/work/ubuntu_work/HiveFlight/ros2_ws/build/hiveflight_sim'), ('XDG_DATA_DIRS', '/usr/local/share:/usr/share:/var/lib/snapd/desktop'), ('PYTHONPATH', '/mnt/c/work/ubuntu_work/HiveFlight/ros2_ws/install/local/lib/python3.10/dist-packages:/opt/ros/humble/lib/python3.10/site-packages:/opt/ros/humble/local/lib/python3.10/dist-packages'), ('COLCON', '1'), ('WSL2_GUI_APPS_ENABLED', '1'), ('HOSTTYPE', 'x86_64'), ('WSLENV', ''), ('CMAKE_PREFIX_PATH', '/mnt/c/work/ubuntu_work/HiveFlight/ros2_ws/install:/opt/ros/humble')]), 'shell': False}
[41.852080] (-) TimerEvent: {}
[41.952979] (-) TimerEvent: {}
[42.055193] (-) TimerEvent: {}
[42.155830] (-) TimerEvent: {}
[42.256362] (-) TimerEvent: {}
[42.357104] (-) TimerEvent: {}
[42.457960] (-) TimerEvent: {}
[42.558776] (-) TimerEvent: {}
[42.659561] (-) TimerEvent: {}
[42.692754] (hiveflight_sim) StdoutLine: {'line': b'[ 20%] \x1b[32mBuilding CXX object CMakeFiles/hiveflight_ros2_adapter.dir/src/DroneRos2Adapter.cpp.o\x1b[0m\n'}
[42.703044] (hiveflight_sim) StdoutLine: {'line': b'[ 40%] \x1b[32mBuilding CXX object CMakeFiles/hiveflight_ros2_adapter.dir/src/DroneCommunication3D.cpp.o\x1b[0m\n'}
[42.712113] (hiveflight_sim) StdoutLine: {'line': b'[ 60%] \x1b[32mBuilding CXX object CMakeFiles/hiveflight_ros2_adapter.dir/mnt/c/work/ubuntu_work/HiveFlight/SwarmSimulation3D.cpp.o\x1b[0m\n'}
[42.724248] (hiveflight_sim) StdoutLine: {'line': b'[ 80%] \x1b[32mBuilding CXX object CMakeFiles/hiveflight_ros2_adapter.dir/mnt/c/work/ubuntu_work/HiveFlight/SpatialGrid3D.cpp.o\x1b[0m\n'}
[42.759761] (-) TimerEvent: {}
[42.860707] (-) TimerEvent: {}
[42.961631] (-) TimerEvent: {}
[43.062427] (-) TimerEvent: {}
[43.163205] (-) TimerEvent: {}
[43.263901] (-) TimerEvent: {}
[43.364459] (-) TimerEvent: {}
[43.465336] (-) TimerEvent: {}
[43.566411] (-) TimerEvent: {}
[43.667185] (-) TimerEvent: {}
[43.768049] (-) TimerEvent: {}
[43.868833] (-) TimerEvent: {}
[43.969612] (-) TimerEvent: {}
[44.070209] (-) TimerEvent: {}
[44.170920] (-) TimerEvent: {}
[44.271772] (-) TimerEvent: {}
[44.372350] (-) TimerEvent: {}
[44.472863] (-) TimerEvent: {}
[44.573373] (-) TimerEvent: {}
[44.673985] (-) TimerEvent: {}
[44.774491] (-) TimerEvent: {}
[44.875202] (-) TimerEvent: {}
[44.975881] (-) TimerEvent: {}
[45.076377] (-) TimerEvent: {}
[45.176877] (-) TimerEvent: {}
[45.277577] (-) TimerEvent: {}
[45.378126] (-) TimerEvent: {}
[45.478827] (-) TimerEvent: {}
[45.579915] (-) TimerEvent: {}
[45.680534] (-) TimerEvent: {}
[45.781062] (-) TimerEvent: {}
[45.881682] (-) TimerEvent: {}
[45.982471] (-) TimerEvent: {}
[46.082941] (-) TimerEvent: {}
[46.183467] (-) TimerEvent: {}
[46.284113] (-) TimerEvent: {}
[46.384790] (-) TimerEvent: {}
[46.485350] (-) TimerEvent: {}
[46.585967] (-) TimerEvent: {}
[46.686514] (-) TimerEvent: {}
[46.786964] (-) TimerEvent: {}
[46.887443] (-) TimerEvent: {}
[46.988214] (-) TimerEvent: {}
[47.089020] (-) TimerEvent: {}
[47.189628] (-) TimerEvent: {}
[47.290194] (-) TimerEvent: {}
[47.391181] (-) TimerEvent: {}
[47.491776] (-) TimerEvent: {}
[47.592414] (-) TimerEvent: {}
[47.693504] (-) TimerEvent: {}
[47.794404] (-) TimerEvent: {}
[47.895140] (-) TimerEvent: {}
[47.996004] (-) TimerEvent: {}
[48.097059] (-) TimerEvent: {}
[48.197792] (-) TimerEvent: {}
[48.298709] (-) TimerEvent: {}
[48.399819] (-) TimerEvent: {}
[48.500539] (-) TimerEvent: {}
[48.601189] (-) TimerEvent: {}
[48.702060] (-) TimerEvent: {}
[48.802713] (-) TimerEvent: {}
[48.903416] (-) TimerEvent: {}
[49.004247] (-) TimerEvent: {}
[49.105054] (-) TimerEvent: {}
[49.206031] (-) TimerEvent: {}
[49.306924] (-) TimerEvent: {}
[49.407918] (-) TimerEvent: {}
[49.511774] (-) TimerEvent: {}
[49.612699] (-) TimerEvent: {}
[49.713535] (-) TimerEvent: {}
[49.814253] (-) TimerEvent: {}
[49.915014] (-) TimerEvent: {}
[50.016181] (-) TimerEvent: {}
[50.117241] (-) TimerEvent: {}
[50.217959] (-) TimerEvent: {}
[50.318794] (-) TimerEvent: {}
[50.419876] (-) TimerEvent: {}
[50.521249] (-) TimerEvent: {}
[50.622479] (-) TimerEvent: {}
[50.723289] (-) TimerEvent: {}
[50.824039] (-) TimerEvent: {}
[50.925365] (-) TimerEvent: {}
[51.026167] (-) TimerEvent: {}
[51.127006] (-) TimerEvent: {}
[51.227980] (-) TimerEvent: {}
[51.328725] (-) TimerEvent: {}
[51.429620] (-) TimerEvent: {}
[51.530407] (-) TimerEvent: {}
[51.631373] (-) TimerEvent: {}
[51.732125] (-) TimerEvent: {}
[51.832930] (-) TimerEvent: {}
[51.933754] (-) TimerEvent: {}
[52.034610] (-) TimerEvent: {}
[52.135686] (-) TimerEvent: {}
[52.236876] (-) TimerEvent: {}
[52.338151] (-) TimerEvent: {}
[52.439434] (-) TimerEvent: {}
[52.540789] (-) TimerEvent: {}
[52.641774] (-) TimerEvent: {}
[52.742866] (-) TimerEvent: {}
[52.844083] (-) TimerEvent: {}
[52.944881] (-) TimerEvent: {}
[53.045913] (-) TimerEvent: {}
[53.146712] (-) TimerEvent: {}
[53.247426] (-) TimerEvent: {}
[53.348087] (-) TimerEvent: {}
[53.448796] (-) TimerEvent: {}
[53.549659] (-) TimerEvent: {}
[53.650383] (-) TimerEvent: {}
[53.751072] (-) TimerEvent: {}
[53.851978] (-) TimerEvent: {}
[53.953137] (-) TimerEvent: {}
[54.054010] (-) TimerEvent: {}
[54.154624] (-) TimerEvent: {}
[54.255310] (-) TimerEvent: {}
[54.356190] (-) TimerEvent: {}
[54.456875] (-) TimerEvent: {}
[54.557581] (-) TimerEvent: {}
[54.658389] (-) TimerEvent: {}
[54.759129] (-) TimerEvent: {}
[54.859938] (-) TimerEvent: {}
[54.961345] (-) TimerEvent: {}
[55.062239] (-) TimerEvent: {}
[55.163208] (-) TimerEvent: {}
[55.263849] (-) TimerEvent: {}
[55.269545] (hiveflight_sim) StdoutLine: {'line': b'[100%] \x1b[32m\x1b[1mLinking CXX static library libhiveflight_ros2_adapter.a\x1b[0m\n'}
[55.363997] (-) TimerEvent: {}
[55.464551] (-) TimerEvent: {}
[55.565069] (-) TimerEvent: {}
[55.665840] (-) TimerEvent: {}
[55.766458] (-) TimerEvent: {}
[55.867113] (-) TimerEvent: {}
[55.967774] (-) TimerEvent: {}
[56.068411] (-) TimerEvent: {}
[56.169283] (-) TimerEvent: {}
[56.269911] (-) TimerEvent: {}
[56.370581] (-) TimerEvent: {}
[56.471127] (-) TimerEvent: {}
[56.571715] (-) TimerEvent: {}
[56.672306] (-) TimerEvent: {}
[56.772892] (-) TimerEvent: {}
[56.873330] (-) TimerEvent: {}
[56.974082] (-) TimerEvent: {}
[57.074806] (-) TimerEvent: {}
[57.175358] (-) TimerEvent: {}
[57.275847] (-) TimerEvent: {}
[57.376672] (-) TimerEvent: {}
[57.477145] (-) TimerEvent: {}
[57.577781] (-) TimerEvent: {}
[57.678480] (-) TimerEvent: {}
[57.778951] (-) TimerEvent: {}
[57.879526] (-) TimerEvent: {}
[57.980271] (-) TimerEvent: {}
[58.081017] (-) TimerEvent: {}
[58.181613] (-) TimerEvent: {}
[58.282421] (-) TimerEvent: {}
[58.383062] (-) TimerEvent: {}
[58.483503] (-) TimerEvent: {}
[58.583963] (-) TimerEvent: {}
[58.684570] (-) TimerEvent: {}
[58.785215] (-) TimerEvent: {}
[58.885860] (-) TimerEvent: {}
[58.898508] (hiveflight_sim) StdoutLine: {'line': b'[100%] Built target hiveflight_ros2_adapter\n'}
[58.986079] (-) TimerEvent: {}
[59.033675] (hiveflight_sim) CommandEnded: {'returncode': 0}
[59.055882] (hiveflight_sim) JobProgress: {'identifier': 'hiveflight_sim', 'progress': 'install'}
[59.061736] (hiveflight_sim) Command: {'cmd': ['/usr/bin/cmake', '--install', '/mnt/c/work/ubuntu_work/HiveFlight/ros2_ws/build/hiveflight_sim'], 'cwd': '/mnt/c/work/ubuntu_work/HiveFlight/ros2_ws/build/hiveflight_sim', 'env': OrderedDict([('USER', 'ivano'), ('SHLVL', '1'), ('LD_LIBRARY_PATH', '/mnt/c/work/ubuntu_work/HiveFlight/ros2_ws/install/lib:/usr/lib/x86_64-linux-gnu/gazebo-11/plugins:/opt/ros/humble/opt/rviz_ogre_vendor/lib:/opt/ros/humble/lib/x86_64-linux-gnu:/opt/ros/humble/lib'), ('HOME', '/home/ivano'), ('OLDPWD', '/mnt/c/work/ubuntu_work/HiveFlight'), ('ROS_PYTHON_VERSION', '3'), ('DBUS_SESSION_BUS_ADDRESS', 'unix:path=/run/user/1000/bus'), ('WSL_DISTRO_NAME', 'Ubuntu-22.04'), ('WAYLAND_DISPLAY', 'wayland-0'), ('ROS_DISTRO', 'humble'), ('LOGNAME', 'ivano'), ('NAME', 'LAPTOP-7K9MEH4D'), ('WSL_INTEROP', '/run/WSL/3267_interop'), ('PULSE_SERVER', 'unix:/mnt/wslg/PulseServer'), ('_', '/usr/bin/colcon'), ('ROS_VERSION', '2'), ('TERM', 'xterm-256color'), ('ROS_LOCALHOST_ONLY', '0'), ('PATH', '/opt/ros/humble/bin:/usr/local/sbin:/usr/local/bin:/usr/sbin:/usr/bin:/sbin:/bin:/usr/games:/usr/local/games:/usr/lib/wsl/lib:/mnt/c/Users/ivano/AppData/Roaming/Code/User/globalStorage/github.copilot-chat/debugCommand:/mnt/c/Users/ivano/AppData/Roaming/Code/User/globalStorage/github.copilot-chat/copilotCli:/mnt/c/windows/system32:/mnt/c/windows:/mnt/c/windows/System32/Wbem:/mnt/c/windows/System32/WindowsPowerShell/v1.0/:/mnt/c/windows/System32/OpenSSH/:/mnt/c/Program Files/HP/1E.Performance.Assist/Extensibility/NomadBranch:/mnt/c/Program Files/CMake/bin:/mnt/c/Program Files (x86)/Windows Kits/10/Windows Performance Toolkit/:/mnt/c/Program Files/Git/cmd:/mnt/c/windows/system32:/mnt/c/windows:/mnt/c/windows/System32/Wbem:/mnt/c/windows/System32/WindowsPowerShell/v1.0/:/mnt/c/windows/System32/OpenSSH/:/mnt/c/Program Files/HP/1E.Performance.Assist/Extensibility/NomadBranch:/mnt/c/Program Files/CMake/bin:/mnt/c/Program Files (x86)/Windows Kits/10/Windows Performance Toolkit/:/mnt/c/Program Files/Git/cmd:/mnt/c/vcpkg:/mnt/c/Users/ivano/AppData/Local/Programs/Microsoft VS Code/bin:/snap/bin'), ('XDG_RUNTIME_DIR', '/run/user/1000'), ('DISPLAY', ':0'), ('LANG', 'C.UTF-8'), ('AMENT_PREFIX_PATH', '/mnt/c/work/ubuntu_work/HiveFlight/ros2_ws/install:/opt/ros/humble'), ('SHELL', '/bin/bash'), ('PWD', '/mnt/c/work/ubuntu_work/HiveFlight/ros2_ws/build/hiveflight_sim'), ('XDG_DATA_DIRS', '/usr/local/share:/usr/share:/var/lib/snapd/desktop'), ('PYTHONPATH', '/mnt/c/work/ubuntu_work/HiveFlight/ros2_ws/install/local/lib/python3.10/dist-packages:/opt/ros/humble/lib/python3.10/site-packages:/opt/ros/humble/local/lib/python3.10/dist-packages'), ('COLCON', '1'), ('WSL2_GUI_APPS_ENABLED', '1'), ('HOSTTYPE', 'x86_64'), ('WSLENV', ''), ('CMAKE_PREFIX_PATH', '/mnt/c/work/ubuntu_work/HiveFlight/ros2_ws/install:/opt/ros/humble')]), 'shell': False}
[59.086143] (-) TimerEvent: {}
[59.176144] (hiveflight_sim) StdoutLine: {'line': b'-- Install configuration: ""\n'}
[59.186193] (hiveflight_sim) StdoutLine: {'line': b'-- Installing: /mnt/c/work/ubuntu_work/HiveFlight/ros2_ws/install/lib/libhiveflight_ros2_adapter.a\n'}
[59.188631] (-) TimerEvent: {}
[59.289594] (-) TimerEvent: {}
[59.390276] (-) TimerEvent: {}
[59.490847] (-) TimerEvent: {}
[59.591478] (-) TimerEvent: {}
[59.692130] (-) TimerEvent: {}
[59.792950] (-) TimerEvent: {}
[59.893610] (-) TimerEvent: {}
[59.926399] (hiveflight_sim) StdoutLine: {'line': b'-- Up-to-date: /mnt/c/work/ubuntu_work/HiveFlight/ros2_ws/install/include\n'}
[59.942482] (hiveflight_sim) StdoutLine: {'line': b'-- Installing: /mnt/c/work/ubuntu_work/HiveFlight/ros2_ws/install/include/DroneCommunication3D.hpp\n'}
[59.991975] (hiveflight_sim) StdoutLine: {'line': b'-- Installing: /mnt/c/work/ubuntu_work/HiveFlight/ros2_ws/install/include/DroneRos2Adapter.hpp\n'}
[59.993651] (-) TimerEvent: {}
[60.036039] (hiveflight_sim) StdoutLine: {'line': b'-- Installing: /mnt/c/work/ubuntu_work/HiveFlight/ros2_ws/install/include/SpatialGrid3D.hpp\n'}
[60.081294] (hiveflight_sim) StdoutLine: {'line': b'-- Installing: /mnt/c/work/ubuntu_work/HiveFlight/ros2_ws/install/include/SwarmSimulation3D.hpp\n'}
[60.093760] (-) TimerEvent: {}
[60.127951] (hiveflight_sim) StdoutLine: {'line': b'-- Installing: /mnt/c/work/ubuntu_work/HiveFlight/ros2_ws/install/include/Vec3.hpp\n'}
[60.176946] (hiveflight_sim) StdoutLine: {'line': b'-- Installing: /mnt/c/work/ubuntu_work/HiveFlight/ros2_ws/install/share/hiveflight_sim/environment/library_path.sh\n'}
[60.193869] (-) TimerEvent: {}
[60.224584] (hiveflight_sim) StdoutLine: {'line': b'-- Installing: /mnt/c/work/ubuntu_work/HiveFlight/ros2_ws/install/share/hiveflight_sim/environment/library_path.dsv\n'}
[60.289352] (hiveflight_sim) StdoutLine: {'line': b'-- Installing: /mnt/c/work/ubuntu_work/HiveFlight/ros2_ws/install/share/ament_index/resource_index/package_run_dependencies/hiveflight_sim\n'}
[60.293936] (-) TimerEvent: {}
[60.371606] (hiveflight_sim) StdoutLine: {'line': b'-- Installing: /mnt/c/work/ubuntu_work/HiveFlight/ros2_ws/install/share/ament_index/resource_index/parent_prefix_path/hiveflight_sim\n'}
[60.394095] (-) TimerEvent: {}
[60.437922] (hiveflight_sim) StdoutLine: {'line': b'-- Installing: /mnt/c/work/ubuntu_work/HiveFlight/ros2_ws/install/share/hiveflight_sim/environment/ament_prefix_path.sh\n'}
[60.489688] (hiveflight_sim) StdoutLine: {'line': b'-- Installing: /mnt/c/work/ubuntu_work/HiveFlight/ros2_ws/install/share/hiveflight_sim/environment/ament_prefix_path.dsv\n'}
[60.494251] (-) TimerEvent: {}
[60.551872] (hiveflight_sim) StdoutLine: {'line': b'-- Installing: /mnt/c/work/ubuntu_work/HiveFlight/ros2_ws/install/share/hiveflight_sim/environment/path.sh\n'}
[60.594303] (-) TimerEvent: {}
[60.608733] (hiveflight_sim) StdoutLine: {'line': b'-- Installing: /mnt/c/work/ubuntu_work/HiveFlight/ros2_ws/install/share/hiveflight_sim/environment/path.dsv\n'}
[60.671634] (hiveflight_sim) StdoutLine: {'line': b'-- Installing: /mnt/c/work/ubuntu_work/HiveFlight/ros2_ws/install/share/hiveflight_sim/local_setup.bash\n'}
[60.694439] (-) TimerEvent: {}
[60.720059] (hiveflight_sim) StdoutLine: {'line': b'-- Installing: /mnt/c/work/ubuntu_work/HiveFlight/ros2_ws/install/share/hiveflight_sim/local_setup.sh\n'}
[60.772429] (hiveflight_sim) StdoutLine: {'line': b'-- Installing: /mnt/c/work/ubuntu_work/HiveFlight/ros2_ws/install/share/hiveflight_sim/local_setup.zsh\n'}
[60.794606] (-) TimerEvent: {}
[60.818773] (hiveflight_sim) StdoutLine: {'line': b'-- Installing: /mnt/c/work/ubuntu_work/HiveFlight/ros2_ws/install/share/hiveflight_sim/local_setup.dsv\n'}
[60.862725] (hiveflight_sim) StdoutLine: {'line': b'-- Installing: /mnt/c/work/ubuntu_work/HiveFlight/ros2_ws/install/share/hiveflight_sim/package.dsv\n'}
[60.894762] (-) TimerEvent: {}
[60.926412] (hiveflight_sim) StdoutLine: {'line': b'-- Installing: /mnt/c/work/ubuntu_work/HiveFlight/ros2_ws/install/share/ament_index/resource_index/packages/hiveflight_sim\n'}
[60.994866] (-) TimerEvent: {}
[61.038494] (hiveflight_sim) StdoutLine: {'line': b'-- Installing: /mnt/c/work/ubuntu_work/HiveFlight/ros2_ws/install/share/hiveflight_sim/cmake/hiveflight_ros2_adapterTargetsExport.cmake\n'}
[61.094988] (-) TimerEvent: {}
[61.115576] (hiveflight_sim) StdoutLine: {'line': b'-- Installing: /mnt/c/work/ubuntu_work/HiveFlight/ros2_ws/install/share/hiveflight_sim/cmake/hiveflight_ros2_adapterTargetsExport-noconfig.cmake\n'}
[61.182358] (hiveflight_sim) StdoutLine: {'line': b'-- Installing: /mnt/c/work/ubuntu_work/HiveFlight/ros2_ws/install/share/hiveflight_sim/cmake/ament_cmake_export_targets-extras.cmake\n'}
[61.195186] (-) TimerEvent: {}
[61.245098] (hiveflight_sim) StdoutLine: {'line': b'-- Installing: /mnt/c/work/ubuntu_work/HiveFlight/ros2_ws/install/share/hiveflight_sim/cmake/ament_cmake_export_dependencies-extras.cmake\n'}
[61.295290] (-) TimerEvent: {}
[61.302097] (hiveflight_sim) StdoutLine: {'line': b'-- Installing: /mnt/c/work/ubuntu_work/HiveFlight/ros2_ws/install/share/hiveflight_sim/cmake/hiveflight_simConfig.cmake\n'}
[61.355622] (hiveflight_sim) StdoutLine: {'line': b'-- Installing: /mnt/c/work/ubuntu_work/HiveFlight/ros2_ws/install/share/hiveflight_sim/cmake/hiveflight_simConfig-version.cmake\n'}
[61.395410] (-) TimerEvent: {}
[61.412798] (hiveflight_sim) StdoutLine: {'line': b'-- Installing: /mnt/c/work/ubuntu_work/HiveFlight/ros2_ws/install/share/hiveflight_sim/package.xml\n'}
[61.456723] (hiveflight_sim) CommandEnded: {'returncode': 0}
[61.495467] (-) TimerEvent: {}
[61.596078] (-) TimerEvent: {}
[61.696937] (-) TimerEvent: {}
[61.797893] (-) TimerEvent: {}
[61.898439] (-) TimerEvent: {}
[61.999144] (-) TimerEvent: {}
[62.099642] (-) TimerEvent: {}
[62.196328] (hiveflight_sim) JobEnded: {'identifier': 'hiveflight_sim', 'rc': 0}
[62.204331] (-) TimerEvent: {}
[62.204842] (hiveflight_sim_node) JobStarted: {'identifier': 'hiveflight_sim_node'}
[62.304488] (-) TimerEvent: {}
[62.404982] (-) TimerEvent: {}
[62.480225] (hiveflight_sim_node) JobProgress: {'identifier': 'hiveflight_sim_node', 'progress': 'cmake'}
[62.505099] (-) TimerEvent: {}
[62.514425] (hiveflight_sim_node) Command: {'cmd': ['/usr/bin/cmake', '/mnt/c/work/ubuntu_work/HiveFlight/ros2_ws/src/hiveflight_sim_node', '-DCMAKE_INSTALL_PREFIX=/mnt/c/work/ubuntu_work/HiveFlight/ros2_ws/install'], 'cwd': '/mnt/c/work/ubuntu_work/HiveFlight/ros2_ws/build/hiveflight_sim_node', 'env': OrderedDict([('USER', 'ivano'), ('SHLVL', '1'), ('LD_LIBRARY_PATH', '/mnt/c/work/ubuntu_work/HiveFlight/ros2_ws/install/lib:/usr/lib/x86_64-linux-gnu/gazebo-11/plugins:/opt/ros/humble/opt/rviz_ogre_vendor/lib:/opt/ros/humble/lib/x86_64-linux-gnu:/opt/ros/humble/lib'), ('HOME', '/home/ivano'), ('OLDPWD', '/mnt/c/work/ubuntu_work/HiveFlight'), ('ROS_PYTHON_VERSION', '3'), ('DBUS_SESSION_BUS_ADDRESS', 'unix:path=/run/user/1000/bus'), ('WSL_DISTRO_NAME', 'Ubuntu-22.04'), ('WAYLAND_DISPLAY', 'wayland-0'), ('ROS_DISTRO', 'humble'), ('LOGNAME', 'ivano'), ('NAME', 'LAPTOP-7K9MEH4D'), ('WSL_INTEROP', '/run/WSL/3267_interop'), ('PULSE_SERVER', 'unix:/mnt/wslg/PulseServer'), ('_', '/usr/bin/colcon'), ('ROS_VERSION', '2'), ('TERM', 'xterm-256color'), ('ROS_LOCALHOST_ONLY', '0'), ('PATH', '/opt/ros/humble/bin:/usr/local/sbin:/usr/local/bin:/usr/sbin:/usr/bin:/sbin:/bin:/usr/games:/usr/local/games:/usr/lib/wsl/lib:/mnt/c/Users/ivano/AppData/Roaming/Code/User/globalStorage/github.copilot-chat/debugCommand:/mnt/c/Users/ivano/AppData/Roaming/Code/User/globalStorage/github.copilot-chat/copilotCli:/mnt/c/windows/system32:/mnt/c/windows:/mnt/c/windows/System32/Wbem:/mnt/c/windows/System32/WindowsPowerShell/v1.0/:/mnt/c/windows/System32/OpenSSH/:/mnt/c/Program Files/HP/1E.Performance.Assist/Extensibility/NomadBranch:/mnt/c/Program Files/CMake/bin:/mnt/c/Program Files (x86)/Windows Kits/10/Windows Performance Toolkit/:/mnt/c/Program Files/Git/cmd:/mnt/c/windows/system32:/mnt/c/windows:/mnt/c/windows/System32/Wbem:/mnt/c/windows/System32/WindowsPowerShell/v1.0/:/mnt/c/windows/System32/OpenSSH/:/mnt/c/Program Files/HP/1E.Performance.Assist/Extensibility/NomadBranch:/mnt/c/Program Files/CMake/bin:/mnt/c/Program Files (x86)/Windows Kits/10/Windows Performance Toolkit/:/mnt/c/Program Files/Git/cmd:/mnt/c/vcpkg:/mnt/c/Users/ivano/AppData/Local/Programs/Microsoft VS Code/bin:/snap/bin'), ('XDG_RUNTIME_DIR', '/run/user/1000'), ('DISPLAY', ':0'), ('LANG', 'C.UTF-8'), ('AMENT_PREFIX_PATH', '/mnt/c/work/ubuntu_work/HiveFlight/ros2_ws/install:/opt/ros/humble'), ('SHELL', '/bin/bash'), ('PWD', '/mnt/c/work/ubuntu_work/HiveFlight/ros2_ws/build/hiveflight_sim_node'), ('XDG_DATA_DIRS', '/usr/local/share:/usr/share:/var/lib/snapd/desktop'), ('PYTHONPATH', '/mnt/c/work/ubuntu_work/HiveFlight/ros2_ws/install/local/lib/python3.10/dist-packages:/opt/ros/humble/lib/python3.10/site-packages:/opt/ros/humble/local/lib/python3.10/dist-packages'), ('COLCON', '1'), ('WSL2_GUI_APPS_ENABLED', '1'), ('HOSTTYPE', 'x86_64'), ('WSLENV', ''), ('CMAKE_PREFIX_PATH', '/mnt/c/work/ubuntu_work/HiveFlight/ros2_ws/install:/opt/ros/humble')]), 'shell': False}
[62.605228] (-) TimerEvent: {}
[62.705792] (-) TimerEvent: {}
[62.806482] (-) TimerEvent: {}
[62.907223] (-) TimerEvent: {}
[63.008135] (-) TimerEvent: {}
[63.093512] (hiveflight_sim_node) StdoutLine: {'line': b'-- The C compiler identification is GNU 11.4.0\n'}
[63.108250] (-) TimerEvent: {}
[63.208690] (-) TimerEvent: {}
[63.309423] (-) TimerEvent: {}
[63.410107] (-) TimerEvent: {}
[63.510618] (-) TimerEvent: {}
[63.612648] (-) TimerEvent: {}
[63.712618] (hiveflight_sim_node) StdoutLine: {'line': b'-- The CXX compiler identification is GNU 11.4.0\n'}
[63.714994] (-) TimerEvent: {}
[63.815459] (-) TimerEvent: {}
[63.916039] (-) TimerEvent: {}
[64.001872] (hiveflight_sim_node) StdoutLine: {'line': b'-- Detecting C compiler ABI info\n'}
[64.016083] (-) TimerEvent: {}
[64.116576] (-) TimerEvent: {}
[64.217159] (-) TimerEvent: {}
[64.317709] (-) TimerEvent: {}
[64.418224] (-) TimerEvent: {}
[64.518888] (-) TimerEvent: {}
[64.619990] (-) TimerEvent: {}
[64.720781] (-) TimerEvent: {}
[64.821276] (-) TimerEvent: {}
[64.921971] (-) TimerEvent: {}
[64.973924] (hiveflight_sim_node) StdoutLine: {'line': b'-- Detecting C compiler ABI info - done\n'}
[64.993768] (hiveflight_sim_node) StdoutLine: {'line': b'-- Check for working C compiler: /usr/bin/cc - skipped\n'}
[64.994958] (hiveflight_sim_node) StdoutLine: {'line': b'-- Detecting C compile features\n'}
[64.995841] (hiveflight_sim_node) StdoutLine: {'line': b'-- Detecting C compile features - done\n'}
[65.022028] (-) TimerEvent: {}
[65.049113] (hiveflight_sim_node) StdoutLine: {'line': b'-- Detecting CXX compiler ABI info\n'}
[65.122128] (-) TimerEvent: {}
[65.222751] (-) TimerEvent: {}
[65.323335] (-) TimerEvent: {}
[65.424122] (-) TimerEvent: {}
[65.524629] (-) TimerEvent: {}
[65.625249] (-) TimerEvent: {}
[65.725940] (-) TimerEvent: {}
[65.827098] (-) TimerEvent: {}
[65.927604] (-) TimerEvent: {}
[66.005702] (hiveflight_sim_node) StdoutLine: {'line': b'-- Detecting CXX compiler ABI info - done\n'}
[66.027700] (-) TimerEvent: {}
[66.039486] (hiveflight_sim_node) StdoutLine: {'line': b'-- Check for working CXX compiler: /usr/bin/c++ - skipped\n'}
[66.040527] (hiveflight_sim_node) StdoutLine: {'line': b'-- Detecting CXX compile features\n'}
[66.041505] (hiveflight_sim_node) StdoutLine: {'line': b'-- Detecting CXX compile features - done\n'}
[66.126276] (hiveflight_sim_node) StdoutLine: {'line': b'-- Found ament_cmake: 1.3.14 (/opt/ros/humble/share/ament_cmake/cmake)\n'}
[66.127903] (-) TimerEvent: {}
[66.228391] (-) TimerEvent: {}
[66.328912] (-) TimerEvent: {}
[66.429497] (-) TimerEvent: {}
[66.530050] (-) TimerEvent: {}
[66.630550] (-) TimerEvent: {}
[66.731340] (-) TimerEvent: {}
[66.831913] (-) TimerEvent: {}
[66.932385] (-) TimerEvent: {}
[66.984875] (hiveflight_sim_node) StdoutLine: {'line': b'-- Found Python3: /usr/bin/python3 (found version "3.10.12") found components: Interpreter \n'}
[67.032512] (-) TimerEvent: {}
[67.133191] (-) TimerEvent: {}
[67.233772] (-) TimerEvent: {}
[67.334345] (-) TimerEvent: {}
[67.435025] (-) TimerEvent: {}
[67.535813] (-) TimerEvent: {}
[67.636315] (-) TimerEvent: {}
[67.736866] (-) TimerEvent: {}
[67.837521] (-) TimerEvent: {}
[67.860371] (hiveflight_sim_node) StdoutLine: {'line': b'-- Found rclcpp: 16.0.19 (/opt/ros/humble/share/rclcpp/cmake)\n'}
[67.937647] (-) TimerEvent: {}
[68.038299] (-) TimerEvent: {}
[68.138905] (-) TimerEvent: {}
[68.239633] (-) TimerEvent: {}
[68.340132] (-) TimerEvent: {}
[68.350428] (hiveflight_sim_node) StdoutLine: {'line': b'-- Found rosidl_generator_c: 3.1.8 (/opt/ros/humble/share/rosidl_generator_c/cmake)\n'}
[68.428868] (hiveflight_sim_node) StdoutLine: {'line': b'-- Found rosidl_adapter: 3.1.8 (/opt/ros/humble/share/rosidl_adapter/cmake)\n'}
[68.440256] (-) TimerEvent: {}
[68.510168] (hiveflight_sim_node) StdoutLine: {'line': b'-- Found rosidl_generator_cpp: 3.1.8 (/opt/ros/humble/share/rosidl_generator_cpp/cmake)\n'}
[68.540494] (-) TimerEvent: {}
[68.586590] (hiveflight_sim_node) StdoutLine: {'line': b'-- Using all available rosidl_typesupport_c: rosidl_typesupport_fastrtps_c;rosidl_typesupport_introspection_c\n'}
[68.640642] (-) TimerEvent: {}
[68.699356] (hiveflight_sim_node) StdoutLine: {'line': b'-- Using all available rosidl_typesupport_cpp: rosidl_typesupport_fastrtps_cpp;rosidl_typesupport_introspection_cpp\n'}
[68.740737] (-) TimerEvent: {}
[68.841330] (-) TimerEvent: {}
[68.942126] (-) TimerEvent: {}
[69.042724] (-) TimerEvent: {}
[69.087487] (hiveflight_sim_node) StdoutLine: {'line': b'-- Found rmw_implementation_cmake: 6.1.2 (/opt/ros/humble/share/rmw_implementation_cmake/cmake)\n'}
[69.123399] (hiveflight_sim_node) StdoutLine: {'line': b'-- Found rmw_fastrtps_cpp: 6.2.10 (/opt/ros/humble/share/rmw_fastrtps_cpp/cmake)\n'}
[69.142939] (-) TimerEvent: {}
[69.243594] (-) TimerEvent: {}
[69.344593] (-) TimerEvent: {}
[69.445128] (-) TimerEvent: {}
[69.545871] (-) TimerEvent: {}
[69.646548] (-) TimerEvent: {}
[69.747054] (-) TimerEvent: {}
[69.847644] (-) TimerEvent: {}
[69.948219] (-) TimerEvent: {}
[70.048876] (-) TimerEvent: {}
[70.149463] (-) TimerEvent: {}
[70.250136] (-) TimerEvent: {}
[70.350747] (-) TimerEvent: {}
[70.451273] (-) TimerEvent: {}
[70.551919] (-) TimerEvent: {}
[70.652608] (-) TimerEvent: {}
[70.692343] (hiveflight_sim_node) StdoutLine: {'line': b'-- Found OpenSSL: /usr/lib/x86_64-linux-gnu/libcrypto.so (found version "3.0.2")  \n'}
[70.752735] (-) TimerEvent: {}
[70.853251] (-) TimerEvent: {}
[70.953901] (-) TimerEvent: {}
[71.054684] (-) TimerEvent: {}
[71.155189] (-) TimerEvent: {}
[71.255861] (-) TimerEvent: {}
[71.356554] (-) TimerEvent: {}
[71.457198] (-) TimerEvent: {}
[71.557872] (-) TimerEvent: {}
[71.658596] (-) TimerEvent: {}
[71.677107] (hiveflight_sim_node) StdoutLine: {'line': b'-- Found FastRTPS: /opt/ros/humble/include  \n'}
[71.758669] (-) TimerEvent: {}
[71.859140] (-) TimerEvent: {}
[71.959686] (-) TimerEvent: {}
[72.060266] (-) TimerEvent: {}
[72.160910] (-) TimerEvent: {}
[72.261609] (-) TimerEvent: {}
[72.363514] (-) TimerEvent: {}
[72.464276] (-) TimerEvent: {}
[72.564787] (-) TimerEvent: {}
[72.665325] (-) TimerEvent: {}
[72.765972] (-) TimerEvent: {}
[72.866500] (-) TimerEvent: {}
[72.967119] (-) TimerEvent: {}
[73.067742] (-) TimerEvent: {}
[73.168526] (-) TimerEvent: {}
[73.269110] (-) TimerEvent: {}
[73.369711] (-) TimerEvent: {}
[73.391050] (hiveflight_sim_node) StdoutLine: {'line': b"-- Using RMW implementation 'rmw_fastrtps_cpp' as default\n"}
[73.469817] (-) TimerEvent: {}
[73.534021] (hiveflight_sim_node) StdoutLine: {'line': b'-- Looking for pthread.h\n'}
[73.569912] (-) TimerEvent: {}
[73.670408] (-) TimerEvent: {}
[73.770985] (-) TimerEvent: {}
[73.871662] (-) TimerEvent: {}
[73.972156] (-) TimerEvent: {}
[74.072773] (-) TimerEvent: {}
[74.173808] (-) TimerEvent: {}
[74.274414] (-) TimerEvent: {}
[74.375711] (-) TimerEvent: {}
[74.476516] (-) TimerEvent: {}
[74.577695] (-) TimerEvent: {}
[74.678348] (-) TimerEvent: {}
[74.684316] (hiveflight_sim_node) StdoutLine: {'line': b'-- Looking for pthread.h - found\n'}
[74.697280] (hiveflight_sim_node) StdoutLine: {'line': b'-- Performing Test CMAKE_HAVE_LIBC_PTHREAD\n'}
[74.778496] (-) TimerEvent: {}
[74.879132] (-) TimerEvent: {}
[74.979676] (-) TimerEvent: {}
[75.080266] (-) TimerEvent: {}
[75.180968] (-) TimerEvent: {}
[75.281591] (-) TimerEvent: {}
[75.382145] (-) TimerEvent: {}
[75.482844] (-) TimerEvent: {}
[75.583639] (-) TimerEvent: {}
[75.684223] (-) TimerEvent: {}
[75.749496] (hiveflight_sim_node) StdoutLine: {'line': b'-- Performing Test CMAKE_HAVE_LIBC_PTHREAD - Success\n'}
[75.754160] (hiveflight_sim_node) StdoutLine: {'line': b'-- Found Threads: TRUE  \n'}
[75.784345] (-) TimerEvent: {}
[75.884865] (-) TimerEvent: {}
[75.985479] (-) TimerEvent: {}
[76.011198] (hiveflight_sim_node) StdoutLine: {'line': b'-- Found hiveflight_interfaces: 0.0.1 (/mnt/c/work/ubuntu_work/HiveFlight/ros2_ws/install/share/hiveflight_interfaces/cmake)\n'}
[76.085604] (-) TimerEvent: {}
[76.186223] (-) TimerEvent: {}
[76.286954] (-) TimerEvent: {}
[76.387387] (-) TimerEvent: {}
[76.487959] (-) TimerEvent: {}
[76.556975] (hiveflight_sim_node) StdoutLine: {'line': b'-- Found hiveflight_sim: 0.0.1 (/mnt/c/work/ubuntu_work/HiveFlight/ros2_ws/install/share/hiveflight_sim/cmake)\n'}
[76.588070] (-) TimerEvent: {}
[76.688833] (-) TimerEvent: {}
[76.789336] (-) TimerEvent: {}
[76.889875] (-) TimerEvent: {}
[76.990602] (-) TimerEvent: {}
[77.091127] (-) TimerEvent: {}
[77.191688] (-) TimerEvent: {}
[77.198369] (hiveflight_sim_node) StdoutLine: {'line': b'-- Configuring done\n'}
[77.291866] (-) TimerEvent: {}
[77.392657] (-) TimerEvent: {}
[77.493432] (-) TimerEvent: {}
[77.594057] (-) TimerEvent: {}
[77.692571] (hiveflight_sim_node) StdoutLine: {'line': b'-- Generating done\n'}
[77.694111] (-) TimerEvent: {}
[77.794724] (-) TimerEvent: {}
[77.875152] (hiveflight_sim_node) StdoutLine: {'line': b'-- Build files have been written to: /mnt/c/work/ubuntu_work/HiveFlight/ros2_ws/build/hiveflight_sim_node\n'}
[77.886480] (hiveflight_sim_node) CommandEnded: {'returncode': 0}
[77.890764] (hiveflight_sim_node) JobProgress: {'identifier': 'hiveflight_sim_node', 'progress': 'build'}
[77.894812] (-) TimerEvent: {}
[77.896628] (hiveflight_sim_node) Command: {'cmd': ['/usr/bin/cmake', '--build', '/mnt/c/work/ubuntu_work/HiveFlight/ros2_ws/build/hiveflight_sim_node', '--', '-j16', '-l16'], 'cwd': '/mnt/c/work/ubuntu_work/HiveFlight/ros2_ws/build/hiveflight_sim_node', 'env': OrderedDict([('USER', 'ivano'), ('SHLVL', '1'), ('LD_LIBRARY_PATH', '/mnt/c/work/ubuntu_work/HiveFlight/ros2_ws/install/lib:/usr/lib/x86_64-linux-gnu/gazebo-11/plugins:/opt/ros/humble/opt/rviz_ogre_vendor/lib:/opt/ros/humble/lib/x86_64-linux-gnu:/opt/ros/humble/lib'), ('HOME', '/home/ivano'), ('OLDPWD', '/mnt/c/work/ubuntu_work/HiveFlight'), ('ROS_PYTHON_VERSION', '3'), ('DBUS_SESSION_BUS_ADDRESS', 'unix:path=/run/user/1000/bus'), ('WSL_DISTRO_NAME', 'Ubuntu-22.04'), ('WAYLAND_DISPLAY', 'wayland-0'), ('ROS_DISTRO', 'humble'), ('LOGNAME', 'ivano'), ('NAME', 'LAPTOP-7K9MEH4D'), ('WSL_INTEROP', '/run/WSL/3267_interop'), ('PULSE_SERVER', 'unix:/mnt/wslg/PulseServer'), ('_', '/usr/bin/colcon'), ('ROS_VERSION', '2'), ('TERM', 'xterm-256color'), ('ROS_LOCALHOST_ONLY', '0'), ('PATH', '/opt/ros/humble/bin:/usr/local/sbin:/usr/local/bin:/usr/sbin:/usr/bin:/sbin:/bin:/usr/games:/usr/local/games:/usr/lib/wsl/lib:/mnt/c/Users/ivano/AppData/Roaming/Code/User/globalStorage/github.copilot-chat/debugCommand:/mnt/c/Users/ivano/AppData/Roaming/Code/User/globalStorage/github.copilot-chat/copilotCli:/mnt/c/windows/system32:/mnt/c/windows:/mnt/c/windows/System32/Wbem:/mnt/c/windows/System32/WindowsPowerShell/v1.0/:/mnt/c/windows/System32/OpenSSH/:/mnt/c/Program Files/HP/1E.Performance.Assist/Extensibility/NomadBranch:/mnt/c/Program Files/CMake/bin:/mnt/c/Program Files (x86)/Windows Kits/10/Windows Performance Toolkit/:/mnt/c/Program Files/Git/cmd:/mnt/c/windows/system32:/mnt/c/windows:/mnt/c/windows/System32/Wbem:/mnt/c/windows/System32/WindowsPowerShell/v1.0/:/mnt/c/windows/System32/OpenSSH/:/mnt/c/Program Files/HP/1E.Performance.Assist/Extensibility/NomadBranch:/mnt/c/Program Files/CMake/bin:/mnt/c/Program Files (x86)/Windows Kits/10/Windows Performance Toolkit/:/mnt/c/Program Files/Git/cmd:/mnt/c/vcpkg:/mnt/c/Users/ivano/AppData/Local/Programs/Microsoft VS Code/bin:/snap/bin'), ('XDG_RUNTIME_DIR', '/run/user/1000'), ('DISPLAY', ':0'), ('LANG', 'C.UTF-8'), ('AMENT_PREFIX_PATH', '/mnt/c/work/ubuntu_work/HiveFlight/ros2_ws/install:/opt/ros/humble'), ('SHELL', '/bin/bash'), ('PWD', '/mnt/c/work/ubuntu_work/HiveFlight/ros2_ws/build/hiveflight_sim_node'), ('XDG_DATA_DIRS', '/usr/local/share:/usr/share:/var/lib/snapd/desktop'), ('PYTHONPATH', '/mnt/c/work/ubuntu_work/HiveFlight/ros2_ws/install/local/lib/python3.10/dist-packages:/opt/ros/humble/lib/python3.10/site-packages:/opt/ros/humble/local/lib/python3.10/dist-packages'), ('COLCON', '1'), ('WSL2_GUI_APPS_ENABLED', '1'), ('HOSTTYPE', 'x86_64'), ('WSLENV', ''), ('CMAKE_PREFIX_PATH', '/mnt/c/work/ubuntu_work/HiveFlight/ros2_ws/install:/opt/ros/humble')]), 'shell': False}
[77.995040] (-) TimerEvent: {}
[78.095736] (-) TimerEvent: {}
[78.196248] (-) TimerEvent: {}
[78.296902] (-) TimerEvent: {}
[78.397754] (-) TimerEvent: {}
[78.498325] (-) TimerEvent: {}
[78.597086] (hiveflight_sim_node) StdoutLine: {'line': b'[ 50%] \x1b[32mBuilding CXX object CMakeFiles/simulation_node.dir/src/simulation_node.cpp.o\x1b[0m\n'}
[78.598335] (-) TimerEvent: {}
[78.698854] (-) TimerEvent: {}
[78.801100] (-) TimerEvent: {}
[78.901754] (-) TimerEvent: {}
[79.002363] (-) TimerEvent: {}
[79.103085] (-) TimerEvent: {}
[79.203589] (-) TimerEvent: {}
[79.304284] (-) TimerEvent: {}
[79.405032] (-) TimerEvent: {}
[79.505722] (-) TimerEvent: {}
[79.606279] (-) TimerEvent: {}
[79.706927] (-) TimerEvent: {}
[79.807879] (-) TimerEvent: {}
[79.908649] (-) TimerEvent: {}
[80.009242] (-) TimerEvent: {}
[80.109872] (-) TimerEvent: {}
[80.210516] (-) TimerEvent: {}
[80.311101] (-) TimerEvent: {}
[80.411781] (-) TimerEvent: {}
[80.512482] (-) TimerEvent: {}
[80.613069] (-) TimerEvent: {}
[80.713581] (-) TimerEvent: {}
[80.814148] (-) TimerEvent: {}
[80.914708] (-) TimerEvent: {}
[81.015257] (-) TimerEvent: {}
[81.115971] (-) TimerEvent: {}
[81.216655] (-) TimerEvent: {}
[81.317172] (-) TimerEvent: {}
[81.417918] (-) TimerEvent: {}
[81.519832] (-) TimerEvent: {}
[81.620416] (-) TimerEvent: {}
[81.721089] (-) TimerEvent: {}
[81.821787] (-) TimerEvent: {}
[81.922369] (-) TimerEvent: {}
[82.022970] (-) TimerEvent: {}
[82.123744] (-) TimerEvent: {}
[82.224750] (-) TimerEvent: {}
[82.325248] (-) TimerEvent: {}
[82.425833] (-) TimerEvent: {}
[82.526540] (-) TimerEvent: {}
[82.627255] (-) TimerEvent: {}
[82.728043] (-) TimerEvent: {}
[82.828662] (-) TimerEvent: {}
[82.929373] (-) TimerEvent: {}
[83.030114] (-) TimerEvent: {}
[83.130720] (-) TimerEvent: {}
[83.231292] (-) TimerEvent: {}
[83.331874] (-) TimerEvent: {}
[83.432438] (-) TimerEvent: {}
[83.533061] (-) TimerEvent: {}
[83.633801] (-) TimerEvent: {}
[83.734378] (-) TimerEvent: {}
[83.835378] (-) TimerEvent: {}
[83.936134] (-) TimerEvent: {}
[84.036787] (-) TimerEvent: {}
[84.137496] (-) TimerEvent: {}
[84.238360] (-) TimerEvent: {}
[84.338984] (-) TimerEvent: {}
[84.439557] (-) TimerEvent: {}
[84.540434] (-) TimerEvent: {}
[84.641295] (-) TimerEvent: {}
[84.742054] (-) TimerEvent: {}
[84.842930] (-) TimerEvent: {}
[84.943733] (-) TimerEvent: {}
[85.044415] (-) TimerEvent: {}
[85.145308] (-) TimerEvent: {}
[85.245909] (-) TimerEvent: {}
[85.346477] (-) TimerEvent: {}
[85.447317] (-) TimerEvent: {}
[85.548145] (-) TimerEvent: {}
[85.648773] (-) TimerEvent: {}
[85.749426] (-) TimerEvent: {}
[85.850039] (-) TimerEvent: {}
[85.950693] (-) TimerEvent: {}
[86.051222] (-) TimerEvent: {}
[86.151891] (-) TimerEvent: {}
[86.252697] (-) TimerEvent: {}
[86.353455] (-) TimerEvent: {}
[86.454052] (-) TimerEvent: {}
[86.554909] (-) TimerEvent: {}
[86.655949] (-) TimerEvent: {}
[86.756800] (-) TimerEvent: {}
[86.857676] (-) TimerEvent: {}
[86.958742] (-) TimerEvent: {}
[87.059514] (-) TimerEvent: {}
[87.160167] (-) TimerEvent: {}
[87.260902] (-) TimerEvent: {}
[87.361477] (-) TimerEvent: {}
[87.462414] (-) TimerEvent: {}
[87.562989] (-) TimerEvent: {}
[87.663611] (-) TimerEvent: {}
[87.764274] (-) TimerEvent: {}
[87.864873] (-) TimerEvent: {}
[87.965523] (-) TimerEvent: {}
[88.066369] (-) TimerEvent: {}
[88.167109] (-) TimerEvent: {}
[88.268003] (-) TimerEvent: {}
[88.369110] (-) TimerEvent: {}
[88.469959] (-) TimerEvent: {}
[88.570843] (-) TimerEvent: {}
[88.672719] (-) TimerEvent: {}
[88.773485] (-) TimerEvent: {}
[88.874080] (-) TimerEvent: {}
[88.975058] (-) TimerEvent: {}
[89.075769] (-) TimerEvent: {}
[89.176705] (-) TimerEvent: {}
[89.277497] (-) TimerEvent: {}
[89.378260] (-) TimerEvent: {}
[89.478806] (-) TimerEvent: {}
[89.579646] (-) TimerEvent: {}
[89.681700] (-) TimerEvent: {}
[89.782706] (-) TimerEvent: {}
[89.883559] (-) TimerEvent: {}
[89.984761] (-) TimerEvent: {}
[90.085936] (-) TimerEvent: {}
[90.186866] (-) TimerEvent: {}
[90.288446] (-) TimerEvent: {}
[90.389319] (-) TimerEvent: {}
[90.490005] (-) TimerEvent: {}
[90.590991] (-) TimerEvent: {}
[90.692032] (-) TimerEvent: {}
[90.792986] (-) TimerEvent: {}
[90.894215] (-) TimerEvent: {}
[90.994947] (-) TimerEvent: {}
[91.095602] (-) TimerEvent: {}
[91.196143] (-) TimerEvent: {}
[91.296711] (-) TimerEvent: {}
[91.397131] (-) TimerEvent: {}
[91.497752] (-) TimerEvent: {}
[91.551696] (hiveflight_sim_node) StdoutLine: {'line': b'[100%] \x1b[32m\x1b[1mLinking CXX executable simulation_node\x1b[0m\n'}
[91.597872] (-) TimerEvent: {}
[91.698390] (-) TimerEvent: {}
[91.798957] (-) TimerEvent: {}
[91.899614] (-) TimerEvent: {}
[92.000434] (-) TimerEvent: {}
[92.100931] (-) TimerEvent: {}
[92.201491] (-) TimerEvent: {}
[92.302285] (-) TimerEvent: {}
[92.402742] (-) TimerEvent: {}
[92.503367] (-) TimerEvent: {}
[92.603938] (-) TimerEvent: {}
[92.704833] (-) TimerEvent: {}
[92.805406] (-) TimerEvent: {}
[92.906213] (-) TimerEvent: {}
[93.007309] (-) TimerEvent: {}
[93.107793] (-) TimerEvent: {}
[93.208389] (-) TimerEvent: {}
[93.308932] (-) TimerEvent: {}
[93.409609] (-) TimerEvent: {}
[93.510021] (-) TimerEvent: {}
[93.610749] (-) TimerEvent: {}
[93.711478] (-) TimerEvent: {}
[93.812000] (-) TimerEvent: {}
[93.912516] (-) TimerEvent: {}
[94.013111] (-) TimerEvent: {}
[94.114012] (-) TimerEvent: {}
[94.214664] (-) TimerEvent: {}
[94.315329] (-) TimerEvent: {}
[94.416220] (-) TimerEvent: {}
[94.516711] (-) TimerEvent: {}
[94.617281] (-) TimerEvent: {}
[94.717966] (-) TimerEvent: {}
[94.818496] (-) TimerEvent: {}
[94.919067] (-) TimerEvent: {}
[95.019688] (-) TimerEvent: {}
[95.120366] (-) TimerEvent: {}
[95.220839] (-) TimerEvent: {}
[95.321460] (-) TimerEvent: {}
[95.356950] (hiveflight_sim_node) StdoutLine: {'line': b'[100%] Built target simulation_node\n'}
[95.421627] (-) TimerEvent: {}
[95.463929] (hiveflight_sim_node) CommandEnded: {'returncode': 0}
[95.481807] (hiveflight_sim_node) JobProgress: {'identifier': 'hiveflight_sim_node', 'progress': 'install'}
[95.487179] (hiveflight_sim_node) Command: {'cmd': ['/usr/bin/cmake', '--install', '/mnt/c/work/ubuntu_work/HiveFlight/ros2_ws/build/hiveflight_sim_node'], 'cwd': '/mnt/c/work/ubuntu_work/HiveFlight/ros2_ws/build/hiveflight_sim_node', 'env': OrderedDict([('USER', 'ivano'), ('SHLVL', '1'), ('LD_LIBRARY_PATH', '/mnt/c/work/ubuntu_work/HiveFlight/ros2_ws/install/lib:/usr/lib/x86_64-linux-gnu/gazebo-11/plugins:/opt/ros/humble/opt/rviz_ogre_vendor/lib:/opt/ros/humble/lib/x86_64-linux-gnu:/opt/ros/humble/lib'), ('HOME', '/home/ivano'), ('OLDPWD', '/mnt/c/work/ubuntu_work/HiveFlight'), ('ROS_PYTHON_VERSION', '3'), ('DBUS_SESSION_BUS_ADDRESS', 'unix:path=/run/user/1000/bus'), ('WSL_DISTRO_NAME', 'Ubuntu-22.04'), ('WAYLAND_DISPLAY', 'wayland-0'), ('ROS_DISTRO', 'humble'), ('LOGNAME', 'ivano'), ('NAME', 'LAPTOP-7K9MEH4D'), ('WSL_INTEROP', '/run/WSL/3267_interop'), ('PULSE_SERVER', 'unix:/mnt/wslg/PulseServer'), ('_', '/usr/bin/colcon'), ('ROS_VERSION', '2'), ('TERM', 'xterm-256color'), ('ROS_LOCALHOST_ONLY', '0'), ('PATH', '/opt/ros/humble/bin:/usr/local/sbin:/usr/local/bin:/usr/sbin:/usr/bin:/sbin:/bin:/usr/games:/usr/local/games:/usr/lib/wsl/lib:/mnt/c/Users/ivano/AppData/Roaming/Code/User/globalStorage/github.copilot-chat/debugCommand:/mnt/c/Users/ivano/AppData/Roaming/Code/User/globalStorage/github.copilot-chat/copilotCli:/mnt/c/windows/system32:/mnt/c/windows:/mnt/c/windows/System32/Wbem:/mnt/c/windows/System32/WindowsPowerShell/v1.0/:/mnt/c/windows/System32/OpenSSH/:/mnt/c/Program Files/HP/1E.Performance.Assist/Extensibility/NomadBranch:/mnt/c/Program Files/CMake/bin:/mnt/c/Program Files (x86)/Windows Kits/10/Windows Performance Toolkit/:/mnt/c/Program Files/Git/cmd:/mnt/c/windows/system32:/mnt/c/windows:/mnt/c/windows/System32/Wbem:/mnt/c/windows/System32/WindowsPowerShell/v1.0/:/mnt/c/windows/System32/OpenSSH/:/mnt/c/Program Files/HP/1E.Performance.Assist/Extensibility/NomadBranch:/mnt/c/Program Files/CMake/bin:/mnt/c/Program Files (x86)/Windows Kits/10/Windows Performance Toolkit/:/mnt/c/Program Files/Git/cmd:/mnt/c/vcpkg:/mnt/c/Users/ivano/AppData/Local/Programs/Microsoft VS Code/bin:/snap/bin'), ('XDG_RUNTIME_DIR', '/run/user/1000'), ('DISPLAY', ':0'), ('LANG', 'C.UTF-8'), ('AMENT_PREFIX_PATH', '/mnt/c/work/ubuntu_work/HiveFlight/ros2_ws/install:/opt/ros/humble'), ('SHELL', '/bin/bash'), ('PWD', '/mnt/c/work/ubuntu_work/HiveFlight/ros2_ws/build/hiveflight_sim_node'), ('XDG_DATA_DIRS', '/usr/local/share:/usr/share:/var/lib/snapd/desktop'), ('PYTHONPATH', '/mnt/c/work/ubuntu_work/HiveFlight/ros2_ws/install/local/lib/python3.10/dist-packages:/opt/ros/humble/lib/python3.10/site-packages:/opt/ros/humble/local/lib/python3.10/dist-packages'), ('COLCON', '1'), ('WSL2_GUI_APPS_ENABLED', '1'), ('HOSTTYPE', 'x86_64'), ('WSLENV', ''), ('CMAKE_PREFIX_PATH', '/mnt/c/work/ubuntu_work/HiveFlight/ros2_ws/install:/opt/ros/humble')]), 'shell': False}
[95.521734] (-) TimerEvent: {}
[95.572093] (hiveflight_sim_node) StdoutLine: {'line': b'-- Install configuration: ""\n'}
[95.588417] (hiveflight_sim_node) StdoutLine: {'line': b'-- Installing: /mnt/c/work/ubuntu_work/HiveFlight/ros2_ws/install/lib/hiveflight_sim_node/simulation_node\n'}
[95.621857] (-) TimerEvent: {}
[95.722433] (-) TimerEvent: {}
[95.822984] (-) TimerEvent: {}
[95.916136] (hiveflight_sim_node) StdoutLine: {'line': b'-- Set runtime path of "/mnt/c/work/ubuntu_work/HiveFlight/ros2_ws/install/lib/hiveflight_sim_node/simulation_node" to ""\n'}
[95.923069] (-) TimerEvent: {}
[95.924732] (hiveflight_sim_node) StdoutLine: {'line': b'-- Installing: /mnt/c/work/ubuntu_work/HiveFlight/ros2_ws/install/share/hiveflight_sim_node/launch\n'}
[95.955323] (hiveflight_sim_node) StdoutLine: {'line': b'-- Installing: /mnt/c/work/ubuntu_work/HiveFlight/ros2_ws/install/share/hiveflight_sim_node/launch/hiveflight.launch.py\n'}
[96.023276] (-) TimerEvent: {}
[96.037252] (hiveflight_sim_node) StdoutLine: {'line': b'-- Installing: /mnt/c/work/ubuntu_work/HiveFlight/ros2_ws/install/share/ament_index/resource_index/package_run_dependencies/hiveflight_sim_node\n'}
[96.123366] (-) TimerEvent: {}
[96.126871] (hiveflight_sim_node) StdoutLine: {'line': b'-- Installing: /mnt/c/work/ubuntu_work/HiveFlight/ros2_ws/install/share/ament_index/resource_index/parent_prefix_path/hiveflight_sim_node\n'}
[96.206428] (hiveflight_sim_node) StdoutLine: {'line': b'-- Installing: /mnt/c/work/ubuntu_work/HiveFlight/ros2_ws/install/share/hiveflight_sim_node/environment/ament_prefix_path.sh\n'}
[96.223478] (-) TimerEvent: {}
[96.257922] (hiveflight_sim_node) StdoutLine: {'line': b'-- Installing: /mnt/c/work/ubuntu_work/HiveFlight/ros2_ws/install/share/hiveflight_sim_node/environment/ament_prefix_path.dsv\n'}
[96.307961] (hiveflight_sim_node) StdoutLine: {'line': b'-- Installing: /mnt/c/work/ubuntu_work/HiveFlight/ros2_ws/install/share/hiveflight_sim_node/environment/path.sh\n'}
[96.323572] (-) TimerEvent: {}
[96.359537] (hiveflight_sim_node) StdoutLine: {'line': b'-- Installing: /mnt/c/work/ubuntu_work/HiveFlight/ros2_ws/install/share/hiveflight_sim_node/environment/path.dsv\n'}
[96.423491] (hiveflight_sim_node) StdoutLine: {'line': b'-- Installing: /mnt/c/work/ubuntu_work/HiveFlight/ros2_ws/install/share/hiveflight_sim_node/local_setup.bash\n'}
[96.424563] (-) TimerEvent: {}
[96.481691] (hiveflight_sim_node) StdoutLine: {'line': b'-- Installing: /mnt/c/work/ubuntu_work/HiveFlight/ros2_ws/install/share/hiveflight_sim_node/local_setup.sh\n'}
[96.524777] (-) TimerEvent: {}
[96.537469] (hiveflight_sim_node) StdoutLine: {'line': b'-- Installing: /mnt/c/work/ubuntu_work/HiveFlight/ros2_ws/install/share/hiveflight_sim_node/local_setup.zsh\n'}
[96.603189] (hiveflight_sim_node) StdoutLine: {'line': b'-- Installing: /mnt/c/work/ubuntu_work/HiveFlight/ros2_ws/install/share/hiveflight_sim_node/local_setup.dsv\n'}
[96.624888] (-) TimerEvent: {}
[96.659839] (hiveflight_sim_node) StdoutLine: {'line': b'-- Installing: /mnt/c/work/ubuntu_work/HiveFlight/ros2_ws/install/share/hiveflight_sim_node/package.dsv\n'}
[96.724971] (-) TimerEvent: {}
[96.734250] (hiveflight_sim_node) StdoutLine: {'line': b'-- Installing: /mnt/c/work/ubuntu_work/HiveFlight/ros2_ws/install/share/ament_index/resource_index/packages/hiveflight_sim_node\n'}
[96.825149] (-) TimerEvent: {}
[96.831714] (hiveflight_sim_node) StdoutLine: {'line': b'-- Installing: /mnt/c/work/ubuntu_work/HiveFlight/ros2_ws/install/share/hiveflight_sim_node/cmake/hiveflight_sim_nodeConfig.cmake\n'}
[96.892931] (hiveflight_sim_node) StdoutLine: {'line': b'-- Installing: /mnt/c/work/ubuntu_work/HiveFlight/ros2_ws/install/share/hiveflight_sim_node/cmake/hiveflight_sim_nodeConfig-version.cmake\n'}
[96.925295] (-) TimerEvent: {}
[96.955920] (hiveflight_sim_node) StdoutLine: {'line': b'-- Installing: /mnt/c/work/ubuntu_work/HiveFlight/ros2_ws/install/share/hiveflight_sim_node/package.xml\n'}
[97.011952] (hiveflight_sim_node) CommandEnded: {'returncode': 0}
[97.025471] (-) TimerEvent: {}
[97.126351] (-) TimerEvent: {}
[97.227415] (-) TimerEvent: {}
[97.328151] (-) TimerEvent: {}
[97.428936] (-) TimerEvent: {}
[97.529496] (-) TimerEvent: {}
[97.630187] (-) TimerEvent: {}
[97.730690] (-) TimerEvent: {}
[97.831206] (-) TimerEvent: {}
[97.849964] (hiveflight_sim_node) JobEnded: {'identifier': 'hiveflight_sim_node', 'rc': 0}
[97.858091] (-) EventReactorShutdown: {}
