[0.000000] (-) TimerEvent: {}
[0.000383] (hiveflight_interfaces) JobQueued: {'identifier': 'hiveflight_interfaces', 'dependencies': OrderedDict()}
[0.000561] (hiveflight_sim) JobQueued: {'identifier': 'hiveflight_sim', 'dependencies': OrderedDict([('hiveflight_interfaces', '/mnt/c/work/ubuntu_work/HiveFlight/ros2_ws/install')])}
[0.000797] (hiveflight_sim_node) JobQueued: {'identifier': 'hiveflight_sim_node', 'dependencies': OrderedDict([('hiveflight_interfaces', '/mnt/c/work/ubuntu_work/HiveFlight/ros2_ws/install'), ('hiveflight_sim', '/mnt/c/work/ubuntu_work/HiveFlight/ros2_ws/install')])}
[0.000963] (hiveflight_interfaces) JobStarted: {'identifier': 'hiveflight_interfaces'}
[0.062251] (hiveflight_interfaces) JobProgress: {'identifier': 'hiveflight_interfaces', 'progress': 'cmake'}
[0.093934] (hiveflight_interfaces) Command: {'cmd': ['/usr/bin/cmake', '/mnt/c/work/ubuntu_work/HiveFlight/ros2_ws/src/hiveflight_interfaces', '-DCMAKE_INSTALL_PREFIX=/mnt/c/work/ubuntu_work/HiveFlight/ros2_ws/install'], 'cwd': '/mnt/c/work/ubuntu_work/HiveFlight/ros2_ws/build/hiveflight_interfaces', 'env': OrderedDict([('LESSOPEN', '| /usr/bin/lesspipe %s'), ('USER', 'ivano'), ('SHLVL', '2'), ('LD_LIBRARY_PATH', '/usr/lib/x86_64-linux-gnu/gazebo-11/plugins:/mnt/c/work/ubuntu_work/HiveFlight/ros2_ws/install/lib:/home/ivano/hiveflight_ws/install/hiveflight_interfaces/lib:/opt/ros/humble/opt/rviz_ogre_vendor/lib:/opt/ros/humble/lib/x86_64-linux-gnu:/opt/ros/humble/lib'), ('MOTD_SHOWN', 'update-motd'), ('HOME', '/home/ivano'), ('OLDPWD', '/home/ivano/hiveflight_ws'), ('ROS_PYTHON_VERSION', '3'), ('DBUS_SESSION_BUS_ADDRESS', 'unix:path=/run/user/1000/bus'), ('WSL_DISTRO_NAME', 'Ubuntu-22.04'), ('WAYLAND_DISPLAY', 'wayland-0'), ('COLCON_PREFIX_PATH', '/mnt/c/work/ubuntu_work/HiveFlight/ros2_ws/install:/home/ivano/hiveflight_ws/install'), ('ROS_DISTRO', 'humble'), ('LOGNAME', 'ivano'), ('NAME', 'LAPTOP-7K9MEH4D'), ('WSL_INTEROP', '/run/WSL/331_interop'), ('PULSE_SERVER', 'unix:/mnt/wslg/PulseServer'), ('_', '/usr/bin/colcon'), ('ROS_VERSION', '2'), ('TERM', 'xterm-256color'), ('ROS_LOCALHOST_ONLY', '0'), ('PATH', '/opt/ros/humble/bin:/usr/local/sbin:/usr/local/bin:/usr/sbin:/usr/bin:/sbin:/bin:/usr/games:/usr/local/games:/usr/lib/wsl/lib:/mnt/c/Users/ivano/AppData/Roaming/Code/User/globalStorage/github.copilot-chat/debugCommand:/mnt/c/Users/ivano/AppData/Roaming/Code/User/globalStorage/github.copilot-chat/copilotCli:/mnt/c/windows/system32:/mnt/c/windows:/mnt/c/windows/System32/Wbem:/mnt/c/windows/System32/WindowsPowerShell/v1.0/:/mnt/c/windows/System32/OpenSSH/:/mnt/c/Program Files/HP/1E.Performance.Assist/Extensibility/NomadBranch:/mnt/c/Program Files/CMake/bin:/mnt/c/Program Files (x86)/Windows Kits/10/Windows Performance Toolkit/:/mnt/c/Program Files/Git/cmd:/mnt/c/windows/system32:/mnt/c/windows:/mnt/c/windows/System32/Wbem:/mnt/c/windows/System32/WindowsPowerShell/v1.0/:/mnt/c/windows/System32/OpenSSH/:/mnt/c/Program Files/HP/1E.Performance.Assist/Extensibility/NomadBranch:/mnt/c/Program Files/CMake/bin:/mnt/c/Program Files (x86)/Windows Kits/10/Windows Performance Toolkit/:/mnt/c/Program Files/Git/cmd:/mnt/c/vcpkg:/mnt/c/Users/ivano/AppData/Local/Programs/Microsoft VS Code/bin:/snap/bin'), ('XDG_RUNTIME_DIR', '/run/user/1000'), ('DISPLAY', ':0'), ('LANG', 'C.UTF-8'), ('LS_COLORS', 'rs=0:di=01;34:ln=01;36:mh=00:pi=40;33:so=01;35:do=01;35:bd=40;33;01:cd=40;33;01:or=40;31;01:mi=00:su=37;41:sg=30;43:ca=30;41:tw=30;42:ow=34;42:st=37;44:ex=01;32:*.tar=01;31:*.tgz=01;31:*.arc=01;31:*.arj=01;31:*.taz=01;31:*.lha=01;31:*.lz4=01;31:*.lzh=01;31:*.lzma=01;31:*.tlz=01;31:*.txz=01;31:*.tzo=01;31:*.t7z=01;31:*.zip=01;31:*.z=01;31:*.dz=01;31:*.gz=01;31:*.lrz=01;31:*.lz=01;31:*.lzo=01;31:*.xz=01;31:*.zst=01;31:*.tzst=01;31:*.bz2=01;31:*.bz=01;31:*.tbz=01;31:*.tbz2=01;31:*.tz=01;31:*.deb=01;31:*.rpm=01;31:*.jar=01;31:*.war=01;31:*.ear=01;31:*.sar=01;31:*.rar=01;31:*.alz=01;31:*.ace=01;31:*.zoo=01;31:*.cpio=01;31:*.7z=01;31:*.rz=01;31:*.cab=01;31:*.wim=01;31:*.swm=01;31:*.dwm=01;31:*.esd=01;31:*.jpg=01;35:*.jpeg=01;35:*.mjpg=01;35:*.mjpeg=01;35:*.gif=01;35:*.bmp=01;35:*.pbm=01;35:*.pgm=01;35:*.ppm=01;35:*.tga=01;35:*.xbm=01;35:*.xpm=01;35:*.tif=01;35:*.tiff=01;35:*.png=01;35:*.svg=01;35:*.svgz=01;35:*.mng=01;35:*.pcx=01;35:*.mov=01;35:*.mpg=01;35:*.mpeg=01;35:*.m2v=01;35:*.mkv=01;35:*.webm=01;35:*.webp=01;35:*.ogm=01;35:*.mp4=01;35:*.m4v=01;35:*.mp4v=01;35:*.vob=01;35:*.qt=01;35:*.nuv=01;35:*.wmv=01;35:*.asf=01;35:*.rm=01;35:*.rmvb=01;35:*.flc=01;35:*.avi=01;35:*.fli=01;35:*.flv=01;35:*.gl=01;35:*.dl=01;35:*.xcf=01;35:*.xwd=01;35:*.yuv=01;35:*.cgm=01;35:*.emf=01;35:*.ogv=01;35:*.ogx=01;35:*.aac=00;36:*.au=00;36:*.flac=00;36:*.m4a=00;36:*.mid=00;36:*.midi=00;36:*.mka=00;36:*.mp3=00;36:*.mpc=00;36:*.ogg=00;36:*.ra=00;36:*.wav=00;36:*.oga=00;36:*.opus=00;36:*.spx=00;36:*.xspf=00;36:'), ('AMENT_PREFIX_PATH', '/mnt/c/work/ubuntu_work/HiveFlight/ros2_ws/install:/home/ivano/hiveflight_ws/install/hiveflight_interfaces:/home/ivano/hiveflight_ws/install/hiveflight:/opt/ros/humble'), ('SHELL', '/bin/bash'), ('LESSCLOSE', '/usr/bin/lesspipe %s %s'), ('PWD', '/mnt/c/work/ubuntu_work/HiveFlight/ros2_ws/build/hiveflight_interfaces'), ('XDG_DATA_DIRS', '/usr/local/share:/usr/share:/var/lib/snapd/desktop'), ('PYTHONPATH', '/mnt/c/work/ubuntu_work/HiveFlight/ros2_ws/install/local/lib/python3.10/dist-packages:/home/ivano/hiveflight_ws/install/hiveflight_interfaces/local/lib/python3.10/dist-packages:/opt/ros/humble/lib/python3.10/site-packages:/opt/ros/humble/local/lib/python3.10/dist-packages'), ('COLCON', '1'), ('WSL2_GUI_APPS_ENABLED', '1'), ('HOSTTYPE', 'x86_64'), ('CMAKE_PREFIX_PATH', '/mnt/c/work/ubuntu_work/HiveFlight/ros2_ws/install:/home/ivano/hiveflight_ws/install/hiveflight_interfaces:/home/ivano/hiveflight_ws/install/hiveflight:/opt/ros/humble'), ('WSLENV', '')]), 'shell': False}
[0.104987] (-) TimerEvent: {}
[0.205345] (-) TimerEvent: {}
[0.305794] (-) TimerEvent: {}
[0.406359] (-) TimerEvent: {}
[0.506882] (-) TimerEvent: {}
[0.569723] (hiveflight_interfaces) StdoutLine: {'line': b'-- The C compiler identification is GNU 11.4.0\n'}
[0.607014] (-) TimerEvent: {}
[0.707536] (-) TimerEvent: {}
[0.808113] (-) TimerEvent: {}
[0.908657] (-) TimerEvent: {}
[1.009406] (-) TimerEvent: {}
[1.109975] (-) TimerEvent: {}
[1.116807] (hiveflight_interfaces) StdoutLine: {'line': b'-- The CXX compiler identification is GNU 11.4.0\n'}
[1.210107] (-) TimerEvent: {}
[1.310580] (-) TimerEvent: {}
[1.376627] (hiveflight_interfaces) StdoutLine: {'line': b'-- Detecting C compiler ABI info\n'}
[1.410770] (-) TimerEvent: {}
[1.511282] (-) TimerEvent: {}
[1.611962] (-) TimerEvent: {}
[1.712572] (-) TimerEvent: {}
[1.813079] (-) TimerEvent: {}
[1.913519] (-) TimerEvent: {}
[1.995353] (hiveflight_interfaces) StdoutLine: {'line': b'-- Detecting C compiler ABI info - done\n'}
[2.013582] (-) TimerEvent: {}
[2.014145] (hiveflight_interfaces) StdoutLine: {'line': b'-- Check for working C compiler: /usr/bin/cc - skipped\n'}
[2.020263] (hiveflight_interfaces) StdoutLine: {'line': b'-- Detecting C compile features\n'}
[2.021423] (hiveflight_interfaces) StdoutLine: {'line': b'-- Detecting C compile features - done\n'}
[2.070900] (hiveflight_interfaces) StdoutLine: {'line': b'-- Detecting CXX compiler ABI info\n'}
[2.113755] (-) TimerEvent: {}
[2.214546] (-) TimerEvent: {}
[2.315321] (-) TimerEvent: {}
[2.416270] (-) TimerEvent: {}
[2.516771] (-) TimerEvent: {}
[2.617335] (-) TimerEvent: {}
[2.690614] (hiveflight_interfaces) StdoutLine: {'line': b'-- Detecting CXX compiler ABI info - done\n'}
[2.711599] (hiveflight_interfaces) StdoutLine: {'line': b'-- Check for working CXX compiler: /usr/bin/c++ - skipped\n'}
[2.712845] (hiveflight_interfaces) StdoutLine: {'line': b'-- Detecting CXX compile features\n'}
[2.713690] (hiveflight_interfaces) StdoutLine: {'line': b'-- Detecting CXX compile features - done\n'}
[2.717435] (-) TimerEvent: {}
[2.777418] (hiveflight_interfaces) StdoutLine: {'line': b'-- Found ament_cmake: 1.3.14 (/opt/ros/humble/share/ament_cmake/cmake)\n'}
[2.817531] (-) TimerEvent: {}
[2.918065] (-) TimerEvent: {}
[3.018817] (-) TimerEvent: {}
[3.037755] (hiveflight_interfaces) StdoutLine: {'line': b'-- Found Python3: /usr/bin/python3 (found version "3.10.12") found components: Interpreter \n'}
[3.118929] (-) TimerEvent: {}
[3.219416] (-) TimerEvent: {}
[3.320170] (-) TimerEvent: {}
[3.420801] (-) TimerEvent: {}
[3.504868] (hiveflight_interfaces) StdoutLine: {'line': b'-- Found geometry_msgs: 4.9.1 (/opt/ros/humble/share/geometry_msgs/cmake)\n'}
[3.520923] (-) TimerEvent: {}
[3.621523] (-) TimerEvent: {}
[3.722158] (-) TimerEvent: {}
[3.822990] (-) TimerEvent: {}
[3.923503] (-) TimerEvent: {}
[3.961462] (hiveflight_interfaces) StdoutLine: {'line': b'-- Found rosidl_generator_c: 3.1.8 (/opt/ros/humble/share/rosidl_generator_c/cmake)\n'}
[4.006638] (hiveflight_interfaces) StdoutLine: {'line': b'-- Found rosidl_adapter: 3.1.8 (/opt/ros/humble/share/rosidl_adapter/cmake)\n'}
[4.023673] (-) TimerEvent: {}
[4.062664] (hiveflight_interfaces) StdoutLine: {'line': b'-- Found rosidl_generator_cpp: 3.1.8 (/opt/ros/humble/share/rosidl_generator_cpp/cmake)\n'}
[4.122672] (hiveflight_interfaces) StdoutLine: {'line': b'-- Using all available rosidl_typesupport_c: rosidl_typesupport_fastrtps_c;rosidl_typesupport_introspection_c\n'}
[4.123987] (-) TimerEvent: {}
[4.204136] (hiveflight_interfaces) StdoutLine: {'line': b'-- Using all available rosidl_typesupport_cpp: rosidl_typesupport_fastrtps_cpp;rosidl_typesupport_introspection_cpp\n'}
[4.224125] (-) TimerEvent: {}
[4.306398] (hiveflight_interfaces) StdoutLine: {'line': b'-- Found rosidl_default_generators: 1.2.1 (/opt/ros/humble/share/rosidl_default_generators/cmake)\n'}
[4.324274] (-) TimerEvent: {}
[4.424910] (-) TimerEvent: {}
[4.525414] (-) TimerEvent: {}
[4.626078] (-) TimerEvent: {}
[4.726618] (-) TimerEvent: {}
[4.827098] (-) TimerEvent: {}
[4.927833] (-) TimerEvent: {}
[5.028600] (-) TimerEvent: {}
[5.129122] (-) TimerEvent: {}
[5.205685] (hiveflight_interfaces) StdoutLine: {'line': b'-- Found ament_cmake_ros: 0.10.0 (/opt/ros/humble/share/ament_cmake_ros/cmake)\n'}
[5.229214] (-) TimerEvent: {}
[5.329727] (-) TimerEvent: {}
[5.430278] (-) TimerEvent: {}
[5.530902] (-) TimerEvent: {}
[5.631575] (-) TimerEvent: {}
[5.732187] (-) TimerEvent: {}
[5.832624] (-) TimerEvent: {}
[5.933103] (-) TimerEvent: {}
[6.033763] (-) TimerEvent: {}
[6.134597] (-) TimerEvent: {}
[6.235336] (-) TimerEvent: {}
[6.336171] (-) TimerEvent: {}
[6.436695] (-) TimerEvent: {}
[6.537216] (-) TimerEvent: {}
[6.637712] (-) TimerEvent: {}
[6.738196] (-) TimerEvent: {}
[6.838735] (-) TimerEvent: {}
[6.939265] (-) TimerEvent: {}
[7.039827] (-) TimerEvent: {}
[7.140419] (-) TimerEvent: {}
[7.241045] (-) TimerEvent: {}
[7.307866] (hiveflight_interfaces) StdoutLine: {'line': b'-- Using all available rosidl_typesupport_c: rosidl_typesupport_fastrtps_c;rosidl_typesupport_introspection_c\n'}
[7.341183] (-) TimerEvent: {}
[7.441677] (-) TimerEvent: {}
[7.542286] (-) TimerEvent: {}
[7.642731] (-) TimerEvent: {}
[7.743467] (-) TimerEvent: {}
[7.844298] (-) TimerEvent: {}
[7.944844] (-) TimerEvent: {}
[8.045447] (-) TimerEvent: {}
[8.049862] (hiveflight_interfaces) StdoutLine: {'line': b'-- Using all available rosidl_typesupport_cpp: rosidl_typesupport_fastrtps_cpp;rosidl_typesupport_introspection_cpp\n'}
[8.145507] (-) TimerEvent: {}
[8.152764] (hiveflight_interfaces) StdoutLine: {'line': b'-- Found PythonInterp: /usr/bin/python3 (found suitable version "3.10.12", minimum required is "3.6") \n'}
[8.175219] (hiveflight_interfaces) StdoutLine: {'line': b'-- Found python_cmake_module: 0.10.0 (/opt/ros/humble/share/python_cmake_module/cmake)\n'}
[8.245733] (-) TimerEvent: {}
[8.346289] (-) TimerEvent: {}
[8.427527] (hiveflight_interfaces) StdoutLine: {'line': b'-- Found PythonLibs: /usr/lib/x86_64-linux-gnu/libpython3.10.so (found suitable version "3.10.12", minimum required is "3.5") \n'}
[8.428880] (hiveflight_interfaces) StdoutLine: {'line': b'-- Using PYTHON_EXECUTABLE: /usr/bin/python3\n'}
[8.429730] (hiveflight_interfaces) StdoutLine: {'line': b'-- Using PYTHON_INCLUDE_DIRS: /usr/include/python3.10\n'}
[8.430652] (hiveflight_interfaces) StdoutLine: {'line': b'-- Using PYTHON_LIBRARIES: /usr/lib/x86_64-linux-gnu/libpython3.10.so\n'}
[8.446393] (-) TimerEvent: {}
[8.459606] (hiveflight_interfaces) StdoutLine: {'line': b'-- Found PythonExtra: .so  \n'}
[8.546684] (-) TimerEvent: {}
[8.647822] (-) TimerEvent: {}
[8.748383] (-) TimerEvent: {}
[8.848909] (-) TimerEvent: {}
[8.949535] (-) TimerEvent: {}
[9.050048] (-) TimerEvent: {}
[9.150796] (-) TimerEvent: {}
[9.251266] (-) TimerEvent: {}
[9.351790] (-) TimerEvent: {}
[9.452373] (-) TimerEvent: {}
[9.552858] (-) TimerEvent: {}
[9.653393] (-) TimerEvent: {}
[9.753882] (-) TimerEvent: {}
[9.854378] (-) TimerEvent: {}
[9.954950] (-) TimerEvent: {}
[10.006216] (hiveflight_interfaces) StdoutLine: {'line': b'-- Configuring done\n'}
[10.055080] (-) TimerEvent: {}
[10.155634] (-) TimerEvent: {}
[10.256172] (-) TimerEvent: {}
[10.356684] (-) TimerEvent: {}
[10.457193] (-) TimerEvent: {}
[10.557668] (-) TimerEvent: {}
[10.658225] (-) TimerEvent: {}
[10.758756] (-) TimerEvent: {}
[10.859263] (-) TimerEvent: {}
[10.959846] (-) TimerEvent: {}
[11.060478] (-) TimerEvent: {}
[11.161037] (-) TimerEvent: {}
[11.261539] (-) TimerEvent: {}
[11.362064] (-) TimerEvent: {}
[11.462764] (-) TimerEvent: {}
[11.549584] (hiveflight_interfaces) StdoutLine: {'line': b'-- Generating done\n'}
[11.562880] (-) TimerEvent: {}
[11.663371] (-) TimerEvent: {}
[11.763895] (-) TimerEvent: {}
[11.864487] (-) TimerEvent: {}
[11.964997] (-) TimerEvent: {}
[12.065553] (-) TimerEvent: {}
[12.078250] (hiveflight_interfaces) StdoutLine: {'line': b'-- Build files have been written to: /mnt/c/work/ubuntu_work/HiveFlight/ros2_ws/build/hiveflight_interfaces\n'}
[12.087619] (hiveflight_interfaces) CommandEnded: {'returncode': 0}
[12.093614] (hiveflight_interfaces) JobProgress: {'identifier': 'hiveflight_interfaces', 'progress': 'build'}
[12.098347] (hiveflight_interfaces) Command: {'cmd': ['/usr/bin/cmake', '--build', '/mnt/c/work/ubuntu_work/HiveFlight/ros2_ws/build/hiveflight_interfaces', '--', '-j16', '-l16'], 'cwd': '/mnt/c/work/ubuntu_work/HiveFlight/ros2_ws/build/hiveflight_interfaces', 'env': OrderedDict([('LESSOPEN', '| /usr/bin/lesspipe %s'), ('USER', 'ivano'), ('SHLVL', '2'), ('LD_LIBRARY_PATH', '/usr/lib/x86_64-linux-gnu/gazebo-11/plugins:/mnt/c/work/ubuntu_work/HiveFlight/ros2_ws/install/lib:/home/ivano/hiveflight_ws/install/hiveflight_interfaces/lib:/opt/ros/humble/opt/rviz_ogre_vendor/lib:/opt/ros/humble/lib/x86_64-linux-gnu:/opt/ros/humble/lib'), ('MOTD_SHOWN', 'update-motd'), ('HOME', '/home/ivano'), ('OLDPWD', '/home/ivano/hiveflight_ws'), ('ROS_PYTHON_VERSION', '3'), ('DBUS_SESSION_BUS_ADDRESS', 'unix:path=/run/user/1000/bus'), ('WSL_DISTRO_NAME', 'Ubuntu-22.04'), ('WAYLAND_DISPLAY', 'wayland-0'), ('COLCON_PREFIX_PATH', '/mnt/c/work/ubuntu_work/HiveFlight/ros2_ws/install:/home/ivano/hiveflight_ws/install'), ('ROS_DISTRO', 'humble'), ('LOGNAME', 'ivano'), ('NAME', 'LAPTOP-7K9MEH4D'), ('WSL_INTEROP', '/run/WSL/331_interop'), ('PULSE_SERVER', 'unix:/mnt/wslg/PulseServer'), ('_', '/usr/bin/colcon'), ('ROS_VERSION', '2'), ('TERM', 'xterm-256color'), ('ROS_LOCALHOST_ONLY', '0'), ('PATH', '/opt/ros/humble/bin:/usr/local/sbin:/usr/local/bin:/usr/sbin:/usr/bin:/sbin:/bin:/usr/games:/usr/local/games:/usr/lib/wsl/lib:/mnt/c/Users/ivano/AppData/Roaming/Code/User/globalStorage/github.copilot-chat/debugCommand:/mnt/c/Users/ivano/AppData/Roaming/Code/User/globalStorage/github.copilot-chat/copilotCli:/mnt/c/windows/system32:/mnt/c/windows:/mnt/c/windows/System32/Wbem:/mnt/c/windows/System32/WindowsPowerShell/v1.0/:/mnt/c/windows/System32/OpenSSH/:/mnt/c/Program Files/HP/1E.Performance.Assist/Extensibility/NomadBranch:/mnt/c/Program Files/CMake/bin:/mnt/c/Program Files (x86)/Windows Kits/10/Windows Performance Toolkit/:/mnt/c/Program Files/Git/cmd:/mnt/c/windows/system32:/mnt/c/windows:/mnt/c/windows/System32/Wbem:/mnt/c/windows/System32/WindowsPowerShell/v1.0/:/mnt/c/windows/System32/OpenSSH/:/mnt/c/Program Files/HP/1E.Performance.Assist/Extensibility/NomadBranch:/mnt/c/Program Files/CMake/bin:/mnt/c/Program Files (x86)/Windows Kits/10/Windows Performance Toolkit/:/mnt/c/Program Files/Git/cmd:/mnt/c/vcpkg:/mnt/c/Users/ivano/AppData/Local/Programs/Microsoft VS Code/bin:/snap/bin'), ('XDG_RUNTIME_DIR', '/run/user/1000'), ('DISPLAY', ':0'), ('LANG', 'C.UTF-8'), ('LS_COLORS', 'rs=0:di=01;34:ln=01;36:mh=00:pi=40;33:so=01;35:do=01;35:bd=40;33;01:cd=40;33;01:or=40;31;01:mi=00:su=37;41:sg=30;43:ca=30;41:tw=30;42:ow=34;42:st=37;44:ex=01;32:*.tar=01;31:*.tgz=01;31:*.arc=01;31:*.arj=01;31:*.taz=01;31:*.lha=01;31:*.lz4=01;31:*.lzh=01;31:*.lzma=01;31:*.tlz=01;31:*.txz=01;31:*.tzo=01;31:*.t7z=01;31:*.zip=01;31:*.z=01;31:*.dz=01;31:*.gz=01;31:*.lrz=01;31:*.lz=01;31:*.lzo=01;31:*.xz=01;31:*.zst=01;31:*.tzst=01;31:*.bz2=01;31:*.bz=01;31:*.tbz=01;31:*.tbz2=01;31:*.tz=01;31:*.deb=01;31:*.rpm=01;31:*.jar=01;31:*.war=01;31:*.ear=01;31:*.sar=01;31:*.rar=01;31:*.alz=01;31:*.ace=01;31:*.zoo=01;31:*.cpio=01;31:*.7z=01;31:*.rz=01;31:*.cab=01;31:*.wim=01;31:*.swm=01;31:*.dwm=01;31:*.esd=01;31:*.jpg=01;35:*.jpeg=01;35:*.mjpg=01;35:*.mjpeg=01;35:*.gif=01;35:*.bmp=01;35:*.pbm=01;35:*.pgm=01;35:*.ppm=01;35:*.tga=01;35:*.xbm=01;35:*.xpm=01;35:*.tif=01;35:*.tiff=01;35:*.png=01;35:*.svg=01;35:*.svgz=01;35:*.mng=01;35:*.pcx=01;35:*.mov=01;35:*.mpg=01;35:*.mpeg=01;35:*.m2v=01;35:*.mkv=01;35:*.webm=01;35:*.webp=01;35:*.ogm=01;35:*.mp4=01;35:*.m4v=01;35:*.mp4v=01;35:*.vob=01;35:*.qt=01;35:*.nuv=01;35:*.wmv=01;35:*.asf=01;35:*.rm=01;35:*.rmvb=01;35:*.flc=01;35:*.avi=01;35:*.fli=01;35:*.flv=01;35:*.gl=01;35:*.dl=01;35:*.xcf=01;35:*.xwd=01;35:*.yuv=01;35:*.cgm=01;35:*.emf=01;35:*.ogv=01;35:*.ogx=01;35:*.aac=00;36:*.au=00;36:*.flac=00;36:*.m4a=00;36:*.mid=00;36:*.midi=00;36:*.mka=00;36:*.mp3=00;36:*.mpc=00;36:*.ogg=00;36:*.ra=00;36:*.wav=00;36:*.oga=00;36:*.opus=00;36:*.spx=00;36:*.xspf=00;36:'), ('AMENT_PREFIX_PATH', '/mnt/c/work/ubuntu_work/HiveFlight/ros2_ws/install:/home/ivano/hiveflight_ws/install/hiveflight_interfaces:/home/ivano/hiveflight_ws/install/hiveflight:/opt/ros/humble'), ('SHELL', '/bin/bash'), ('LESSCLOSE', '/usr/bin/lesspipe %s %s'), ('PWD', '/mnt/c/work/ubuntu_work/HiveFlight/ros2_ws/build/hiveflight_interfaces'), ('XDG_DATA_DIRS', '/usr/local/share:/usr/share:/var/lib/snapd/desktop'), ('PYTHONPATH', '/mnt/c/work/ubuntu_work/HiveFlight/ros2_ws/install/local/lib/python3.10/dist-packages:/home/ivano/hiveflight_ws/install/hiveflight_interfaces/local/lib/python3.10/dist-packages:/opt/ros/humble/lib/python3.10/site-packages:/opt/ros/humble/local/lib/python3.10/dist-packages'), ('COLCON', '1'), ('WSL2_GUI_APPS_ENABLED', '1'), ('HOSTTYPE', 'x86_64'), ('CMAKE_PREFIX_PATH', '/mnt/c/work/ubuntu_work/HiveFlight/ros2_ws/install:/home/ivano/hiveflight_ws/install/hiveflight_interfaces:/home/ivano/hiveflight_ws/install/hiveflight:/opt/ros/humble'), ('WSLENV', '')]), 'shell': False}
[12.165629] (-) TimerEvent: {}
[12.266156] (-) TimerEvent: {}
[12.329693] (hiveflight_interfaces) StdoutLine: {'line': b'[  3%] \x1b[34m\x1b[1mGenerating C code for ROS interfaces\x1b[0m\n'}
[12.366299] (-) TimerEvent: {}
[12.376798] (hiveflight_interfaces) StdoutLine: {'line': b'[  6%] \x1b[34m\x1b[1mGenerating C++ code for ROS interfaces\x1b[0m\n'}
[12.407229] (hiveflight_interfaces) StdoutLine: {'line': b'[  9%] \x1b[34m\x1b[1mGenerating Rust code for ROS interfaces\x1b[0m\n'}
[12.422753] (hiveflight_interfaces) StdoutLine: {'line': b'[  9%] Built target ament_cmake_python_copy_hiveflight_interfaces\n'}
[12.466427] (-) TimerEvent: {}
[12.567076] (-) TimerEvent: {}
[12.632353] (hiveflight_interfaces) StdoutLine: {'line': b'[  9%] Built target hiveflight_interfaces__cpp\n'}
[12.667195] (-) TimerEvent: {}
[12.674841] (hiveflight_interfaces) StdoutLine: {'line': b'[  9%] Built target hiveflight_interfaces__rs\n'}
[12.678622] (hiveflight_interfaces) StdoutLine: {'line': b'[ 15%] \x1b[34m\x1b[1mGenerating C++ type support dispatch for ROS interfaces\x1b[0m\n'}
[12.681190] (hiveflight_interfaces) StdoutLine: {'line': b'[ 18%] \x1b[32mBuilding C object CMakeFiles/hiveflight_interfaces__rosidl_generator_c.dir/rosidl_generator_c/hiveflight_interfaces/msg/detail/drone_message__functions.c.o\x1b[0m\n'}
[12.683814] (hiveflight_interfaces) StdoutLine: {'line': b'[ 18%] \x1b[34m\x1b[1mGenerating C++ introspection for ROS interfaces\x1b[0m\n'}
[12.706494] (hiveflight_interfaces) StdoutLine: {'line': b'[ 21%] \x1b[34m\x1b[1mGenerating C++ type support for eProsima Fast-RTPS\x1b[0m\n'}
[12.726363] (hiveflight_interfaces) StdoutLine: {'line': b'running egg_info\n'}
[12.727867] (hiveflight_interfaces) StdoutLine: {'line': b'creating hiveflight_interfaces.egg-info\n'}
[12.730586] (hiveflight_interfaces) StdoutLine: {'line': b'writing hiveflight_interfaces.egg-info/PKG-INFO\n'}
[12.734904] (hiveflight_interfaces) StdoutLine: {'line': b'writing dependency_links to hiveflight_interfaces.egg-info/dependency_links.txt\n'}
[12.741490] (hiveflight_interfaces) StdoutLine: {'line': b'writing top-level names to hiveflight_interfaces.egg-info/top_level.txt\n'}
[12.746890] (hiveflight_interfaces) StdoutLine: {'line': b"writing manifest file 'hiveflight_interfaces.egg-info/SOURCES.txt'\n"}
[12.766553] (hiveflight_interfaces) StdoutLine: {'line': b"reading manifest file 'hiveflight_interfaces.egg-info/SOURCES.txt'\n"}
[12.767585] (-) TimerEvent: {}
[12.791466] (hiveflight_interfaces) StdoutLine: {'line': b"writing manifest file 'hiveflight_interfaces.egg-info/SOURCES.txt'\n"}
[12.847840] (hiveflight_interfaces) StdoutLine: {'line': b'[ 21%] Built target ament_cmake_python_build_hiveflight_interfaces_egg\n'}
[12.867700] (-) TimerEvent: {}
[12.904658] (hiveflight_interfaces) StdoutLine: {'line': b'[ 25%] \x1b[32m\x1b[1mLinking C shared library libhiveflight_interfaces__rosidl_generator_c.so\x1b[0m\n'}
[12.913280] (hiveflight_interfaces) StdoutLine: {'line': b'[ 28%] \x1b[32mBuilding CXX object CMakeFiles/hiveflight_interfaces__rosidl_typesupport_cpp.dir/rosidl_typesupport_cpp/hiveflight_interfaces/msg/drone_message__type_support.cpp.o\x1b[0m\n'}
[12.952746] (hiveflight_interfaces) StdoutLine: {'line': b'[ 31%] \x1b[32mBuilding CXX object CMakeFiles/hiveflight_interfaces__rosidl_typesupport_introspection_cpp.dir/rosidl_typesupport_introspection_cpp/hiveflight_interfaces/msg/detail/drone_message__type_support.cpp.o\x1b[0m\n'}
[12.967833] (-) TimerEvent: {}
[12.997738] (hiveflight_interfaces) StdoutLine: {'line': b'[ 34%] \x1b[32mBuilding CXX object CMakeFiles/hiveflight_interfaces__rosidl_typesupport_fastrtps_cpp.dir/rosidl_typesupport_fastrtps_cpp/hiveflight_interfaces/msg/detail/dds_fastrtps/drone_message__type_support.cpp.o\x1b[0m\n'}
[13.068000] (-) TimerEvent: {}
[13.147255] (hiveflight_interfaces) StdoutLine: {'line': b'[ 34%] Built target hiveflight_interfaces__rosidl_generator_c\n'}
[13.168189] (-) TimerEvent: {}
[13.205663] (hiveflight_interfaces) StdoutLine: {'line': b'[ 37%] \x1b[34m\x1b[1mGenerating C type support dispatch for ROS interfaces\x1b[0m\n'}
[13.221177] (hiveflight_interfaces) StdoutLine: {'line': b'[ 40%] \x1b[34m\x1b[1mGenerating C introspection for ROS interfaces\x1b[0m\n'}
[13.239972] (hiveflight_interfaces) StdoutLine: {'line': b'[ 43%] \x1b[34m\x1b[1mGenerating C type support for eProsima Fast-RTPS\x1b[0m\n'}
[13.268324] (-) TimerEvent: {}
[13.369088] (-) TimerEvent: {}
[13.469598] (-) TimerEvent: {}
[13.532019] (hiveflight_interfaces) StdoutLine: {'line': b'[ 46%] \x1b[32m\x1b[1mLinking CXX shared library libhiveflight_interfaces__rosidl_typesupport_cpp.so\x1b[0m\n'}
[13.569694] (-) TimerEvent: {}
[13.604920] (hiveflight_interfaces) StdoutLine: {'line': b'[ 50%] \x1b[32mBuilding CXX object CMakeFiles/hiveflight_interfaces__rosidl_typesupport_c.dir/rosidl_typesupport_c/hiveflight_interfaces/msg/drone_message__type_support.cpp.o\x1b[0m\n'}
[13.669538] (hiveflight_interfaces) StdoutLine: {'line': b'[ 53%] \x1b[32mBuilding C object CMakeFiles/hiveflight_interfaces__rosidl_typesupport_introspection_c.dir/rosidl_typesupport_introspection_c/hiveflight_interfaces/msg/detail/drone_message__type_support.c.o\x1b[0m\n'}
[13.671075] (-) TimerEvent: {}
[13.689242] (hiveflight_interfaces) StdoutLine: {'line': b'[ 56%] \x1b[32mBuilding CXX object CMakeFiles/hiveflight_interfaces__rosidl_typesupport_fastrtps_c.dir/rosidl_typesupport_fastrtps_c/hiveflight_interfaces/msg/detail/drone_message__type_support_c.cpp.o\x1b[0m\n'}
[13.771242] (-) TimerEvent: {}
[13.791445] (hiveflight_interfaces) StdoutLine: {'line': b'[ 59%] \x1b[32m\x1b[1mLinking CXX shared library libhiveflight_interfaces__rosidl_typesupport_introspection_cpp.so\x1b[0m\n'}
[13.805708] (hiveflight_interfaces) StdoutLine: {'line': b'[ 62%] \x1b[32m\x1b[1mLinking CXX shared library libhiveflight_interfaces__rosidl_typesupport_c.so\x1b[0m\n'}
[13.812747] (hiveflight_interfaces) StdoutLine: {'line': b'[ 65%] \x1b[32m\x1b[1mLinking CXX shared library libhiveflight_interfaces__rosidl_typesupport_fastrtps_cpp.so\x1b[0m\n'}
[13.815993] (hiveflight_interfaces) StdoutLine: {'line': b'[ 65%] Built target hiveflight_interfaces__rosidl_typesupport_cpp\n'}
[13.871358] (-) TimerEvent: {}
[13.971985] (-) TimerEvent: {}
[14.021672] (hiveflight_interfaces) StdoutLine: {'line': b'[ 68%] \x1b[32m\x1b[1mLinking C shared library libhiveflight_interfaces__rosidl_typesupport_introspection_c.so\x1b[0m\n'}
[14.042626] (hiveflight_interfaces) StdoutLine: {'line': b'[ 68%] Built target hiveflight_interfaces__rosidl_typesupport_c\n'}
[14.048488] (hiveflight_interfaces) StdoutLine: {'line': b'[ 68%] Built target hiveflight_interfaces__rosidl_typesupport_introspection_cpp\n'}
[14.072153] (-) TimerEvent: {}
[14.085703] (hiveflight_interfaces) StdoutLine: {'line': b'[ 68%] Built target hiveflight_interfaces__rosidl_typesupport_fastrtps_cpp\n'}
[14.172288] (-) TimerEvent: {}
[14.237062] (hiveflight_interfaces) StdoutLine: {'line': b'[ 68%] Built target hiveflight_interfaces__rosidl_typesupport_introspection_c\n'}
[14.272406] (-) TimerEvent: {}
[14.366737] (hiveflight_interfaces) StdoutLine: {'line': b'[ 71%] \x1b[32m\x1b[1mLinking CXX shared library libhiveflight_interfaces__rosidl_typesupport_fastrtps_c.so\x1b[0m\n'}
[14.372478] (-) TimerEvent: {}
[14.472887] (-) TimerEvent: {}
[14.573371] (-) TimerEvent: {}
[14.583595] (hiveflight_interfaces) StdoutLine: {'line': b'[ 71%] Built target hiveflight_interfaces__rosidl_typesupport_fastrtps_c\n'}
[14.673455] (-) TimerEvent: {}
[14.686390] (hiveflight_interfaces) StdoutLine: {'line': b'[ 71%] Built target hiveflight_interfaces\n'}
[14.773555] (-) TimerEvent: {}
[14.804641] (hiveflight_interfaces) StdoutLine: {'line': b'[ 75%] \x1b[34m\x1b[1mGenerating Python code for ROS interfaces\x1b[0m\n'}
[14.873687] (-) TimerEvent: {}
[14.974583] (-) TimerEvent: {}
[15.073928] (hiveflight_interfaces) StdoutLine: {'line': b'[ 75%] Built target hiveflight_interfaces__py\n'}
[15.074686] (-) TimerEvent: {}
[15.162752] (hiveflight_interfaces) StderrLine: {'line': b"gmake[2]: Warning: File 'rosidl_generator_py/hiveflight_interfaces/msg/_drone_message_s.c' has modification time 0.0059 s in the future\n"}
[15.174781] (-) TimerEvent: {}
[15.217365] (hiveflight_interfaces) StdoutLine: {'line': b'[ 78%] \x1b[32mBuilding C object CMakeFiles/hiveflight_interfaces__rosidl_generator_py.dir/rosidl_generator_py/hiveflight_interfaces/msg/_drone_message_s.c.o\x1b[0m\n'}
[15.274926] (-) TimerEvent: {}
[15.375438] (-) TimerEvent: {}
[15.476066] (-) TimerEvent: {}
[15.576613] (-) TimerEvent: {}
[15.590632] (hiveflight_interfaces) StdoutLine: {'line': b'[ 81%] \x1b[32m\x1b[1mLinking C shared library rosidl_generator_py/hiveflight_interfaces/libhiveflight_interfaces__rosidl_generator_py.so\x1b[0m\n'}
[15.676739] (-) TimerEvent: {}
[15.777311] (-) TimerEvent: {}
[15.815899] (hiveflight_interfaces) StderrLine: {'line': b'gmake[2]: warning:  Clock skew detected.  Your build may be incomplete.\n'}
[15.852941] (hiveflight_interfaces) StdoutLine: {'line': b'[ 81%] Built target hiveflight_interfaces__rosidl_generator_py\n'}
[15.877379] (-) TimerEvent: {}
[15.920563] (hiveflight_interfaces) StderrLine: {'line': b"gmake[2]: Warning: File 'rosidl_generator_py/hiveflight_interfaces/libhiveflight_interfaces__rosidl_generator_py.so' has modification time 0.046 s in the future\n"}
[15.929190] (hiveflight_interfaces) StderrLine: {'line': b"gmake[2]: Warning: File 'rosidl_generator_py/hiveflight_interfaces/libhiveflight_interfaces__rosidl_generator_py.so' has modification time 0.037 s in the future\n"}
[15.934077] (hiveflight_interfaces) StdoutLine: {'line': b'[ 84%] \x1b[32mBuilding C object CMakeFiles/hiveflight_interfaces__rosidl_typesupport_fastrtps_c__pyext.dir/rosidl_generator_py/hiveflight_interfaces/_hiveflight_interfaces_s.ep.rosidl_typesupport_fastrtps_c.c.o\x1b[0m\n'}
[15.949035] (hiveflight_interfaces) StdoutLine: {'line': b'[ 87%] \x1b[32mBuilding C object CMakeFiles/hiveflight_interfaces__rosidl_typesupport_introspection_c__pyext.dir/rosidl_generator_py/hiveflight_interfaces/_hiveflight_interfaces_s.ep.rosidl_typesupport_introspection_c.c.o\x1b[0m\n'}
[15.956914] (hiveflight_interfaces) StderrLine: {'line': b"gmake[2]: Warning: File 'rosidl_generator_py/hiveflight_interfaces/libhiveflight_interfaces__rosidl_generator_py.so' has modification time 0.0095 s in the future\n"}
[15.977476] (-) TimerEvent: {}
[15.978792] (hiveflight_interfaces) StdoutLine: {'line': b'[ 90%] \x1b[32mBuilding C object CMakeFiles/hiveflight_interfaces__rosidl_typesupport_c__pyext.dir/rosidl_generator_py/hiveflight_interfaces/_hiveflight_interfaces_s.ep.rosidl_typesupport_c.c.o\x1b[0m\n'}
[16.077612] (-) TimerEvent: {}
[16.178218] (-) TimerEvent: {}
[16.278791] (-) TimerEvent: {}
[16.289046] (hiveflight_interfaces) StdoutLine: {'line': b'[ 93%] \x1b[32m\x1b[1mLinking C shared library rosidl_generator_py/hiveflight_interfaces/hiveflight_interfaces_s__rosidl_typesupport_c.cpython-310-x86_64-linux-gnu.so\x1b[0m\n'}
[16.297986] (hiveflight_interfaces) StdoutLine: {'line': b'[ 96%] \x1b[32m\x1b[1mLinking C shared library rosidl_generator_py/hiveflight_interfaces/hiveflight_interfaces_s__rosidl_typesupport_fastrtps_c.cpython-310-x86_64-linux-gnu.so\x1b[0m\n'}
[16.302716] (hiveflight_interfaces) StdoutLine: {'line': b'[100%] \x1b[32m\x1b[1mLinking C shared library rosidl_generator_py/hiveflight_interfaces/hiveflight_interfaces_s__rosidl_typesupport_introspection_c.cpython-310-x86_64-linux-gnu.so\x1b[0m\n'}
[16.378924] (-) TimerEvent: {}
[16.479466] (-) TimerEvent: {}
[16.480892] (hiveflight_interfaces) StderrLine: {'line': b'gmake[2]: warning:  Clock skew detected.  Your build may be incomplete.\n'}
[16.482183] (hiveflight_interfaces) StderrLine: {'line': b'gmake[2]: warning:  Clock skew detected.  Your build may be incomplete.\n'}
[16.499866] (hiveflight_interfaces) StdoutLine: {'line': b'[100%] Built target hiveflight_interfaces__rosidl_typesupport_c__pyext\n'}
[16.515734] (hiveflight_interfaces) StdoutLine: {'line': b'[100%] Built target hiveflight_interfaces__rosidl_typesupport_fastrtps_c__pyext\n'}
[16.579574] (-) TimerEvent: {}
[16.588142] (hiveflight_interfaces) StderrLine: {'line': b'gmake[2]: warning:  Clock skew detected.  Your build may be incomplete.\n'}
[16.625312] (hiveflight_interfaces) StdoutLine: {'line': b'[100%] Built target hiveflight_interfaces__rosidl_typesupport_introspection_c__pyext\n'}
[16.679678] (-) TimerEvent: {}
[16.733115] (hiveflight_interfaces) CommandEnded: {'returncode': 0}
[16.748332] (hiveflight_interfaces) JobProgress: {'identifier': 'hiveflight_interfaces', 'progress': 'install'}
[16.777573] (hiveflight_interfaces) Command: {'cmd': ['/usr/bin/cmake', '--install', '/mnt/c/work/ubuntu_work/HiveFlight/ros2_ws/build/hiveflight_interfaces'], 'cwd': '/mnt/c/work/ubuntu_work/HiveFlight/ros2_ws/build/hiveflight_interfaces', 'env': OrderedDict([('LESSOPEN', '| /usr/bin/lesspipe %s'), ('USER', 'ivano'), ('SHLVL', '2'), ('LD_LIBRARY_PATH', '/usr/lib/x86_64-linux-gnu/gazebo-11/plugins:/mnt/c/work/ubuntu_work/HiveFlight/ros2_ws/install/lib:/home/ivano/hiveflight_ws/install/hiveflight_interfaces/lib:/opt/ros/humble/opt/rviz_ogre_vendor/lib:/opt/ros/humble/lib/x86_64-linux-gnu:/opt/ros/humble/lib'), ('MOTD_SHOWN', 'update-motd'), ('HOME', '/home/ivano'), ('OLDPWD', '/home/ivano/hiveflight_ws'), ('ROS_PYTHON_VERSION', '3'), ('DBUS_SESSION_BUS_ADDRESS', 'unix:path=/run/user/1000/bus'), ('WSL_DISTRO_NAME', 'Ubuntu-22.04'), ('WAYLAND_DISPLAY', 'wayland-0'), ('COLCON_PREFIX_PATH', '/mnt/c/work/ubuntu_work/HiveFlight/ros2_ws/install:/home/ivano/hiveflight_ws/install'), ('ROS_DISTRO', 'humble'), ('LOGNAME', 'ivano'), ('NAME', 'LAPTOP-7K9MEH4D'), ('WSL_INTEROP', '/run/WSL/331_interop'), ('PULSE_SERVER', 'unix:/mnt/wslg/PulseServer'), ('_', '/usr/bin/colcon'), ('ROS_VERSION', '2'), ('TERM', 'xterm-256color'), ('ROS_LOCALHOST_ONLY', '0'), ('PATH', '/opt/ros/humble/bin:/usr/local/sbin:/usr/local/bin:/usr/sbin:/usr/bin:/sbin:/bin:/usr/games:/usr/local/games:/usr/lib/wsl/lib:/mnt/c/Users/ivano/AppData/Roaming/Code/User/globalStorage/github.copilot-chat/debugCommand:/mnt/c/Users/ivano/AppData/Roaming/Code/User/globalStorage/github.copilot-chat/copilotCli:/mnt/c/windows/system32:/mnt/c/windows:/mnt/c/windows/System32/Wbem:/mnt/c/windows/System32/WindowsPowerShell/v1.0/:/mnt/c/windows/System32/OpenSSH/:/mnt/c/Program Files/HP/1E.Performance.Assist/Extensibility/NomadBranch:/mnt/c/Program Files/CMake/bin:/mnt/c/Program Files (x86)/Windows Kits/10/Windows Performance Toolkit/:/mnt/c/Program Files/Git/cmd:/mnt/c/windows/system32:/mnt/c/windows:/mnt/c/windows/System32/Wbem:/mnt/c/windows/System32/WindowsPowerShell/v1.0/:/mnt/c/windows/System32/OpenSSH/:/mnt/c/Program Files/HP/1E.Performance.Assist/Extensibility/NomadBranch:/mnt/c/Program Files/CMake/bin:/mnt/c/Program Files (x86)/Windows Kits/10/Windows Performance Toolkit/:/mnt/c/Program Files/Git/cmd:/mnt/c/vcpkg:/mnt/c/Users/ivano/AppData/Local/Programs/Microsoft VS Code/bin:/snap/bin'), ('XDG_RUNTIME_DIR', '/run/user/1000'), ('DISPLAY', ':0'), ('LANG', 'C.UTF-8'), ('LS_COLORS', 'rs=0:di=01;34:ln=01;36:mh=00:pi=40;33:so=01;35:do=01;35:bd=40;33;01:cd=40;33;01:or=40;31;01:mi=00:su=37;41:sg=30;43:ca=30;41:tw=30;42:ow=34;42:st=37;44:ex=01;32:*.tar=01;31:*.tgz=01;31:*.arc=01;31:*.arj=01;31:*.taz=01;31:*.lha=01;31:*.lz4=01;31:*.lzh=01;31:*.lzma=01;31:*.tlz=01;31:*.txz=01;31:*.tzo=01;31:*.t7z=01;31:*.zip=01;31:*.z=01;31:*.dz=01;31:*.gz=01;31:*.lrz=01;31:*.lz=01;31:*.lzo=01;31:*.xz=01;31:*.zst=01;31:*.tzst=01;31:*.bz2=01;31:*.bz=01;31:*.tbz=01;31:*.tbz2=01;31:*.tz=01;31:*.deb=01;31:*.rpm=01;31:*.jar=01;31:*.war=01;31:*.ear=01;31:*.sar=01;31:*.rar=01;31:*.alz=01;31:*.ace=01;31:*.zoo=01;31:*.cpio=01;31:*.7z=01;31:*.rz=01;31:*.cab=01;31:*.wim=01;31:*.swm=01;31:*.dwm=01;31:*.esd=01;31:*.jpg=01;35:*.jpeg=01;35:*.mjpg=01;35:*.mjpeg=01;35:*.gif=01;35:*.bmp=01;35:*.pbm=01;35:*.pgm=01;35:*.ppm=01;35:*.tga=01;35:*.xbm=01;35:*.xpm=01;35:*.tif=01;35:*.tiff=01;35:*.png=01;35:*.svg=01;35:*.svgz=01;35:*.mng=01;35:*.pcx=01;35:*.mov=01;35:*.mpg=01;35:*.mpeg=01;35:*.m2v=01;35:*.mkv=01;35:*.webm=01;35:*.webp=01;35:*.ogm=01;35:*.mp4=01;35:*.m4v=01;35:*.mp4v=01;35:*.vob=01;35:*.qt=01;35:*.nuv=01;35:*.wmv=01;35:*.asf=01;35:*.rm=01;35:*.rmvb=01;35:*.flc=01;35:*.avi=01;35:*.fli=01;35:*.flv=01;35:*.gl=01;35:*.dl=01;35:*.xcf=01;35:*.xwd=01;35:*.yuv=01;35:*.cgm=01;35:*.emf=01;35:*.ogv=01;35:*.ogx=01;35:*.aac=00;36:*.au=00;36:*.flac=00;36:*.m4a=00;36:*.mid=00;36:*.midi=00;36:*.mka=00;36:*.mp3=00;36:*.mpc=00;36:*.ogg=00;36:*.ra=00;36:*.wav=00;36:*.oga=00;36:*.opus=00;36:*.spx=00;36:*.xspf=00;36:'), ('AMENT_PREFIX_PATH', '/mnt/c/work/ubuntu_work/HiveFlight/ros2_ws/install:/home/ivano/hiveflight_ws/install/hiveflight_interfaces:/home/ivano/hiveflight_ws/install/hiveflight:/opt/ros/humble'), ('SHELL', '/bin/bash'), ('LESSCLOSE', '/usr/bin/lesspipe %s %s'), ('PWD', '/mnt/c/work/ubuntu_work/HiveFlight/ros2_ws/build/hiveflight_interfaces'), ('XDG_DATA_DIRS', '/usr/local/share:/usr/share:/var/lib/snapd/desktop'), ('PYTHONPATH', '/mnt/c/work/ubuntu_work/HiveFlight/ros2_ws/install/local/lib/python3.10/dist-packages:/home/ivano/hiveflight_ws/install/hiveflight_interfaces/local/lib/python3.10/dist-packages:/opt/ros/humble/lib/python3.10/site-packages:/opt/ros/humble/local/lib/python3.10/dist-packages'), ('COLCON', '1'), ('WSL2_GUI_APPS_ENABLED', '1'), ('HOSTTYPE', 'x86_64'), ('CMAKE_PREFIX_PATH', '/mnt/c/work/ubuntu_work/HiveFlight/ros2_ws/install:/home/ivano/hiveflight_ws/install/hiveflight_interfaces:/home/ivano/hiveflight_ws/install/hiveflight:/opt/ros/humble'), ('WSLENV', '')]), 'shell': False}
[16.779727] (-) TimerEvent: {}
[16.797595] (hiveflight_interfaces) StdoutLine: {'line': b'-- Install configuration: ""\n'}
[16.823553] (hiveflight_interfaces) StdoutLine: {'line': b'-- Installing: /mnt/c/work/ubuntu_work/HiveFlight/ros2_ws/install/share/ament_index/resource_index/rosidl_interfaces/hiveflight_interfaces\n'}
[16.879839] (-) TimerEvent: {}
[16.882582] (hiveflight_interfaces) StdoutLine: {'line': b'-- Installing: /mnt/c/work/ubuntu_work/HiveFlight/ros2_ws/install/include/hiveflight_interfaces/hiveflight_interfaces\n'}
[16.900181] (hiveflight_interfaces) StdoutLine: {'line': b'-- Installing: /mnt/c/work/ubuntu_work/HiveFlight/ros2_ws/install/include/hiveflight_interfaces/hiveflight_interfaces/msg\n'}
[16.922634] (hiveflight_interfaces) StdoutLine: {'line': b'-- Installing: /mnt/c/work/ubuntu_work/HiveFlight/ros2_ws/install/include/hiveflight_interfaces/hiveflight_interfaces/msg/detail\n'}
[16.953987] (hiveflight_interfaces) StdoutLine: {'line': b'-- Installing: /mnt/c/work/ubuntu_work/HiveFlight/ros2_ws/install/include/hiveflight_interfaces/hiveflight_interfaces/msg/detail/drone_message__functions.c\n'}
[16.979915] (-) TimerEvent: {}
[17.023793] (hiveflight_interfaces) StdoutLine: {'line': b'-- Installing: /mnt/c/work/ubuntu_work/HiveFlight/ros2_ws/install/include/hiveflight_interfaces/hiveflight_interfaces/msg/detail/drone_message__functions.h\n'}
[17.080026] (-) TimerEvent: {}
[17.093270] (hiveflight_interfaces) StdoutLine: {'line': b'-- Installing: /mnt/c/work/ubuntu_work/HiveFlight/ros2_ws/install/include/hiveflight_interfaces/hiveflight_interfaces/msg/detail/drone_message__struct.h\n'}
[17.169143] (hiveflight_interfaces) StdoutLine: {'line': b'-- Installing: /mnt/c/work/ubuntu_work/HiveFlight/ros2_ws/install/include/hiveflight_interfaces/hiveflight_interfaces/msg/detail/drone_message__type_support.h\n'}
[17.180107] (-) TimerEvent: {}
[17.234331] (hiveflight_interfaces) StdoutLine: {'line': b'-- Installing: /mnt/c/work/ubuntu_work/HiveFlight/ros2_ws/install/include/hiveflight_interfaces/hiveflight_interfaces/msg/drone_message.h\n'}
[17.280257] (-) TimerEvent: {}
[17.294308] (hiveflight_interfaces) StdoutLine: {'line': b'-- Installing: /mnt/c/work/ubuntu_work/HiveFlight/ros2_ws/install/include/hiveflight_interfaces/hiveflight_interfaces/msg/rosidl_generator_c__visibility_control.h\n'}
[17.352031] (hiveflight_interfaces) StdoutLine: {'line': b'-- Installing: /mnt/c/work/ubuntu_work/HiveFlight/ros2_ws/install/share/hiveflight_interfaces/environment/library_path.sh\n'}
[17.380386] (-) TimerEvent: {}
[17.395613] (hiveflight_interfaces) StdoutLine: {'line': b'-- Installing: /mnt/c/work/ubuntu_work/HiveFlight/ros2_ws/install/share/hiveflight_interfaces/environment/library_path.dsv\n'}
[17.449109] (hiveflight_interfaces) StdoutLine: {'line': b'-- Installing: /mnt/c/work/ubuntu_work/HiveFlight/ros2_ws/install/lib/libhiveflight_interfaces__rosidl_generator_c.so\n'}
[17.480463] (-) TimerEvent: {}
[17.517919] (hiveflight_interfaces) StdoutLine: {'line': b'-- Set runtime path of "/mnt/c/work/ubuntu_work/HiveFlight/ros2_ws/install/lib/libhiveflight_interfaces__rosidl_generator_c.so" to ""\n'}
[17.524891] (hiveflight_interfaces) StdoutLine: {'line': b'-- Up-to-date: /mnt/c/work/ubuntu_work/HiveFlight/ros2_ws/install/include/hiveflight_interfaces/hiveflight_interfaces\n'}
[17.540999] (hiveflight_interfaces) StdoutLine: {'line': b'-- Up-to-date: /mnt/c/work/ubuntu_work/HiveFlight/ros2_ws/install/include/hiveflight_interfaces/hiveflight_interfaces/msg\n'}
[17.561473] (hiveflight_interfaces) StdoutLine: {'line': b'-- Up-to-date: /mnt/c/work/ubuntu_work/HiveFlight/ros2_ws/install/include/hiveflight_interfaces/hiveflight_interfaces/msg/detail\n'}
[17.580580] (-) TimerEvent: {}
[17.588678] (hiveflight_interfaces) StdoutLine: {'line': b'-- Installing: /mnt/c/work/ubuntu_work/HiveFlight/ros2_ws/install/include/hiveflight_interfaces/hiveflight_interfaces/msg/detail/drone_message__rosidl_typesupport_fastrtps_c.h\n'}
[17.653468] (hiveflight_interfaces) StdoutLine: {'line': b'-- Installing: /mnt/c/work/ubuntu_work/HiveFlight/ros2_ws/install/include/hiveflight_interfaces/hiveflight_interfaces/msg/rosidl_typesupport_fastrtps_c__visibility_control.h\n'}
[17.680659] (-) TimerEvent: {}
[17.719302] (hiveflight_interfaces) StdoutLine: {'line': b'-- Installing: /mnt/c/work/ubuntu_work/HiveFlight/ros2_ws/install/lib/libhiveflight_interfaces__rosidl_typesupport_fastrtps_c.so\n'}
[17.780778] (-) TimerEvent: {}
[17.787288] (hiveflight_interfaces) StdoutLine: {'line': b'-- Set runtime path of "/mnt/c/work/ubuntu_work/HiveFlight/ros2_ws/install/lib/libhiveflight_interfaces__rosidl_typesupport_fastrtps_c.so" to ""\n'}
[17.794454] (hiveflight_interfaces) StdoutLine: {'line': b'-- Up-to-date: /mnt/c/work/ubuntu_work/HiveFlight/ros2_ws/install/include/hiveflight_interfaces/hiveflight_interfaces\n'}
[17.810049] (hiveflight_interfaces) StdoutLine: {'line': b'-- Up-to-date: /mnt/c/work/ubuntu_work/HiveFlight/ros2_ws/install/include/hiveflight_interfaces/hiveflight_interfaces/msg\n'}
[17.836395] (hiveflight_interfaces) StdoutLine: {'line': b'-- Up-to-date: /mnt/c/work/ubuntu_work/HiveFlight/ros2_ws/install/include/hiveflight_interfaces/hiveflight_interfaces/msg/detail\n'}
[17.862967] (hiveflight_interfaces) StdoutLine: {'line': b'-- Installing: /mnt/c/work/ubuntu_work/HiveFlight/ros2_ws/install/include/hiveflight_interfaces/hiveflight_interfaces/msg/detail/drone_message__builder.hpp\n'}
[17.880857] (-) TimerEvent: {}
[17.933104] (hiveflight_interfaces) StdoutLine: {'line': b'-- Installing: /mnt/c/work/ubuntu_work/HiveFlight/ros2_ws/install/include/hiveflight_interfaces/hiveflight_interfaces/msg/detail/drone_message__struct.hpp\n'}
[17.980998] (-) TimerEvent: {}
[18.003163] (hiveflight_interfaces) StdoutLine: {'line': b'-- Installing: /mnt/c/work/ubuntu_work/HiveFlight/ros2_ws/install/include/hiveflight_interfaces/hiveflight_interfaces/msg/detail/drone_message__traits.hpp\n'}
[18.073363] (hiveflight_interfaces) StdoutLine: {'line': b'-- Installing: /mnt/c/work/ubuntu_work/HiveFlight/ros2_ws/install/include/hiveflight_interfaces/hiveflight_interfaces/msg/detail/drone_message__type_support.hpp\n'}
[18.081081] (-) TimerEvent: {}
[18.140213] (hiveflight_interfaces) StdoutLine: {'line': b'-- Installing: /mnt/c/work/ubuntu_work/HiveFlight/ros2_ws/install/include/hiveflight_interfaces/hiveflight_interfaces/msg/drone_message.hpp\n'}
[18.181172] (-) TimerEvent: {}
[18.199681] (hiveflight_interfaces) StdoutLine: {'line': b'-- Installing: /mnt/c/work/ubuntu_work/HiveFlight/ros2_ws/install/include/hiveflight_interfaces/hiveflight_interfaces/msg/rosidl_generator_cpp__visibility_control.hpp\n'}
[18.251992] (hiveflight_interfaces) StdoutLine: {'line': b'-- Up-to-date: /mnt/c/work/ubuntu_work/HiveFlight/ros2_ws/install/include/hiveflight_interfaces/hiveflight_interfaces\n'}
[18.267630] (hiveflight_interfaces) StdoutLine: {'line': b'-- Up-to-date: /mnt/c/work/ubuntu_work/HiveFlight/ros2_ws/install/include/hiveflight_interfaces/hiveflight_interfaces/msg\n'}
[18.281280] (-) TimerEvent: {}
[18.287914] (hiveflight_interfaces) StdoutLine: {'line': b'-- Up-to-date: /mnt/c/work/ubuntu_work/HiveFlight/ros2_ws/install/include/hiveflight_interfaces/hiveflight_interfaces/msg/detail\n'}
[18.310715] (hiveflight_interfaces) StdoutLine: {'line': b'-- Installing: /mnt/c/work/ubuntu_work/HiveFlight/ros2_ws/install/include/hiveflight_interfaces/hiveflight_interfaces/msg/detail/dds_fastrtps\n'}
[18.347091] (hiveflight_interfaces) StdoutLine: {'line': b'-- Installing: /mnt/c/work/ubuntu_work/HiveFlight/ros2_ws/install/include/hiveflight_interfaces/hiveflight_interfaces/msg/detail/drone_message__rosidl_typesupport_fastrtps_cpp.hpp\n'}
[18.381365] (-) TimerEvent: {}
[18.420329] (hiveflight_interfaces) StdoutLine: {'line': b'-- Installing: /mnt/c/work/ubuntu_work/HiveFlight/ros2_ws/install/include/hiveflight_interfaces/hiveflight_interfaces/msg/rosidl_typesupport_fastrtps_cpp__visibility_control.h\n'}
[18.480242] (hiveflight_interfaces) StdoutLine: {'line': b'-- Installing: /mnt/c/work/ubuntu_work/HiveFlight/ros2_ws/install/lib/libhiveflight_interfaces__rosidl_typesupport_fastrtps_cpp.so\n'}
[18.481441] (-) TimerEvent: {}
[18.555771] (hiveflight_interfaces) StdoutLine: {'line': b'-- Set runtime path of "/mnt/c/work/ubuntu_work/HiveFlight/ros2_ws/install/lib/libhiveflight_interfaces__rosidl_typesupport_fastrtps_cpp.so" to ""\n'}
[18.562890] (hiveflight_interfaces) StdoutLine: {'line': b'-- Up-to-date: /mnt/c/work/ubuntu_work/HiveFlight/ros2_ws/install/include/hiveflight_interfaces/hiveflight_interfaces\n'}
[18.577797] (hiveflight_interfaces) StdoutLine: {'line': b'-- Up-to-date: /mnt/c/work/ubuntu_work/HiveFlight/ros2_ws/install/include/hiveflight_interfaces/hiveflight_interfaces/msg\n'}
[18.581545] (-) TimerEvent: {}
[18.598836] (hiveflight_interfaces) StdoutLine: {'line': b'-- Up-to-date: /mnt/c/work/ubuntu_work/HiveFlight/ros2_ws/install/include/hiveflight_interfaces/hiveflight_interfaces/msg/detail\n'}
[18.624154] (hiveflight_interfaces) StdoutLine: {'line': b'-- Installing: /mnt/c/work/ubuntu_work/HiveFlight/ros2_ws/install/include/hiveflight_interfaces/hiveflight_interfaces/msg/detail/drone_message__rosidl_typesupport_introspection_c.h\n'}
[18.681710] (-) TimerEvent: {}
[18.698300] (hiveflight_interfaces) StdoutLine: {'line': b'-- Installing: /mnt/c/work/ubuntu_work/HiveFlight/ros2_ws/install/include/hiveflight_interfaces/hiveflight_interfaces/msg/detail/drone_message__type_support.c\n'}
[18.771585] (hiveflight_interfaces) StdoutLine: {'line': b'-- Installing: /mnt/c/work/ubuntu_work/HiveFlight/ros2_ws/install/include/hiveflight_interfaces/hiveflight_interfaces/msg/rosidl_typesupport_introspection_c__visibility_control.h\n'}
[18.781809] (-) TimerEvent: {}
[18.832271] (hiveflight_interfaces) StdoutLine: {'line': b'-- Installing: /mnt/c/work/ubuntu_work/HiveFlight/ros2_ws/install/lib/libhiveflight_interfaces__rosidl_typesupport_introspection_c.so\n'}
[18.881956] (-) TimerEvent: {}
[18.899531] (hiveflight_interfaces) StdoutLine: {'line': b'-- Set runtime path of "/mnt/c/work/ubuntu_work/HiveFlight/ros2_ws/install/lib/libhiveflight_interfaces__rosidl_typesupport_introspection_c.so" to ""\n'}
[18.908332] (hiveflight_interfaces) StdoutLine: {'line': b'-- Installing: /mnt/c/work/ubuntu_work/HiveFlight/ros2_ws/install/lib/libhiveflight_interfaces__rosidl_typesupport_c.so\n'}
[18.970615] (hiveflight_interfaces) StdoutLine: {'line': b'-- Set runtime path of "/mnt/c/work/ubuntu_work/HiveFlight/ros2_ws/install/lib/libhiveflight_interfaces__rosidl_typesupport_c.so" to ""\n'}
[18.977517] (hiveflight_interfaces) StdoutLine: {'line': b'-- Up-to-date: /mnt/c/work/ubuntu_work/HiveFlight/ros2_ws/install/include/hiveflight_interfaces/hiveflight_interfaces\n'}
[18.982035] (-) TimerEvent: {}
[18.993218] (hiveflight_interfaces) StdoutLine: {'line': b'-- Up-to-date: /mnt/c/work/ubuntu_work/HiveFlight/ros2_ws/install/include/hiveflight_interfaces/hiveflight_interfaces/msg\n'}
[19.013755] (hiveflight_interfaces) StdoutLine: {'line': b'-- Up-to-date: /mnt/c/work/ubuntu_work/HiveFlight/ros2_ws/install/include/hiveflight_interfaces/hiveflight_interfaces/msg/detail\n'}
[19.038577] (hiveflight_interfaces) StdoutLine: {'line': b'-- Installing: /mnt/c/work/ubuntu_work/HiveFlight/ros2_ws/install/include/hiveflight_interfaces/hiveflight_interfaces/msg/detail/drone_message__rosidl_typesupport_introspection_cpp.hpp\n'}
[19.082113] (-) TimerEvent: {}
[19.110884] (hiveflight_interfaces) StdoutLine: {'line': b'-- Installing: /mnt/c/work/ubuntu_work/HiveFlight/ros2_ws/install/include/hiveflight_interfaces/hiveflight_interfaces/msg/detail/drone_message__type_support.cpp\n'}
[19.174661] (hiveflight_interfaces) StdoutLine: {'line': b'-- Installing: /mnt/c/work/ubuntu_work/HiveFlight/ros2_ws/install/lib/libhiveflight_interfaces__rosidl_typesupport_introspection_cpp.so\n'}
[19.182196] (-) TimerEvent: {}
[19.240398] (hiveflight_interfaces) StdoutLine: {'line': b'-- Set runtime path of "/mnt/c/work/ubuntu_work/HiveFlight/ros2_ws/install/lib/libhiveflight_interfaces__rosidl_typesupport_introspection_cpp.so" to ""\n'}
[19.249066] (hiveflight_interfaces) StdoutLine: {'line': b'-- Installing: /mnt/c/work/ubuntu_work/HiveFlight/ros2_ws/install/lib/libhiveflight_interfaces__rosidl_typesupport_cpp.so\n'}
[19.282306] (-) TimerEvent: {}
[19.320531] (hiveflight_interfaces) StdoutLine: {'line': b'-- Set runtime path of "/mnt/c/work/ubuntu_work/HiveFlight/ros2_ws/install/lib/libhiveflight_interfaces__rosidl_typesupport_cpp.so" to ""\n'}
[19.332272] (hiveflight_interfaces) StdoutLine: {'line': b'-- Installing: /mnt/c/work/ubuntu_work/HiveFlight/ros2_ws/install/share/hiveflight_interfaces/environment/pythonpath.sh\n'}
[19.382448] (-) TimerEvent: {}
[19.385970] (hiveflight_interfaces) StdoutLine: {'line': b'-- Installing: /mnt/c/work/ubuntu_work/HiveFlight/ros2_ws/install/share/hiveflight_interfaces/environment/pythonpath.dsv\n'}
[19.427816] (hiveflight_interfaces) StdoutLine: {'line': b'-- Installing: /mnt/c/work/ubuntu_work/HiveFlight/ros2_ws/install/local/lib/python3.10/dist-packages/hiveflight_interfaces-0.0.1-py3.10.egg-info\n'}
[19.456252] (hiveflight_interfaces) StdoutLine: {'line': b'-- Installing: /mnt/c/work/ubuntu_work/HiveFlight/ros2_ws/install/local/lib/python3.10/dist-packages/hiveflight_interfaces-0.0.1-py3.10.egg-info/dependency_links.txt\n'}
[19.482545] (-) TimerEvent: {}
[19.521840] (hiveflight_interfaces) StdoutLine: {'line': b'-- Installing: /mnt/c/work/ubuntu_work/HiveFlight/ros2_ws/install/local/lib/python3.10/dist-packages/hiveflight_interfaces-0.0.1-py3.10.egg-info/PKG-INFO\n'}
[19.582680] (-) TimerEvent: {}
[19.587276] (hiveflight_interfaces) StdoutLine: {'line': b'-- Installing: /mnt/c/work/ubuntu_work/HiveFlight/ros2_ws/install/local/lib/python3.10/dist-packages/hiveflight_interfaces-0.0.1-py3.10.egg-info/SOURCES.txt\n'}
[19.654916] (hiveflight_interfaces) StdoutLine: {'line': b'-- Installing: /mnt/c/work/ubuntu_work/HiveFlight/ros2_ws/install/local/lib/python3.10/dist-packages/hiveflight_interfaces-0.0.1-py3.10.egg-info/top_level.txt\n'}
[19.682778] (-) TimerEvent: {}
[19.719095] (hiveflight_interfaces) StdoutLine: {'line': b'-- Installing: /mnt/c/work/ubuntu_work/HiveFlight/ros2_ws/install/local/lib/python3.10/dist-packages/hiveflight_interfaces\n'}
[19.747871] (hiveflight_interfaces) StdoutLine: {'line': b'-- Installing: /mnt/c/work/ubuntu_work/HiveFlight/ros2_ws/install/local/lib/python3.10/dist-packages/hiveflight_interfaces/hiveflight_interfaces_s__rosidl_typesupport_c.cpython-310-x86_64-linux-gnu.so\n'}
[19.782935] (-) TimerEvent: {}
[19.811791] (hiveflight_interfaces) StdoutLine: {'line': b'-- Installing: /mnt/c/work/ubuntu_work/HiveFlight/ros2_ws/install/local/lib/python3.10/dist-packages/hiveflight_interfaces/hiveflight_interfaces_s__rosidl_typesupport_fastrtps_c.cpython-310-x86_64-linux-gnu.so\n'}
[19.873354] (hiveflight_interfaces) StdoutLine: {'line': b'-- Installing: /mnt/c/work/ubuntu_work/HiveFlight/ros2_ws/install/local/lib/python3.10/dist-packages/hiveflight_interfaces/hiveflight_interfaces_s__rosidl_typesupport_introspection_c.cpython-310-x86_64-linux-gnu.so\n'}
[19.883002] (-) TimerEvent: {}
[19.935833] (hiveflight_interfaces) StdoutLine: {'line': b'-- Installing: /mnt/c/work/ubuntu_work/HiveFlight/ros2_ws/install/local/lib/python3.10/dist-packages/hiveflight_interfaces/libhiveflight_interfaces__rosidl_generator_py.so\n'}
[19.983164] (-) TimerEvent: {}
[19.995966] (hiveflight_interfaces) StdoutLine: {'line': b'-- Installing: /mnt/c/work/ubuntu_work/HiveFlight/ros2_ws/install/local/lib/python3.10/dist-packages/hiveflight_interfaces/msg\n'}
[20.030118] (hiveflight_interfaces) StdoutLine: {'line': b'-- Installing: /mnt/c/work/ubuntu_work/HiveFlight/ros2_ws/install/local/lib/python3.10/dist-packages/hiveflight_interfaces/msg/_drone_message.py\n'}
[20.083306] (-) TimerEvent: {}
[20.103736] (hiveflight_interfaces) StdoutLine: {'line': b'-- Installing: /mnt/c/work/ubuntu_work/HiveFlight/ros2_ws/install/local/lib/python3.10/dist-packages/hiveflight_interfaces/msg/_drone_message_s.c\n'}
[20.177049] (hiveflight_interfaces) StdoutLine: {'line': b'-- Installing: /mnt/c/work/ubuntu_work/HiveFlight/ros2_ws/install/local/lib/python3.10/dist-packages/hiveflight_interfaces/msg/__init__.py\n'}
[20.183384] (-) TimerEvent: {}
[20.245898] (hiveflight_interfaces) StdoutLine: {'line': b'-- Installing: /mnt/c/work/ubuntu_work/HiveFlight/ros2_ws/install/local/lib/python3.10/dist-packages/hiveflight_interfaces/_hiveflight_interfaces_s.ep.rosidl_typesupport_c.c\n'}
[20.283471] (-) TimerEvent: {}
[20.306954] (hiveflight_interfaces) StdoutLine: {'line': b'-- Installing: /mnt/c/work/ubuntu_work/HiveFlight/ros2_ws/install/local/lib/python3.10/dist-packages/hiveflight_interfaces/_hiveflight_interfaces_s.ep.rosidl_typesupport_fastrtps_c.c\n'}
[20.369406] (hiveflight_interfaces) StdoutLine: {'line': b'-- Installing: /mnt/c/work/ubuntu_work/HiveFlight/ros2_ws/install/local/lib/python3.10/dist-packages/hiveflight_interfaces/_hiveflight_interfaces_s.ep.rosidl_typesupport_introspection_c.c\n'}
[20.383541] (-) TimerEvent: {}
[20.432307] (hiveflight_interfaces) StdoutLine: {'line': b'-- Installing: /mnt/c/work/ubuntu_work/HiveFlight/ros2_ws/install/local/lib/python3.10/dist-packages/hiveflight_interfaces/__init__.py\n'}
[20.483688] (-) TimerEvent: {}
[20.584194] (-) TimerEvent: {}
[20.684670] (-) TimerEvent: {}
[20.785149] (-) TimerEvent: {}
[20.836264] (hiveflight_interfaces) StdoutLine: {'line': b"Listing '/mnt/c/work/ubuntu_work/HiveFlight/ros2_ws/install/local/lib/python3.10/dist-packages/hiveflight_interfaces'...\n"}
[20.837575] (hiveflight_interfaces) StdoutLine: {'line': b"Compiling '/mnt/c/work/ubuntu_work/HiveFlight/ros2_ws/install/local/lib/python3.10/dist-packages/hiveflight_interfaces/__init__.py'...\n"}
[20.838726] (hiveflight_interfaces) StdoutLine: {'line': b"Listing '/mnt/c/work/ubuntu_work/HiveFlight/ros2_ws/install/local/lib/python3.10/dist-packages/hiveflight_interfaces/msg'...\n"}
[20.839521] (hiveflight_interfaces) StdoutLine: {'line': b"Compiling '/mnt/c/work/ubuntu_work/HiveFlight/ros2_ws/install/local/lib/python3.10/dist-packages/hiveflight_interfaces/msg/__init__.py'...\n"}
[20.840224] (hiveflight_interfaces) StdoutLine: {'line': b"Compiling '/mnt/c/work/ubuntu_work/HiveFlight/ros2_ws/install/local/lib/python3.10/dist-packages/hiveflight_interfaces/msg/_drone_message.py'...\n"}
[20.885267] (-) TimerEvent: {}
[20.886919] (hiveflight_interfaces) StdoutLine: {'line': b'-- Installing: /mnt/c/work/ubuntu_work/HiveFlight/ros2_ws/install/local/lib/python3.10/dist-packages/hiveflight_interfaces/hiveflight_interfaces_s__rosidl_typesupport_fastrtps_c.cpython-310-x86_64-linux-gnu.so\n'}
[20.985408] (-) TimerEvent: {}
[20.990434] (hiveflight_interfaces) StdoutLine: {'line': b'-- Set runtime path of "/mnt/c/work/ubuntu_work/HiveFlight/ros2_ws/install/local/lib/python3.10/dist-packages/hiveflight_interfaces/hiveflight_interfaces_s__rosidl_typesupport_fastrtps_c.cpython-310-x86_64-linux-gnu.so" to ""\n'}
[21.039994] (hiveflight_interfaces) StdoutLine: {'line': b'-- Installing: /mnt/c/work/ubuntu_work/HiveFlight/ros2_ws/install/local/lib/python3.10/dist-packages/hiveflight_interfaces/hiveflight_interfaces_s__rosidl_typesupport_introspection_c.cpython-310-x86_64-linux-gnu.so\n'}
[21.085516] (-) TimerEvent: {}
[21.145217] (hiveflight_interfaces) StdoutLine: {'line': b'-- Set runtime path of "/mnt/c/work/ubuntu_work/HiveFlight/ros2_ws/install/local/lib/python3.10/dist-packages/hiveflight_interfaces/hiveflight_interfaces_s__rosidl_typesupport_introspection_c.cpython-310-x86_64-linux-gnu.so" to ""\n'}
[21.185651] (-) TimerEvent: {}
[21.194741] (hiveflight_interfaces) StdoutLine: {'line': b'-- Installing: /mnt/c/work/ubuntu_work/HiveFlight/ros2_ws/install/local/lib/python3.10/dist-packages/hiveflight_interfaces/hiveflight_interfaces_s__rosidl_typesupport_c.cpython-310-x86_64-linux-gnu.so\n'}
[21.285832] (-) TimerEvent: {}
[21.302204] (hiveflight_interfaces) StdoutLine: {'line': b'-- Set runtime path of "/mnt/c/work/ubuntu_work/HiveFlight/ros2_ws/install/local/lib/python3.10/dist-packages/hiveflight_interfaces/hiveflight_interfaces_s__rosidl_typesupport_c.cpython-310-x86_64-linux-gnu.so" to ""\n'}
[21.316820] (hiveflight_interfaces) StdoutLine: {'line': b'-- Installing: /mnt/c/work/ubuntu_work/HiveFlight/ros2_ws/install/lib/libhiveflight_interfaces__rosidl_generator_py.so\n'}
[21.385966] (-) TimerEvent: {}
[21.388403] (hiveflight_interfaces) StdoutLine: {'line': b'-- Set runtime path of "/mnt/c/work/ubuntu_work/HiveFlight/ros2_ws/install/lib/libhiveflight_interfaces__rosidl_generator_py.so" to ""\n'}
[21.415615] (hiveflight_interfaces) StdoutLine: {'line': b'-- Installing: /mnt/c/work/ubuntu_work/HiveFlight/ros2_ws/install/share/ament_index/resource_index/rust_packages/hiveflight_interfaces\n'}
[21.473485] (hiveflight_interfaces) StdoutLine: {'line': b'-- Installing: /mnt/c/work/ubuntu_work/HiveFlight/ros2_ws/install/share/hiveflight_interfaces/rust\n'}
[21.486042] (-) TimerEvent: {}
[21.495661] (hiveflight_interfaces) StdoutLine: {'line': b'-- Installing: /mnt/c/work/ubuntu_work/HiveFlight/ros2_ws/install/share/hiveflight_interfaces/rust/build.rs\n'}
[21.548832] (hiveflight_interfaces) StdoutLine: {'line': b'-- Installing: /mnt/c/work/ubuntu_work/HiveFlight/ros2_ws/install/share/hiveflight_interfaces/rust/Cargo.toml\n'}
[21.586115] (-) TimerEvent: {}
[21.599917] (hiveflight_interfaces) StdoutLine: {'line': b'-- Installing: /mnt/c/work/ubuntu_work/HiveFlight/ros2_ws/install/share/hiveflight_interfaces/rust/src\n'}
[21.627634] (hiveflight_interfaces) StdoutLine: {'line': b'-- Installing: /mnt/c/work/ubuntu_work/HiveFlight/ros2_ws/install/share/hiveflight_interfaces/rust/src/lib.rs\n'}
[21.685023] (hiveflight_interfaces) StdoutLine: {'line': b'-- Installing: /mnt/c/work/ubuntu_work/HiveFlight/ros2_ws/install/share/hiveflight_interfaces/rust/src/msg\n'}
[21.686203] (-) TimerEvent: {}
[21.719099] (hiveflight_interfaces) StdoutLine: {'line': b'-- Installing: /mnt/c/work/ubuntu_work/HiveFlight/ros2_ws/install/share/hiveflight_interfaces/rust/src/msg/rmw.rs\n'}
[21.786352] (-) TimerEvent: {}
[21.787899] (hiveflight_interfaces) StdoutLine: {'line': b'-- Installing: /mnt/c/work/ubuntu_work/HiveFlight/ros2_ws/install/share/hiveflight_interfaces/rust/src/msg.rs\n'}
[21.855061] (hiveflight_interfaces) StdoutLine: {'line': b'-- Installing: /mnt/c/work/ubuntu_work/HiveFlight/ros2_ws/install/share/hiveflight_interfaces/msg/DroneMessage.idl\n'}
[21.886452] (-) TimerEvent: {}
[21.911961] (hiveflight_interfaces) StdoutLine: {'line': b'-- Installing: /mnt/c/work/ubuntu_work/HiveFlight/ros2_ws/install/share/hiveflight_interfaces/msg/DroneMessage.msg\n'}
[21.983213] (hiveflight_interfaces) StdoutLine: {'line': b'-- Installing: /mnt/c/work/ubuntu_work/HiveFlight/ros2_ws/install/share/ament_index/resource_index/package_run_dependencies/hiveflight_interfaces\n'}
[21.986538] (-) TimerEvent: {}
[22.059563] (hiveflight_interfaces) StdoutLine: {'line': b'-- Installing: /mnt/c/work/ubuntu_work/HiveFlight/ros2_ws/install/share/ament_index/resource_index/parent_prefix_path/hiveflight_interfaces\n'}
[22.086640] (-) TimerEvent: {}
[22.118164] (hiveflight_interfaces) StdoutLine: {'line': b'-- Installing: /mnt/c/work/ubuntu_work/HiveFlight/ros2_ws/install/share/hiveflight_interfaces/environment/ament_prefix_path.sh\n'}
[22.160717] (hiveflight_interfaces) StdoutLine: {'line': b'-- Installing: /mnt/c/work/ubuntu_work/HiveFlight/ros2_ws/install/share/hiveflight_interfaces/environment/ament_prefix_path.dsv\n'}
[22.186733] (-) TimerEvent: {}
[22.205292] (hiveflight_interfaces) StdoutLine: {'line': b'-- Installing: /mnt/c/work/ubuntu_work/HiveFlight/ros2_ws/install/share/hiveflight_interfaces/environment/path.sh\n'}
[22.248043] (hiveflight_interfaces) StdoutLine: {'line': b'-- Installing: /mnt/c/work/ubuntu_work/HiveFlight/ros2_ws/install/share/hiveflight_interfaces/environment/path.dsv\n'}
[22.286811] (-) TimerEvent: {}
[22.294722] (hiveflight_interfaces) StdoutLine: {'line': b'-- Installing: /mnt/c/work/ubuntu_work/HiveFlight/ros2_ws/install/share/hiveflight_interfaces/local_setup.bash\n'}
[22.339952] (hiveflight_interfaces) StdoutLine: {'line': b'-- Installing: /mnt/c/work/ubuntu_work/HiveFlight/ros2_ws/install/share/hiveflight_interfaces/local_setup.sh\n'}
[22.381751] (hiveflight_interfaces) StdoutLine: {'line': b'-- Installing: /mnt/c/work/ubuntu_work/HiveFlight/ros2_ws/install/share/hiveflight_interfaces/local_setup.zsh\n'}
[22.386894] (-) TimerEvent: {}
[22.424713] (hiveflight_interfaces) StdoutLine: {'line': b'-- Installing: /mnt/c/work/ubuntu_work/HiveFlight/ros2_ws/install/share/hiveflight_interfaces/local_setup.dsv\n'}
[22.464626] (hiveflight_interfaces) StdoutLine: {'line': b'-- Installing: /mnt/c/work/ubuntu_work/HiveFlight/ros2_ws/install/share/hiveflight_interfaces/package.dsv\n'}
[22.487005] (-) TimerEvent: {}
[22.526081] (hiveflight_interfaces) StdoutLine: {'line': b'-- Installing: /mnt/c/work/ubuntu_work/HiveFlight/ros2_ws/install/share/ament_index/resource_index/packages/hiveflight_interfaces\n'}
[22.587133] (-) TimerEvent: {}
[22.601334] (hiveflight_interfaces) StdoutLine: {'line': b'-- Installing: /mnt/c/work/ubuntu_work/HiveFlight/ros2_ws/install/share/hiveflight_interfaces/cmake/export_hiveflight_interfaces__rosidl_generator_cExport.cmake\n'}
[22.668956] (hiveflight_interfaces) StdoutLine: {'line': b'-- Installing: /mnt/c/work/ubuntu_work/HiveFlight/ros2_ws/install/share/hiveflight_interfaces/cmake/export_hiveflight_interfaces__rosidl_generator_cExport-noconfig.cmake\n'}
[22.687203] (-) TimerEvent: {}
[22.732561] (hiveflight_interfaces) StdoutLine: {'line': b'-- Installing: /mnt/c/work/ubuntu_work/HiveFlight/ros2_ws/install/share/hiveflight_interfaces/cmake/export_hiveflight_interfaces__rosidl_typesupport_fastrtps_cExport.cmake\n'}
[22.787349] (-) TimerEvent: {}
[22.801694] (hiveflight_interfaces) StdoutLine: {'line': b'-- Installing: /mnt/c/work/ubuntu_work/HiveFlight/ros2_ws/install/share/hiveflight_interfaces/cmake/export_hiveflight_interfaces__rosidl_typesupport_fastrtps_cExport-noconfig.cmake\n'}
[22.865791] (hiveflight_interfaces) StdoutLine: {'line': b'-- Installing: /mnt/c/work/ubuntu_work/HiveFlight/ros2_ws/install/share/hiveflight_interfaces/cmake/export_hiveflight_interfaces__rosidl_generator_cppExport.cmake\n'}
[22.887436] (-) TimerEvent: {}
[22.934924] (hiveflight_interfaces) StdoutLine: {'line': b'-- Installing: /mnt/c/work/ubuntu_work/HiveFlight/ros2_ws/install/share/hiveflight_interfaces/cmake/export_hiveflight_interfaces__rosidl_typesupport_fastrtps_cppExport.cmake\n'}
[22.987583] (-) TimerEvent: {}
[22.998496] (hiveflight_interfaces) StdoutLine: {'line': b'-- Installing: /mnt/c/work/ubuntu_work/HiveFlight/ros2_ws/install/share/hiveflight_interfaces/cmake/export_hiveflight_interfaces__rosidl_typesupport_fastrtps_cppExport-noconfig.cmake\n'}
[23.062838] (hiveflight_interfaces) StdoutLine: {'line': b'-- Installing: /mnt/c/work/ubuntu_work/HiveFlight/ros2_ws/install/share/hiveflight_interfaces/cmake/hiveflight_interfaces__rosidl_typesupport_introspection_cExport.cmake\n'}
[23.087639] (-) TimerEvent: {}
[23.124455] (hiveflight_interfaces) StdoutLine: {'line': b'-- Installing: /mnt/c/work/ubuntu_work/HiveFlight/ros2_ws/install/share/hiveflight_interfaces/cmake/hiveflight_interfaces__rosidl_typesupport_introspection_cExport-noconfig.cmake\n'}
[23.187792] (-) TimerEvent: {}
[23.189684] (hiveflight_interfaces) StdoutLine: {'line': b'-- Installing: /mnt/c/work/ubuntu_work/HiveFlight/ros2_ws/install/share/hiveflight_interfaces/cmake/hiveflight_interfaces__rosidl_typesupport_cExport.cmake\n'}
[23.259457] (hiveflight_interfaces) StdoutLine: {'line': b'-- Installing: /mnt/c/work/ubuntu_work/HiveFlight/ros2_ws/install/share/hiveflight_interfaces/cmake/hiveflight_interfaces__rosidl_typesupport_cExport-noconfig.cmake\n'}
[23.287876] (-) TimerEvent: {}
[23.324362] (hiveflight_interfaces) StdoutLine: {'line': b'-- Installing: /mnt/c/work/ubuntu_work/HiveFlight/ros2_ws/install/share/hiveflight_interfaces/cmake/hiveflight_interfaces__rosidl_typesupport_introspection_cppExport.cmake\n'}
[23.388028] (-) TimerEvent: {}
[23.394353] (hiveflight_interfaces) StdoutLine: {'line': b'-- Installing: /mnt/c/work/ubuntu_work/HiveFlight/ros2_ws/install/share/hiveflight_interfaces/cmake/hiveflight_interfaces__rosidl_typesupport_introspection_cppExport-noconfig.cmake\n'}
[23.458412] (hiveflight_interfaces) StdoutLine: {'line': b'-- Installing: /mnt/c/work/ubuntu_work/HiveFlight/ros2_ws/install/share/hiveflight_interfaces/cmake/hiveflight_interfaces__rosidl_typesupport_cppExport.cmake\n'}
[23.488144] (-) TimerEvent: {}
[23.523882] (hiveflight_interfaces) StdoutLine: {'line': b'-- Installing: /mnt/c/work/ubuntu_work/HiveFlight/ros2_ws/install/share/hiveflight_interfaces/cmake/hiveflight_interfaces__rosidl_typesupport_cppExport-noconfig.cmake\n'}
[23.588273] (-) TimerEvent: {}
[23.589814] (hiveflight_interfaces) StdoutLine: {'line': b'-- Installing: /mnt/c/work/ubuntu_work/HiveFlight/ros2_ws/install/share/hiveflight_interfaces/cmake/export_hiveflight_interfaces__rosidl_generator_pyExport.cmake\n'}
[23.652287] (hiveflight_interfaces) StdoutLine: {'line': b'-- Installing: /mnt/c/work/ubuntu_work/HiveFlight/ros2_ws/install/share/hiveflight_interfaces/cmake/export_hiveflight_interfaces__rosidl_generator_pyExport-noconfig.cmake\n'}
[23.688399] (-) TimerEvent: {}
[23.710211] (hiveflight_interfaces) StdoutLine: {'line': b'-- Installing: /mnt/c/work/ubuntu_work/HiveFlight/ros2_ws/install/share/hiveflight_interfaces/cmake/rosidl_cmake-extras.cmake\n'}
[23.757549] (hiveflight_interfaces) StdoutLine: {'line': b'-- Installing: /mnt/c/work/ubuntu_work/HiveFlight/ros2_ws/install/share/hiveflight_interfaces/cmake/ament_cmake_export_dependencies-extras.cmake\n'}
[23.788484] (-) TimerEvent: {}
[23.806119] (hiveflight_interfaces) StdoutLine: {'line': b'-- Installing: /mnt/c/work/ubuntu_work/HiveFlight/ros2_ws/install/share/hiveflight_interfaces/cmake/ament_cmake_export_include_directories-extras.cmake\n'}
[23.856187] (hiveflight_interfaces) StdoutLine: {'line': b'-- Installing: /mnt/c/work/ubuntu_work/HiveFlight/ros2_ws/install/share/hiveflight_interfaces/cmake/ament_cmake_export_libraries-extras.cmake\n'}
[23.888569] (-) TimerEvent: {}
[23.907420] (hiveflight_interfaces) StdoutLine: {'line': b'-- Installing: /mnt/c/work/ubuntu_work/HiveFlight/ros2_ws/install/share/hiveflight_interfaces/cmake/ament_cmake_export_targets-extras.cmake\n'}
[23.954345] (hiveflight_interfaces) StdoutLine: {'line': b'-- Installing: /mnt/c/work/ubuntu_work/HiveFlight/ros2_ws/install/share/hiveflight_interfaces/cmake/rosidl_cmake_export_typesupport_targets-extras.cmake\n'}
[23.988683] (-) TimerEvent: {}
[24.002683] (hiveflight_interfaces) StdoutLine: {'line': b'-- Installing: /mnt/c/work/ubuntu_work/HiveFlight/ros2_ws/install/share/hiveflight_interfaces/cmake/rosidl_cmake_export_typesupport_libraries-extras.cmake\n'}
[24.050602] (hiveflight_interfaces) StdoutLine: {'line': b'-- Installing: /mnt/c/work/ubuntu_work/HiveFlight/ros2_ws/install/share/hiveflight_interfaces/cmake/hiveflight_interfacesConfig.cmake\n'}
[24.088819] (-) TimerEvent: {}
[24.096609] (hiveflight_interfaces) StdoutLine: {'line': b'-- Installing: /mnt/c/work/ubuntu_work/HiveFlight/ros2_ws/install/share/hiveflight_interfaces/cmake/hiveflight_interfacesConfig-version.cmake\n'}
[24.144288] (hiveflight_interfaces) StdoutLine: {'line': b'-- Installing: /mnt/c/work/ubuntu_work/HiveFlight/ros2_ws/install/share/hiveflight_interfaces/package.xml\n'}
[24.188951] (-) TimerEvent: {}
[24.194739] (hiveflight_interfaces) CommandEnded: {'returncode': 0}
[24.289056] (-) TimerEvent: {}
[24.389556] (-) TimerEvent: {}
[24.490043] (-) TimerEvent: {}
[24.590585] (-) TimerEvent: {}
[24.691310] (-) TimerEvent: {}
[24.791754] (-) TimerEvent: {}
[24.892299] (-) TimerEvent: {}
[24.992847] (-) TimerEvent: {}
[25.093392] (-) TimerEvent: {}
[25.156459] (hiveflight_interfaces) JobEnded: {'identifier': 'hiveflight_interfaces', 'rc': 0}
[25.164105] (hiveflight_sim) JobStarted: {'identifier': 'hiveflight_sim'}
[25.193498] (-) TimerEvent: {}
[25.294046] (-) TimerEvent: {}
[25.339525] (hiveflight_sim) JobProgress: {'identifier': 'hiveflight_sim', 'progress': 'cmake'}
[25.373834] (hiveflight_sim) Command: {'cmd': ['/usr/bin/cmake', '/mnt/c/work/ubuntu_work/HiveFlight/ros2_ws/src/hiveflight_sim', '-DCMAKE_INSTALL_PREFIX=/mnt/c/work/ubuntu_work/HiveFlight/ros2_ws/install'], 'cwd': '/mnt/c/work/ubuntu_work/HiveFlight/ros2_ws/build/hiveflight_sim', 'env': OrderedDict([('LESSOPEN', '| /usr/bin/lesspipe %s'), ('USER', 'ivano'), ('SHLVL', '2'), ('LD_LIBRARY_PATH', '/mnt/c/work/ubuntu_work/HiveFlight/ros2_ws/install/lib:/usr/lib/x86_64-linux-gnu/gazebo-11/plugins:/home/ivano/hiveflight_ws/install/hiveflight_interfaces/lib:/opt/ros/humble/opt/rviz_ogre_vendor/lib:/opt/ros/humble/lib/x86_64-linux-gnu:/opt/ros/humble/lib'), ('MOTD_SHOWN', 'update-motd'), ('HOME', '/home/ivano'), ('OLDPWD', '/home/ivano/hiveflight_ws'), ('ROS_PYTHON_VERSION', '3'), ('DBUS_SESSION_BUS_ADDRESS', 'unix:path=/run/user/1000/bus'), ('WSL_DISTRO_NAME', 'Ubuntu-22.04'), ('WAYLAND_DISPLAY', 'wayland-0'), ('COLCON_PREFIX_PATH', '/mnt/c/work/ubuntu_work/HiveFlight/ros2_ws/install:/home/ivano/hiveflight_ws/install'), ('ROS_DISTRO', 'humble'), ('LOGNAME', 'ivano'), ('NAME', 'LAPTOP-7K9MEH4D'), ('WSL_INTEROP', '/run/WSL/331_interop'), ('PULSE_SERVER', 'unix:/mnt/wslg/PulseServer'), ('_', '/usr/bin/colcon'), ('ROS_VERSION', '2'), ('TERM', 'xterm-256color'), ('ROS_LOCALHOST_ONLY', '0'), ('PATH', '/opt/ros/humble/bin:/usr/local/sbin:/usr/local/bin:/usr/sbin:/usr/bin:/sbin:/bin:/usr/games:/usr/local/games:/usr/lib/wsl/lib:/mnt/c/Users/ivano/AppData/Roaming/Code/User/globalStorage/github.copilot-chat/debugCommand:/mnt/c/Users/ivano/AppData/Roaming/Code/User/globalStorage/github.copilot-chat/copilotCli:/mnt/c/windows/system32:/mnt/c/windows:/mnt/c/windows/System32/Wbem:/mnt/c/windows/System32/WindowsPowerShell/v1.0/:/mnt/c/windows/System32/OpenSSH/:/mnt/c/Program Files/HP/1E.Performance.Assist/Extensibility/NomadBranch:/mnt/c/Program Files/CMake/bin:/mnt/c/Program Files (x86)/Windows Kits/10/Windows Performance Toolkit/:/mnt/c/Program Files/Git/cmd:/mnt/c/windows/system32:/mnt/c/windows:/mnt/c/windows/System32/Wbem:/mnt/c/windows/System32/WindowsPowerShell/v1.0/:/mnt/c/windows/System32/OpenSSH/:/mnt/c/Program Files/HP/1E.Performance.Assist/Extensibility/NomadBranch:/mnt/c/Program Files/CMake/bin:/mnt/c/Program Files (x86)/Windows Kits/10/Windows Performance Toolkit/:/mnt/c/Program Files/Git/cmd:/mnt/c/vcpkg:/mnt/c/Users/ivano/AppData/Local/Programs/Microsoft VS Code/bin:/snap/bin'), ('XDG_RUNTIME_DIR', '/run/user/1000'), ('DISPLAY', ':0'), ('LANG', 'C.UTF-8'), ('LS_COLORS', 'rs=0:di=01;34:ln=01;36:mh=00:pi=40;33:so=01;35:do=01;35:bd=40;33;01:cd=40;33;01:or=40;31;01:mi=00:su=37;41:sg=30;43:ca=30;41:tw=30;42:ow=34;42:st=37;44:ex=01;32:*.tar=01;31:*.tgz=01;31:*.arc=01;31:*.arj=01;31:*.taz=01;31:*.lha=01;31:*.lz4=01;31:*.lzh=01;31:*.lzma=01;31:*.tlz=01;31:*.txz=01;31:*.tzo=01;31:*.t7z=01;31:*.zip=01;31:*.z=01;31:*.dz=01;31:*.gz=01;31:*.lrz=01;31:*.lz=01;31:*.lzo=01;31:*.xz=01;31:*.zst=01;31:*.tzst=01;31:*.bz2=01;31:*.bz=01;31:*.tbz=01;31:*.tbz2=01;31:*.tz=01;31:*.deb=01;31:*.rpm=01;31:*.jar=01;31:*.war=01;31:*.ear=01;31:*.sar=01;31:*.rar=01;31:*.alz=01;31:*.ace=01;31:*.zoo=01;31:*.cpio=01;31:*.7z=01;31:*.rz=01;31:*.cab=01;31:*.wim=01;31:*.swm=01;31:*.dwm=01;31:*.esd=01;31:*.jpg=01;35:*.jpeg=01;35:*.mjpg=01;35:*.mjpeg=01;35:*.gif=01;35:*.bmp=01;35:*.pbm=01;35:*.pgm=01;35:*.ppm=01;35:*.tga=01;35:*.xbm=01;35:*.xpm=01;35:*.tif=01;35:*.tiff=01;35:*.png=01;35:*.svg=01;35:*.svgz=01;35:*.mng=01;35:*.pcx=01;35:*.mov=01;35:*.mpg=01;35:*.mpeg=01;35:*.m2v=01;35:*.mkv=01;35:*.webm=01;35:*.webp=01;35:*.ogm=01;35:*.mp4=01;35:*.m4v=01;35:*.mp4v=01;35:*.vob=01;35:*.qt=01;35:*.nuv=01;35:*.wmv=01;35:*.asf=01;35:*.rm=01;35:*.rmvb=01;35:*.flc=01;35:*.avi=01;35:*.fli=01;35:*.flv=01;35:*.gl=01;35:*.dl=01;35:*.xcf=01;35:*.xwd=01;35:*.yuv=01;35:*.cgm=01;35:*.emf=01;35:*.ogv=01;35:*.ogx=01;35:*.aac=00;36:*.au=00;36:*.flac=00;36:*.m4a=00;36:*.mid=00;36:*.midi=00;36:*.mka=00;36:*.mp3=00;36:*.mpc=00;36:*.ogg=00;36:*.ra=00;36:*.wav=00;36:*.oga=00;36:*.opus=00;36:*.spx=00;36:*.xspf=00;36:'), ('AMENT_PREFIX_PATH', '/mnt/c/work/ubuntu_work/HiveFlight/ros2_ws/install:/home/ivano/hiveflight_ws/install/hiveflight_interfaces:/home/ivano/hiveflight_ws/install/hiveflight:/opt/ros/humble'), ('SHELL', '/bin/bash'), ('LESSCLOSE', '/usr/bin/lesspipe %s %s'), ('PWD', '/mnt/c/work/ubuntu_work/HiveFlight/ros2_ws/build/hiveflight_sim'), ('XDG_DATA_DIRS', '/usr/local/share:/usr/share:/var/lib/snapd/desktop'), ('PYTHONPATH', '/mnt/c/work/ubuntu_work/HiveFlight/ros2_ws/install/local/lib/python3.10/dist-packages:/home/ivano/hiveflight_ws/install/hiveflight_interfaces/local/lib/python3.10/dist-packages:/opt/ros/humble/lib/python3.10/site-packages:/opt/ros/humble/local/lib/python3.10/dist-packages'), ('COLCON', '1'), ('WSL2_GUI_APPS_ENABLED', '1'), ('HOSTTYPE', 'x86_64'), ('CMAKE_PREFIX_PATH', '/mnt/c/work/ubuntu_work/HiveFlight/ros2_ws/install:/home/ivano/hiveflight_ws/install/hiveflight_interfaces:/home/ivano/hiveflight_ws/install/hiveflight:/opt/ros/humble'), ('WSLENV', '')]), 'shell': False}
[25.394152] (-) TimerEvent: {}
[25.494602] (-) TimerEvent: {}
[25.595144] (-) TimerEvent: {}
[25.695943] (-) TimerEvent: {}
[25.796615] (-) TimerEvent: {}
[25.865886] (hiveflight_sim) StdoutLine: {'line': b'-- The C compiler identification is GNU 11.4.0\n'}
[25.896718] (-) TimerEvent: {}
[25.997247] (-) TimerEvent: {}
[26.097713] (-) TimerEvent: {}
[26.198235] (-) TimerEvent: {}
[26.298796] (-) TimerEvent: {}
[26.383443] (hiveflight_sim) StdoutLine: {'line': b'-- The CXX compiler identification is GNU 11.4.0\n'}
[26.398920] (-) TimerEvent: {}
[26.499520] (-) TimerEvent: {}
[26.600219] (-) TimerEvent: {}
[26.626030] (hiveflight_sim) StdoutLine: {'line': b'-- Detecting C compiler ABI info\n'}
[26.700363] (-) TimerEvent: {}
[26.800860] (-) TimerEvent: {}
[26.901400] (-) TimerEvent: {}
[27.001893] (-) TimerEvent: {}
[27.102408] (-) TimerEvent: {}
[27.202929] (-) TimerEvent: {}
[27.303474] (-) TimerEvent: {}
[27.404181] (-) TimerEvent: {}
[27.437938] (hiveflight_sim) StdoutLine: {'line': b'-- Detecting C compiler ABI info - done\n'}
[27.457628] (hiveflight_sim) StdoutLine: {'line': b'-- Check for working C compiler: /usr/bin/cc - skipped\n'}
[27.458524] (hiveflight_sim) StdoutLine: {'line': b'-- Detecting C compile features\n'}
[27.459375] (hiveflight_sim) StdoutLine: {'line': b'-- Detecting C compile features - done\n'}
[27.501428] (hiveflight_sim) StdoutLine: {'line': b'-- Detecting CXX compiler ABI info\n'}
[27.504268] (-) TimerEvent: {}
[27.604756] (-) TimerEvent: {}
[27.705736] (-) TimerEvent: {}
[27.806211] (-) TimerEvent: {}
[27.906740] (-) TimerEvent: {}
[28.007319] (-) TimerEvent: {}
[28.108173] (-) TimerEvent: {}
[28.208753] (-) TimerEvent: {}
[28.309346] (-) TimerEvent: {}
[28.326790] (hiveflight_sim) StdoutLine: {'line': b'-- Detecting CXX compiler ABI info - done\n'}
[28.347161] (hiveflight_sim) StdoutLine: {'line': b'-- Check for working CXX compiler: /usr/bin/c++ - skipped\n'}
[28.348445] (hiveflight_sim) StdoutLine: {'line': b'-- Detecting CXX compile features\n'}
[28.349281] (hiveflight_sim) StdoutLine: {'line': b'-- Detecting CXX compile features - done\n'}
[28.409523] (-) TimerEvent: {}
[28.419899] (hiveflight_sim) StdoutLine: {'line': b'-- Found ament_cmake: 1.3.14 (/opt/ros/humble/share/ament_cmake/cmake)\n'}
[28.509625] (-) TimerEvent: {}
[28.610178] (-) TimerEvent: {}
[28.710853] (-) TimerEvent: {}
[28.811559] (-) TimerEvent: {}
[28.912156] (-) TimerEvent: {}
[29.012642] (-) TimerEvent: {}
[29.110168] (hiveflight_sim) StdoutLine: {'line': b'-- Found Python3: /usr/bin/python3 (found version "3.10.12") found components: Interpreter \n'}
[29.116545] (-) TimerEvent: {}
[29.217084] (-) TimerEvent: {}
[29.317559] (-) TimerEvent: {}
[29.418656] (-) TimerEvent: {}
[29.519231] (-) TimerEvent: {}
[29.619819] (-) TimerEvent: {}
[29.720359] (-) TimerEvent: {}
[29.820920] (-) TimerEvent: {}
[29.833202] (hiveflight_sim) StdoutLine: {'line': b'-- Found rclcpp: 16.0.19 (/opt/ros/humble/share/rclcpp/cmake)\n'}
[29.921050] (-) TimerEvent: {}
[30.021637] (-) TimerEvent: {}
[30.122214] (-) TimerEvent: {}
[30.222838] (-) TimerEvent: {}
[30.282224] (hiveflight_sim) StdoutLine: {'line': b'-- Found rosidl_generator_c: 3.1.8 (/opt/ros/humble/share/rosidl_generator_c/cmake)\n'}
[30.322968] (-) TimerEvent: {}
[30.343954] (hiveflight_sim) StdoutLine: {'line': b'-- Found rosidl_adapter: 3.1.8 (/opt/ros/humble/share/rosidl_adapter/cmake)\n'}
[30.408218] (hiveflight_sim) StdoutLine: {'line': b'-- Found rosidl_generator_cpp: 3.1.8 (/opt/ros/humble/share/rosidl_generator_cpp/cmake)\n'}
[30.423062] (-) TimerEvent: {}
[30.475004] (hiveflight_sim) StdoutLine: {'line': b'-- Using all available rosidl_typesupport_c: rosidl_typesupport_fastrtps_c;rosidl_typesupport_introspection_c\n'}
[30.523200] (-) TimerEvent: {}
[30.573020] (hiveflight_sim) StdoutLine: {'line': b'-- Using all available rosidl_typesupport_cpp: rosidl_typesupport_fastrtps_cpp;rosidl_typesupport_introspection_cpp\n'}
[30.623349] (-) TimerEvent: {}
[30.723870] (-) TimerEvent: {}
[30.824542] (-) TimerEvent: {}
[30.925204] (-) TimerEvent: {}
[30.945731] (hiveflight_sim) StdoutLine: {'line': b'-- Found rmw_implementation_cmake: 6.1.2 (/opt/ros/humble/share/rmw_implementation_cmake/cmake)\n'}
[30.989879] (hiveflight_sim) StdoutLine: {'line': b'-- Found rmw_fastrtps_cpp: 6.2.10 (/opt/ros/humble/share/rmw_fastrtps_cpp/cmake)\n'}
[31.025323] (-) TimerEvent: {}
[31.125873] (-) TimerEvent: {}
[31.226392] (-) TimerEvent: {}
[31.327083] (-) TimerEvent: {}
[31.428120] (-) TimerEvent: {}
[31.528769] (-) TimerEvent: {}
[31.629306] (-) TimerEvent: {}
[31.729773] (-) TimerEvent: {}
[31.830316] (-) TimerEvent: {}
[31.930860] (-) TimerEvent: {}
[32.031403] (-) TimerEvent: {}
[32.131953] (-) TimerEvent: {}
[32.232939] (-) TimerEvent: {}
[32.333475] (-) TimerEvent: {}
[32.390250] (hiveflight_sim) StdoutLine: {'line': b'-- Found OpenSSL: /usr/lib/x86_64-linux-gnu/libcrypto.so (found version "3.0.2")  \n'}
[32.433569] (-) TimerEvent: {}
[32.534191] (-) TimerEvent: {}
[32.634750] (-) TimerEvent: {}
[32.735488] (-) TimerEvent: {}
[32.836123] (-) TimerEvent: {}
[32.936761] (-) TimerEvent: {}
[33.037280] (-) TimerEvent: {}
[33.138003] (-) TimerEvent: {}
[33.179865] (hiveflight_sim) StdoutLine: {'line': b'-- Found FastRTPS: /opt/ros/humble/include  \n'}
[33.238134] (-) TimerEvent: {}
[33.338663] (-) TimerEvent: {}
[33.439164] (-) TimerEvent: {}
[33.539711] (-) TimerEvent: {}
[33.640301] (-) TimerEvent: {}
[33.740782] (-) TimerEvent: {}
[33.841362] (-) TimerEvent: {}
[33.941882] (-) TimerEvent: {}
[34.042520] (-) TimerEvent: {}
[34.143104] (-) TimerEvent: {}
[34.243732] (-) TimerEvent: {}
[34.344380] (-) TimerEvent: {}
[34.444920] (-) TimerEvent: {}
[34.545460] (-) TimerEvent: {}
[34.646008] (-) TimerEvent: {}
[34.662332] (hiveflight_sim) StdoutLine: {'line': b"-- Using RMW implementation 'rmw_fastrtps_cpp' as default\n"}
[34.746137] (-) TimerEvent: {}
[34.799186] (hiveflight_sim) StdoutLine: {'line': b'-- Looking for pthread.h\n'}
[34.846276] (-) TimerEvent: {}
[34.946810] (-) TimerEvent: {}
[35.047358] (-) TimerEvent: {}
[35.147946] (-) TimerEvent: {}
[35.248677] (-) TimerEvent: {}
[35.349401] (-) TimerEvent: {}
[35.449953] (-) TimerEvent: {}
[35.550495] (-) TimerEvent: {}
[35.651062] (-) TimerEvent: {}
[35.683622] (hiveflight_sim) StdoutLine: {'line': b'-- Looking for pthread.h - found\n'}
[35.692329] (hiveflight_sim) StdoutLine: {'line': b'-- Performing Test CMAKE_HAVE_LIBC_PTHREAD\n'}
[35.751145] (-) TimerEvent: {}
[35.851789] (-) TimerEvent: {}
[35.952573] (-) TimerEvent: {}
[36.053310] (-) TimerEvent: {}
[36.153872] (-) TimerEvent: {}
[36.254461] (-) TimerEvent: {}
[36.355042] (-) TimerEvent: {}
[36.455619] (-) TimerEvent: {}
[36.535424] (hiveflight_sim) StdoutLine: {'line': b'-- Performing Test CMAKE_HAVE_LIBC_PTHREAD - Success\n'}
[36.539934] (hiveflight_sim) StdoutLine: {'line': b'-- Found Threads: TRUE  \n'}
[36.555745] (-) TimerEvent: {}
[36.656491] (-) TimerEvent: {}
[36.756988] (-) TimerEvent: {}
[36.757747] (hiveflight_sim) StdoutLine: {'line': b'-- Found geometry_msgs: 4.9.1 (/opt/ros/humble/share/geometry_msgs/cmake)\n'}
[36.819029] (hiveflight_sim) StdoutLine: {'line': b'-- Found hiveflight_interfaces: 0.0.1 (/mnt/c/work/ubuntu_work/HiveFlight/ros2_ws/install/share/hiveflight_interfaces/cmake)\n'}
[36.857078] (-) TimerEvent: {}
[36.957687] (-) TimerEvent: {}
[37.058231] (-) TimerEvent: {}
[37.158810] (-) TimerEvent: {}
[37.259307] (-) TimerEvent: {}
[37.359847] (-) TimerEvent: {}
[37.460536] (-) TimerEvent: {}
[37.561104] (-) TimerEvent: {}
[37.661688] (-) TimerEvent: {}
[37.762181] (-) TimerEvent: {}
[37.846994] (hiveflight_sim) StdoutLine: {'line': b'-- Configuring done\n'}
[37.862489] (-) TimerEvent: {}
[37.963270] (-) TimerEvent: {}
[38.064019] (-) TimerEvent: {}
[38.164803] (-) TimerEvent: {}
[38.258667] (hiveflight_sim) StdoutLine: {'line': b'-- Generating done\n'}
[38.264891] (-) TimerEvent: {}
[38.365340] (-) TimerEvent: {}
[38.402668] (hiveflight_sim) StdoutLine: {'line': b'-- Build files have been written to: /mnt/c/work/ubuntu_work/HiveFlight/ros2_ws/build/hiveflight_sim\n'}
[38.413794] (hiveflight_sim) CommandEnded: {'returncode': 0}
[38.418910] (hiveflight_sim) JobProgress: {'identifier': 'hiveflight_sim', 'progress': 'build'}
[38.423153] (hiveflight_sim) Command: {'cmd': ['/usr/bin/cmake', '--build', '/mnt/c/work/ubuntu_work/HiveFlight/ros2_ws/build/hiveflight_sim', '--', '-j16', '-l16'], 'cwd': '/mnt/c/work/ubuntu_work/HiveFlight/ros2_ws/build/hiveflight_sim', 'env': OrderedDict([('LESSOPEN', '| /usr/bin/lesspipe %s'), ('USER', 'ivano'), ('SHLVL', '2'), ('LD_LIBRARY_PATH', '/mnt/c/work/ubuntu_work/HiveFlight/ros2_ws/install/lib:/usr/lib/x86_64-linux-gnu/gazebo-11/plugins:/home/ivano/hiveflight_ws/install/hiveflight_interfaces/lib:/opt/ros/humble/opt/rviz_ogre_vendor/lib:/opt/ros/humble/lib/x86_64-linux-gnu:/opt/ros/humble/lib'), ('MOTD_SHOWN', 'update-motd'), ('HOME', '/home/ivano'), ('OLDPWD', '/home/ivano/hiveflight_ws'), ('ROS_PYTHON_VERSION', '3'), ('DBUS_SESSION_BUS_ADDRESS', 'unix:path=/run/user/1000/bus'), ('WSL_DISTRO_NAME', 'Ubuntu-22.04'), ('WAYLAND_DISPLAY', 'wayland-0'), ('COLCON_PREFIX_PATH', '/mnt/c/work/ubuntu_work/HiveFlight/ros2_ws/install:/home/ivano/hiveflight_ws/install'), ('ROS_DISTRO', 'humble'), ('LOGNAME', 'ivano'), ('NAME', 'LAPTOP-7K9MEH4D'), ('WSL_INTEROP', '/run/WSL/331_interop'), ('PULSE_SERVER', 'unix:/mnt/wslg/PulseServer'), ('_', '/usr/bin/colcon'), ('ROS_VERSION', '2'), ('TERM', 'xterm-256color'), ('ROS_LOCALHOST_ONLY', '0'), ('PATH', '/opt/ros/humble/bin:/usr/local/sbin:/usr/local/bin:/usr/sbin:/usr/bin:/sbin:/bin:/usr/games:/usr/local/games:/usr/lib/wsl/lib:/mnt/c/Users/ivano/AppData/Roaming/Code/User/globalStorage/github.copilot-chat/debugCommand:/mnt/c/Users/ivano/AppData/Roaming/Code/User/globalStorage/github.copilot-chat/copilotCli:/mnt/c/windows/system32:/mnt/c/windows:/mnt/c/windows/System32/Wbem:/mnt/c/windows/System32/WindowsPowerShell/v1.0/:/mnt/c/windows/System32/OpenSSH/:/mnt/c/Program Files/HP/1E.Performance.Assist/Extensibility/NomadBranch:/mnt/c/Program Files/CMake/bin:/mnt/c/Program Files (x86)/Windows Kits/10/Windows Performance Toolkit/:/mnt/c/Program Files/Git/cmd:/mnt/c/windows/system32:/mnt/c/windows:/mnt/c/windows/System32/Wbem:/mnt/c/windows/System32/WindowsPowerShell/v1.0/:/mnt/c/windows/System32/OpenSSH/:/mnt/c/Program Files/HP/1E.Performance.Assist/Extensibility/NomadBranch:/mnt/c/Program Files/CMake/bin:/mnt/c/Program Files (x86)/Windows Kits/10/Windows Performance Toolkit/:/mnt/c/Program Files/Git/cmd:/mnt/c/vcpkg:/mnt/c/Users/ivano/AppData/Local/Programs/Microsoft VS Code/bin:/snap/bin'), ('XDG_RUNTIME_DIR', '/run/user/1000'), ('DISPLAY', ':0'), ('LANG', 'C.UTF-8'), ('LS_COLORS', 'rs=0:di=01;34:ln=01;36:mh=00:pi=40;33:so=01;35:do=01;35:bd=40;33;01:cd=40;33;01:or=40;31;01:mi=00:su=37;41:sg=30;43:ca=30;41:tw=30;42:ow=34;42:st=37;44:ex=01;32:*.tar=01;31:*.tgz=01;31:*.arc=01;31:*.arj=01;31:*.taz=01;31:*.lha=01;31:*.lz4=01;31:*.lzh=01;31:*.lzma=01;31:*.tlz=01;31:*.txz=01;31:*.tzo=01;31:*.t7z=01;31:*.zip=01;31:*.z=01;31:*.dz=01;31:*.gz=01;31:*.lrz=01;31:*.lz=01;31:*.lzo=01;31:*.xz=01;31:*.zst=01;31:*.tzst=01;31:*.bz2=01;31:*.bz=01;31:*.tbz=01;31:*.tbz2=01;31:*.tz=01;31:*.deb=01;31:*.rpm=01;31:*.jar=01;31:*.war=01;31:*.ear=01;31:*.sar=01;31:*.rar=01;31:*.alz=01;31:*.ace=01;31:*.zoo=01;31:*.cpio=01;31:*.7z=01;31:*.rz=01;31:*.cab=01;31:*.wim=01;31:*.swm=01;31:*.dwm=01;31:*.esd=01;31:*.jpg=01;35:*.jpeg=01;35:*.mjpg=01;35:*.mjpeg=01;35:*.gif=01;35:*.bmp=01;35:*.pbm=01;35:*.pgm=01;35:*.ppm=01;35:*.tga=01;35:*.xbm=01;35:*.xpm=01;35:*.tif=01;35:*.tiff=01;35:*.png=01;35:*.svg=01;35:*.svgz=01;35:*.mng=01;35:*.pcx=01;35:*.mov=01;35:*.mpg=01;35:*.mpeg=01;35:*.m2v=01;35:*.mkv=01;35:*.webm=01;35:*.webp=01;35:*.ogm=01;35:*.mp4=01;35:*.m4v=01;35:*.mp4v=01;35:*.vob=01;35:*.qt=01;35:*.nuv=01;35:*.wmv=01;35:*.asf=01;35:*.rm=01;35:*.rmvb=01;35:*.flc=01;35:*.avi=01;35:*.fli=01;35:*.flv=01;35:*.gl=01;35:*.dl=01;35:*.xcf=01;35:*.xwd=01;35:*.yuv=01;35:*.cgm=01;35:*.emf=01;35:*.ogv=01;35:*.ogx=01;35:*.aac=00;36:*.au=00;36:*.flac=00;36:*.m4a=00;36:*.mid=00;36:*.midi=00;36:*.mka=00;36:*.mp3=00;36:*.mpc=00;36:*.ogg=00;36:*.ra=00;36:*.wav=00;36:*.oga=00;36:*.opus=00;36:*.spx=00;36:*.xspf=00;36:'), ('AMENT_PREFIX_PATH', '/mnt/c/work/ubuntu_work/HiveFlight/ros2_ws/install:/home/ivano/hiveflight_ws/install/hiveflight_interfaces:/home/ivano/hiveflight_ws/install/hiveflight:/opt/ros/humble'), ('SHELL', '/bin/bash'), ('LESSCLOSE', '/usr/bin/lesspipe %s %s'), ('PWD', '/mnt/c/work/ubuntu_work/HiveFlight/ros2_ws/build/hiveflight_sim'), ('XDG_DATA_DIRS', '/usr/local/share:/usr/share:/var/lib/snapd/desktop'), ('PYTHONPATH', '/mnt/c/work/ubuntu_work/HiveFlight/ros2_ws/install/local/lib/python3.10/dist-packages:/home/ivano/hiveflight_ws/install/hiveflight_interfaces/local/lib/python3.10/dist-packages:/opt/ros/humble/lib/python3.10/site-packages:/opt/ros/humble/local/lib/python3.10/dist-packages'), ('COLCON', '1'), ('WSL2_GUI_APPS_ENABLED', '1'), ('HOSTTYPE', 'x86_64'), ('CMAKE_PREFIX_PATH', '/mnt/c/work/ubuntu_work/HiveFlight/ros2_ws/install:/home/ivano/hiveflight_ws/install/hiveflight_interfaces:/home/ivano/hiveflight_ws/install/hiveflight:/opt/ros/humble'), ('WSLENV', '')]), 'shell': False}
[38.465459] (-) TimerEvent: {}
[38.566020] (-) TimerEvent: {}
[38.666535] (-) TimerEvent: {}
[38.767095] (-) TimerEvent: {}
[38.867676] (-) TimerEvent: {}
[38.968341] (-) TimerEvent: {}
[38.991453] (hiveflight_sim) StdoutLine: {'line': b'[ 40%] \x1b[32mBuilding CXX object CMakeFiles/hiveflight_ros2_adapter.dir/src/DroneRos2Adapter.cpp.o\x1b[0m\n'}
[38.993273] (hiveflight_sim) StdoutLine: {'line': b'[ 40%] \x1b[32mBuilding CXX object CMakeFiles/hiveflight_ros2_adapter.dir/src/DroneCommunication3D.cpp.o\x1b[0m\n'}
[39.003293] (hiveflight_sim) StdoutLine: {'line': b'[ 60%] \x1b[32mBuilding CXX object CMakeFiles/hiveflight_ros2_adapter.dir/mnt/c/work/ubuntu_work/HiveFlight/SwarmSimulation3D.cpp.o\x1b[0m\n'}
[39.007660] (hiveflight_sim) StdoutLine: {'line': b'[ 80%] \x1b[32mBuilding CXX object CMakeFiles/hiveflight_ros2_adapter.dir/mnt/c/work/ubuntu_work/HiveFlight/SpatialGrid3D.cpp.o\x1b[0m\n'}
[39.068463] (-) TimerEvent: {}
[39.168998] (-) TimerEvent: {}
[39.269539] (-) TimerEvent: {}
[39.370168] (-) TimerEvent: {}
[39.470713] (-) TimerEvent: {}
[39.571335] (-) TimerEvent: {}
[39.672097] (-) TimerEvent: {}
[39.772954] (-) TimerEvent: {}
[39.873604] (-) TimerEvent: {}
[39.974147] (-) TimerEvent: {}
[40.074764] (-) TimerEvent: {}
[40.175221] (-) TimerEvent: {}
[40.275853] (-) TimerEvent: {}
[40.376742] (-) TimerEvent: {}
[40.477378] (-) TimerEvent: {}
[40.577975] (-) TimerEvent: {}
[40.678546] (-) TimerEvent: {}
[40.779152] (-) TimerEvent: {}
[40.879745] (-) TimerEvent: {}
[40.980373] (-) TimerEvent: {}
[41.080894] (-) TimerEvent: {}
[41.181482] (-) TimerEvent: {}
[41.282008] (-) TimerEvent: {}
[41.382580] (-) TimerEvent: {}
[41.483144] (-) TimerEvent: {}
[41.583664] (-) TimerEvent: {}
[41.684406] (-) TimerEvent: {}
[41.784995] (-) TimerEvent: {}
[41.885552] (-) TimerEvent: {}
[41.986075] (-) TimerEvent: {}
[42.086565] (-) TimerEvent: {}
[42.187122] (-) TimerEvent: {}
[42.287650] (-) TimerEvent: {}
[42.388257] (-) TimerEvent: {}
[42.488819] (-) TimerEvent: {}
[42.589331] (-) TimerEvent: {}
[42.689887] (-) TimerEvent: {}
[42.790473] (-) TimerEvent: {}
[42.891078] (-) TimerEvent: {}
[42.992526] (-) TimerEvent: {}
[43.093594] (-) TimerEvent: {}
[43.194631] (-) TimerEvent: {}
[43.295661] (-) TimerEvent: {}
[43.396942] (-) TimerEvent: {}
[43.498238] (-) TimerEvent: {}
[43.599489] (-) TimerEvent: {}
[43.700817] (-) TimerEvent: {}
[43.801646] (-) TimerEvent: {}
[43.902842] (-) TimerEvent: {}
[44.006986] (-) TimerEvent: {}
[44.107858] (-) TimerEvent: {}
[44.209060] (-) TimerEvent: {}
[44.310275] (-) TimerEvent: {}
[44.411307] (-) TimerEvent: {}
[44.512502] (-) TimerEvent: {}
[44.613456] (-) TimerEvent: {}
[44.714373] (-) TimerEvent: {}
[44.815413] (-) TimerEvent: {}
[44.916410] (-) TimerEvent: {}
[45.017547] (-) TimerEvent: {}
[45.118425] (-) TimerEvent: {}
[45.219663] (-) TimerEvent: {}
[45.320814] (-) TimerEvent: {}
[45.422008] (-) TimerEvent: {}
[45.522871] (-) TimerEvent: {}
[45.623779] (-) TimerEvent: {}
[45.724663] (-) TimerEvent: {}
[45.825576] (-) TimerEvent: {}
[45.926640] (-) TimerEvent: {}
[46.027760] (-) TimerEvent: {}
[46.128771] (-) TimerEvent: {}
[46.229619] (-) TimerEvent: {}
[46.330567] (-) TimerEvent: {}
[46.431423] (-) TimerEvent: {}
[46.532428] (-) TimerEvent: {}
[46.633189] (-) TimerEvent: {}
[46.734271] (-) TimerEvent: {}
[46.835398] (-) TimerEvent: {}
[46.936604] (-) TimerEvent: {}
[47.037481] (-) TimerEvent: {}
[47.138446] (-) TimerEvent: {}
[47.239444] (-) TimerEvent: {}
[47.340480] (-) TimerEvent: {}
[47.441316] (-) TimerEvent: {}
[47.542259] (-) TimerEvent: {}
[47.642862] (-) TimerEvent: {}
[47.743984] (-) TimerEvent: {}
[47.844927] (-) TimerEvent: {}
[47.945500] (-) TimerEvent: {}
[48.045989] (-) TimerEvent: {}
[48.146493] (-) TimerEvent: {}
[48.247081] (-) TimerEvent: {}
[48.347548] (-) TimerEvent: {}
[48.448117] (-) TimerEvent: {}
[48.548658] (-) TimerEvent: {}
[48.649195] (-) TimerEvent: {}
[48.658305] (hiveflight_sim) StdoutLine: {'line': b'[100%] \x1b[32m\x1b[1mLinking CXX static library libhiveflight_ros2_adapter.a\x1b[0m\n'}
[48.749327] (-) TimerEvent: {}
[48.849888] (-) TimerEvent: {}
[48.950472] (-) TimerEvent: {}
[49.050995] (-) TimerEvent: {}
[49.151493] (-) TimerEvent: {}
[49.252001] (-) TimerEvent: {}
[49.352506] (-) TimerEvent: {}
[49.452985] (-) TimerEvent: {}
[49.553490] (-) TimerEvent: {}
[49.653984] (-) TimerEvent: {}
[49.754470] (-) TimerEvent: {}
[49.854946] (-) TimerEvent: {}
[49.956015] (-) TimerEvent: {}
[50.056550] (-) TimerEvent: {}
[50.157253] (-) TimerEvent: {}
[50.257797] (-) TimerEvent: {}
[50.358401] (-) TimerEvent: {}
[50.459534] (-) TimerEvent: {}
[50.560214] (-) TimerEvent: {}
[50.660837] (-) TimerEvent: {}
[50.761355] (-) TimerEvent: {}
[50.861822] (-) TimerEvent: {}
[50.962328] (-) TimerEvent: {}
[51.062851] (-) TimerEvent: {}
[51.163371] (-) TimerEvent: {}
[51.263884] (-) TimerEvent: {}
[51.364442] (-) TimerEvent: {}
[51.465027] (-) TimerEvent: {}
[51.553933] (hiveflight_sim) StdoutLine: {'line': b'[100%] Built target hiveflight_ros2_adapter\n'}
[51.565085] (-) TimerEvent: {}
[51.649268] (hiveflight_sim) CommandEnded: {'returncode': 0}
[51.664019] (hiveflight_sim) JobProgress: {'identifier': 'hiveflight_sim', 'progress': 'install'}
[51.665138] (-) TimerEvent: {}
[51.668041] (hiveflight_sim) Command: {'cmd': ['/usr/bin/cmake', '--install', '/mnt/c/work/ubuntu_work/HiveFlight/ros2_ws/build/hiveflight_sim'], 'cwd': '/mnt/c/work/ubuntu_work/HiveFlight/ros2_ws/build/hiveflight_sim', 'env': OrderedDict([('LESSOPEN', '| /usr/bin/lesspipe %s'), ('USER', 'ivano'), ('SHLVL', '2'), ('LD_LIBRARY_PATH', '/mnt/c/work/ubuntu_work/HiveFlight/ros2_ws/install/lib:/usr/lib/x86_64-linux-gnu/gazebo-11/plugins:/home/ivano/hiveflight_ws/install/hiveflight_interfaces/lib:/opt/ros/humble/opt/rviz_ogre_vendor/lib:/opt/ros/humble/lib/x86_64-linux-gnu:/opt/ros/humble/lib'), ('MOTD_SHOWN', 'update-motd'), ('HOME', '/home/ivano'), ('OLDPWD', '/home/ivano/hiveflight_ws'), ('ROS_PYTHON_VERSION', '3'), ('DBUS_SESSION_BUS_ADDRESS', 'unix:path=/run/user/1000/bus'), ('WSL_DISTRO_NAME', 'Ubuntu-22.04'), ('WAYLAND_DISPLAY', 'wayland-0'), ('COLCON_PREFIX_PATH', '/mnt/c/work/ubuntu_work/HiveFlight/ros2_ws/install:/home/ivano/hiveflight_ws/install'), ('ROS_DISTRO', 'humble'), ('LOGNAME', 'ivano'), ('NAME', 'LAPTOP-7K9MEH4D'), ('WSL_INTEROP', '/run/WSL/331_interop'), ('PULSE_SERVER', 'unix:/mnt/wslg/PulseServer'), ('_', '/usr/bin/colcon'), ('ROS_VERSION', '2'), ('TERM', 'xterm-256color'), ('ROS_LOCALHOST_ONLY', '0'), ('PATH', '/opt/ros/humble/bin:/usr/local/sbin:/usr/local/bin:/usr/sbin:/usr/bin:/sbin:/bin:/usr/games:/usr/local/games:/usr/lib/wsl/lib:/mnt/c/Users/ivano/AppData/Roaming/Code/User/globalStorage/github.copilot-chat/debugCommand:/mnt/c/Users/ivano/AppData/Roaming/Code/User/globalStorage/github.copilot-chat/copilotCli:/mnt/c/windows/system32:/mnt/c/windows:/mnt/c/windows/System32/Wbem:/mnt/c/windows/System32/WindowsPowerShell/v1.0/:/mnt/c/windows/System32/OpenSSH/:/mnt/c/Program Files/HP/1E.Performance.Assist/Extensibility/NomadBranch:/mnt/c/Program Files/CMake/bin:/mnt/c/Program Files (x86)/Windows Kits/10/Windows Performance Toolkit/:/mnt/c/Program Files/Git/cmd:/mnt/c/windows/system32:/mnt/c/windows:/mnt/c/windows/System32/Wbem:/mnt/c/windows/System32/WindowsPowerShell/v1.0/:/mnt/c/windows/System32/OpenSSH/:/mnt/c/Program Files/HP/1E.Performance.Assist/Extensibility/NomadBranch:/mnt/c/Program Files/CMake/bin:/mnt/c/Program Files (x86)/Windows Kits/10/Windows Performance Toolkit/:/mnt/c/Program Files/Git/cmd:/mnt/c/vcpkg:/mnt/c/Users/ivano/AppData/Local/Programs/Microsoft VS Code/bin:/snap/bin'), ('XDG_RUNTIME_DIR', '/run/user/1000'), ('DISPLAY', ':0'), ('LANG', 'C.UTF-8'), ('LS_COLORS', 'rs=0:di=01;34:ln=01;36:mh=00:pi=40;33:so=01;35:do=01;35:bd=40;33;01:cd=40;33;01:or=40;31;01:mi=00:su=37;41:sg=30;43:ca=30;41:tw=30;42:ow=34;42:st=37;44:ex=01;32:*.tar=01;31:*.tgz=01;31:*.arc=01;31:*.arj=01;31:*.taz=01;31:*.lha=01;31:*.lz4=01;31:*.lzh=01;31:*.lzma=01;31:*.tlz=01;31:*.txz=01;31:*.tzo=01;31:*.t7z=01;31:*.zip=01;31:*.z=01;31:*.dz=01;31:*.gz=01;31:*.lrz=01;31:*.lz=01;31:*.lzo=01;31:*.xz=01;31:*.zst=01;31:*.tzst=01;31:*.bz2=01;31:*.bz=01;31:*.tbz=01;31:*.tbz2=01;31:*.tz=01;31:*.deb=01;31:*.rpm=01;31:*.jar=01;31:*.war=01;31:*.ear=01;31:*.sar=01;31:*.rar=01;31:*.alz=01;31:*.ace=01;31:*.zoo=01;31:*.cpio=01;31:*.7z=01;31:*.rz=01;31:*.cab=01;31:*.wim=01;31:*.swm=01;31:*.dwm=01;31:*.esd=01;31:*.jpg=01;35:*.jpeg=01;35:*.mjpg=01;35:*.mjpeg=01;35:*.gif=01;35:*.bmp=01;35:*.pbm=01;35:*.pgm=01;35:*.ppm=01;35:*.tga=01;35:*.xbm=01;35:*.xpm=01;35:*.tif=01;35:*.tiff=01;35:*.png=01;35:*.svg=01;35:*.svgz=01;35:*.mng=01;35:*.pcx=01;35:*.mov=01;35:*.mpg=01;35:*.mpeg=01;35:*.m2v=01;35:*.mkv=01;35:*.webm=01;35:*.webp=01;35:*.ogm=01;35:*.mp4=01;35:*.m4v=01;35:*.mp4v=01;35:*.vob=01;35:*.qt=01;35:*.nuv=01;35:*.wmv=01;35:*.asf=01;35:*.rm=01;35:*.rmvb=01;35:*.flc=01;35:*.avi=01;35:*.fli=01;35:*.flv=01;35:*.gl=01;35:*.dl=01;35:*.xcf=01;35:*.xwd=01;35:*.yuv=01;35:*.cgm=01;35:*.emf=01;35:*.ogv=01;35:*.ogx=01;35:*.aac=00;36:*.au=00;36:*.flac=00;36:*.m4a=00;36:*.mid=00;36:*.midi=00;36:*.mka=00;36:*.mp3=00;36:*.mpc=00;36:*.ogg=00;36:*.ra=00;36:*.wav=00;36:*.oga=00;36:*.opus=00;36:*.spx=00;36:*.xspf=00;36:'), ('AMENT_PREFIX_PATH', '/mnt/c/work/ubuntu_work/HiveFlight/ros2_ws/install:/home/ivano/hiveflight_ws/install/hiveflight_interfaces:/home/ivano/hiveflight_ws/install/hiveflight:/opt/ros/humble'), ('SHELL', '/bin/bash'), ('LESSCLOSE', '/usr/bin/lesspipe %s %s'), ('PWD', '/mnt/c/work/ubuntu_work/HiveFlight/ros2_ws/build/hiveflight_sim'), ('XDG_DATA_DIRS', '/usr/local/share:/usr/share:/var/lib/snapd/desktop'), ('PYTHONPATH', '/mnt/c/work/ubuntu_work/HiveFlight/ros2_ws/install/local/lib/python3.10/dist-packages:/home/ivano/hiveflight_ws/install/hiveflight_interfaces/local/lib/python3.10/dist-packages:/opt/ros/humble/lib/python3.10/site-packages:/opt/ros/humble/local/lib/python3.10/dist-packages'), ('COLCON', '1'), ('WSL2_GUI_APPS_ENABLED', '1'), ('HOSTTYPE', 'x86_64'), ('CMAKE_PREFIX_PATH', '/mnt/c/work/ubuntu_work/HiveFlight/ros2_ws/install:/home/ivano/hiveflight_ws/install/hiveflight_interfaces:/home/ivano/hiveflight_ws/install/hiveflight:/opt/ros/humble'), ('WSLENV', '')]), 'shell': False}
[51.738005] (hiveflight_sim) StdoutLine: {'line': b'-- Install configuration: ""\n'}
[51.743261] (hiveflight_sim) StdoutLine: {'line': b'-- Installing: /mnt/c/work/ubuntu_work/HiveFlight/ros2_ws/install/lib/libhiveflight_ros2_adapter.a\n'}
[51.765247] (-) TimerEvent: {}
[51.865749] (-) TimerEvent: {}
[51.966339] (-) TimerEvent: {}
[52.067014] (-) TimerEvent: {}
[52.167542] (-) TimerEvent: {}
[52.243284] (hiveflight_sim) StdoutLine: {'line': b'-- Up-to-date: /mnt/c/work/ubuntu_work/HiveFlight/ros2_ws/install/include\n'}
[52.260628] (hiveflight_sim) StdoutLine: {'line': b'-- Installing: /mnt/c/work/ubuntu_work/HiveFlight/ros2_ws/install/include/DroneCommunication3D.hpp\n'}
[52.267667] (-) TimerEvent: {}
[52.304617] (hiveflight_sim) StdoutLine: {'line': b'-- Installing: /mnt/c/work/ubuntu_work/HiveFlight/ros2_ws/install/include/DroneRos2Adapter.hpp\n'}
[52.349478] (hiveflight_sim) StdoutLine: {'line': b'-- Installing: /mnt/c/work/ubuntu_work/HiveFlight/ros2_ws/install/include/SpatialGrid3D.hpp\n'}
[52.367781] (-) TimerEvent: {}
[52.393049] (hiveflight_sim) StdoutLine: {'line': b'-- Installing: /mnt/c/work/ubuntu_work/HiveFlight/ros2_ws/install/include/SwarmSimulation3D.hpp\n'}
[52.433297] (hiveflight_sim) StdoutLine: {'line': b'-- Installing: /mnt/c/work/ubuntu_work/HiveFlight/ros2_ws/install/include/Vec3.hpp\n'}
[52.467862] (-) TimerEvent: {}
[52.476438] (hiveflight_sim) StdoutLine: {'line': b'-- Installing: /mnt/c/work/ubuntu_work/HiveFlight/ros2_ws/install/share/hiveflight_sim/environment/library_path.sh\n'}
[52.518701] (hiveflight_sim) StdoutLine: {'line': b'-- Installing: /mnt/c/work/ubuntu_work/HiveFlight/ros2_ws/install/share/hiveflight_sim/environment/library_path.dsv\n'}
[52.568004] (-) TimerEvent: {}
[52.583256] (hiveflight_sim) StdoutLine: {'line': b'-- Installing: /mnt/c/work/ubuntu_work/HiveFlight/ros2_ws/install/share/ament_index/resource_index/package_run_dependencies/hiveflight_sim\n'}
[52.660587] (hiveflight_sim) StdoutLine: {'line': b'-- Installing: /mnt/c/work/ubuntu_work/HiveFlight/ros2_ws/install/share/ament_index/resource_index/parent_prefix_path/hiveflight_sim\n'}
[52.668104] (-) TimerEvent: {}
[52.725354] (hiveflight_sim) StdoutLine: {'line': b'-- Installing: /mnt/c/work/ubuntu_work/HiveFlight/ros2_ws/install/share/hiveflight_sim/environment/ament_prefix_path.sh\n'}
[52.768226] (-) TimerEvent: {}
[52.772409] (hiveflight_sim) StdoutLine: {'line': b'-- Installing: /mnt/c/work/ubuntu_work/HiveFlight/ros2_ws/install/share/hiveflight_sim/environment/ament_prefix_path.dsv\n'}
[52.816432] (hiveflight_sim) StdoutLine: {'line': b'-- Installing: /mnt/c/work/ubuntu_work/HiveFlight/ros2_ws/install/share/hiveflight_sim/environment/path.sh\n'}
[52.857881] (hiveflight_sim) StdoutLine: {'line': b'-- Installing: /mnt/c/work/ubuntu_work/HiveFlight/ros2_ws/install/share/hiveflight_sim/environment/path.dsv\n'}
[52.868305] (-) TimerEvent: {}
[52.903376] (hiveflight_sim) StdoutLine: {'line': b'-- Installing: /mnt/c/work/ubuntu_work/HiveFlight/ros2_ws/install/share/hiveflight_sim/local_setup.bash\n'}
[52.942740] (hiveflight_sim) StdoutLine: {'line': b'-- Installing: /mnt/c/work/ubuntu_work/HiveFlight/ros2_ws/install/share/hiveflight_sim/local_setup.sh\n'}
[52.968408] (-) TimerEvent: {}
[52.989444] (hiveflight_sim) StdoutLine: {'line': b'-- Installing: /mnt/c/work/ubuntu_work/HiveFlight/ros2_ws/install/share/hiveflight_sim/local_setup.zsh\n'}
[53.035460] (hiveflight_sim) StdoutLine: {'line': b'-- Installing: /mnt/c/work/ubuntu_work/HiveFlight/ros2_ws/install/share/hiveflight_sim/local_setup.dsv\n'}
[53.068500] (-) TimerEvent: {}
[53.078604] (hiveflight_sim) StdoutLine: {'line': b'-- Installing: /mnt/c/work/ubuntu_work/HiveFlight/ros2_ws/install/share/hiveflight_sim/package.dsv\n'}
[53.129109] (hiveflight_sim) StdoutLine: {'line': b'-- Installing: /mnt/c/work/ubuntu_work/HiveFlight/ros2_ws/install/share/ament_index/resource_index/packages/hiveflight_sim\n'}
[53.168633] (-) TimerEvent: {}
[53.207034] (hiveflight_sim) StdoutLine: {'line': b'-- Installing: /mnt/c/work/ubuntu_work/HiveFlight/ros2_ws/install/share/hiveflight_sim/cmake/hiveflight_ros2_adapterTargetsExport.cmake\n'}
[53.268766] (-) TimerEvent: {}
[53.275090] (hiveflight_sim) StdoutLine: {'line': b'-- Installing: /mnt/c/work/ubuntu_work/HiveFlight/ros2_ws/install/share/hiveflight_sim/cmake/hiveflight_ros2_adapterTargetsExport-noconfig.cmake\n'}
[53.332232] (hiveflight_sim) StdoutLine: {'line': b'-- Installing: /mnt/c/work/ubuntu_work/HiveFlight/ros2_ws/install/share/hiveflight_sim/cmake/ament_cmake_export_targets-extras.cmake\n'}
[53.368861] (-) TimerEvent: {}
[53.381190] (hiveflight_sim) StdoutLine: {'line': b'-- Installing: /mnt/c/work/ubuntu_work/HiveFlight/ros2_ws/install/share/hiveflight_sim/cmake/ament_cmake_export_dependencies-extras.cmake\n'}
[53.429183] (hiveflight_sim) StdoutLine: {'line': b'-- Installing: /mnt/c/work/ubuntu_work/HiveFlight/ros2_ws/install/share/hiveflight_sim/cmake/hiveflight_simConfig.cmake\n'}
[53.469008] (-) TimerEvent: {}
[53.476120] (hiveflight_sim) StdoutLine: {'line': b'-- Installing: /mnt/c/work/ubuntu_work/HiveFlight/ros2_ws/install/share/hiveflight_sim/cmake/hiveflight_simConfig-version.cmake\n'}
[53.535702] (hiveflight_sim) StdoutLine: {'line': b'-- Installing: /mnt/c/work/ubuntu_work/HiveFlight/ros2_ws/install/share/hiveflight_sim/package.xml\n'}
[53.569096] (-) TimerEvent: {}
[53.579191] (hiveflight_sim) CommandEnded: {'returncode': 0}
[53.669204] (-) TimerEvent: {}
[53.769738] (-) TimerEvent: {}
[53.870153] (-) TimerEvent: {}
[53.970575] (-) TimerEvent: {}
[54.071018] (-) TimerEvent: {}
[54.171516] (-) TimerEvent: {}
[54.272049] (-) TimerEvent: {}
[54.321901] (hiveflight_sim) JobEnded: {'identifier': 'hiveflight_sim', 'rc': 0}
[54.328527] (hiveflight_sim_node) JobStarted: {'identifier': 'hiveflight_sim_node'}
[54.372132] (-) TimerEvent: {}
[54.472695] (-) TimerEvent: {}
[54.573394] (-) TimerEvent: {}
[54.613646] (hiveflight_sim_node) JobProgress: {'identifier': 'hiveflight_sim_node', 'progress': 'cmake'}
[54.647495] (hiveflight_sim_node) Command: {'cmd': ['/usr/bin/cmake', '/mnt/c/work/ubuntu_work/HiveFlight/ros2_ws/src/hiveflight_sim_node', '-DCMAKE_INSTALL_PREFIX=/mnt/c/work/ubuntu_work/HiveFlight/ros2_ws/install'], 'cwd': '/mnt/c/work/ubuntu_work/HiveFlight/ros2_ws/build/hiveflight_sim_node', 'env': OrderedDict([('LESSOPEN', '| /usr/bin/lesspipe %s'), ('USER', 'ivano'), ('SHLVL', '2'), ('LD_LIBRARY_PATH', '/mnt/c/work/ubuntu_work/HiveFlight/ros2_ws/install/lib:/usr/lib/x86_64-linux-gnu/gazebo-11/plugins:/home/ivano/hiveflight_ws/install/hiveflight_interfaces/lib:/opt/ros/humble/opt/rviz_ogre_vendor/lib:/opt/ros/humble/lib/x86_64-linux-gnu:/opt/ros/humble/lib'), ('MOTD_SHOWN', 'update-motd'), ('HOME', '/home/ivano'), ('OLDPWD', '/home/ivano/hiveflight_ws'), ('ROS_PYTHON_VERSION', '3'), ('DBUS_SESSION_BUS_ADDRESS', 'unix:path=/run/user/1000/bus'), ('WSL_DISTRO_NAME', 'Ubuntu-22.04'), ('WAYLAND_DISPLAY', 'wayland-0'), ('COLCON_PREFIX_PATH', '/mnt/c/work/ubuntu_work/HiveFlight/ros2_ws/install:/home/ivano/hiveflight_ws/install'), ('ROS_DISTRO', 'humble'), ('LOGNAME', 'ivano'), ('NAME', 'LAPTOP-7K9MEH4D'), ('WSL_INTEROP', '/run/WSL/331_interop'), ('PULSE_SERVER', 'unix:/mnt/wslg/PulseServer'), ('_', '/usr/bin/colcon'), ('ROS_VERSION', '2'), ('TERM', 'xterm-256color'), ('ROS_LOCALHOST_ONLY', '0'), ('PATH', '/opt/ros/humble/bin:/usr/local/sbin:/usr/local/bin:/usr/sbin:/usr/bin:/sbin:/bin:/usr/games:/usr/local/games:/usr/lib/wsl/lib:/mnt/c/Users/ivano/AppData/Roaming/Code/User/globalStorage/github.copilot-chat/debugCommand:/mnt/c/Users/ivano/AppData/Roaming/Code/User/globalStorage/github.copilot-chat/copilotCli:/mnt/c/windows/system32:/mnt/c/windows:/mnt/c/windows/System32/Wbem:/mnt/c/windows/System32/WindowsPowerShell/v1.0/:/mnt/c/windows/System32/OpenSSH/:/mnt/c/Program Files/HP/1E.Performance.Assist/Extensibility/NomadBranch:/mnt/c/Program Files/CMake/bin:/mnt/c/Program Files (x86)/Windows Kits/10/Windows Performance Toolkit/:/mnt/c/Program Files/Git/cmd:/mnt/c/windows/system32:/mnt/c/windows:/mnt/c/windows/System32/Wbem:/mnt/c/windows/System32/WindowsPowerShell/v1.0/:/mnt/c/windows/System32/OpenSSH/:/mnt/c/Program Files/HP/1E.Performance.Assist/Extensibility/NomadBranch:/mnt/c/Program Files/CMake/bin:/mnt/c/Program Files (x86)/Windows Kits/10/Windows Performance Toolkit/:/mnt/c/Program Files/Git/cmd:/mnt/c/vcpkg:/mnt/c/Users/ivano/AppData/Local/Programs/Microsoft VS Code/bin:/snap/bin'), ('XDG_RUNTIME_DIR', '/run/user/1000'), ('DISPLAY', ':0'), ('LANG', 'C.UTF-8'), ('LS_COLORS', 'rs=0:di=01;34:ln=01;36:mh=00:pi=40;33:so=01;35:do=01;35:bd=40;33;01:cd=40;33;01:or=40;31;01:mi=00:su=37;41:sg=30;43:ca=30;41:tw=30;42:ow=34;42:st=37;44:ex=01;32:*.tar=01;31:*.tgz=01;31:*.arc=01;31:*.arj=01;31:*.taz=01;31:*.lha=01;31:*.lz4=01;31:*.lzh=01;31:*.lzma=01;31:*.tlz=01;31:*.txz=01;31:*.tzo=01;31:*.t7z=01;31:*.zip=01;31:*.z=01;31:*.dz=01;31:*.gz=01;31:*.lrz=01;31:*.lz=01;31:*.lzo=01;31:*.xz=01;31:*.zst=01;31:*.tzst=01;31:*.bz2=01;31:*.bz=01;31:*.tbz=01;31:*.tbz2=01;31:*.tz=01;31:*.deb=01;31:*.rpm=01;31:*.jar=01;31:*.war=01;31:*.ear=01;31:*.sar=01;31:*.rar=01;31:*.alz=01;31:*.ace=01;31:*.zoo=01;31:*.cpio=01;31:*.7z=01;31:*.rz=01;31:*.cab=01;31:*.wim=01;31:*.swm=01;31:*.dwm=01;31:*.esd=01;31:*.jpg=01;35:*.jpeg=01;35:*.mjpg=01;35:*.mjpeg=01;35:*.gif=01;35:*.bmp=01;35:*.pbm=01;35:*.pgm=01;35:*.ppm=01;35:*.tga=01;35:*.xbm=01;35:*.xpm=01;35:*.tif=01;35:*.tiff=01;35:*.png=01;35:*.svg=01;35:*.svgz=01;35:*.mng=01;35:*.pcx=01;35:*.mov=01;35:*.mpg=01;35:*.mpeg=01;35:*.m2v=01;35:*.mkv=01;35:*.webm=01;35:*.webp=01;35:*.ogm=01;35:*.mp4=01;35:*.m4v=01;35:*.mp4v=01;35:*.vob=01;35:*.qt=01;35:*.nuv=01;35:*.wmv=01;35:*.asf=01;35:*.rm=01;35:*.rmvb=01;35:*.flc=01;35:*.avi=01;35:*.fli=01;35:*.flv=01;35:*.gl=01;35:*.dl=01;35:*.xcf=01;35:*.xwd=01;35:*.yuv=01;35:*.cgm=01;35:*.emf=01;35:*.ogv=01;35:*.ogx=01;35:*.aac=00;36:*.au=00;36:*.flac=00;36:*.m4a=00;36:*.mid=00;36:*.midi=00;36:*.mka=00;36:*.mp3=00;36:*.mpc=00;36:*.ogg=00;36:*.ra=00;36:*.wav=00;36:*.oga=00;36:*.opus=00;36:*.spx=00;36:*.xspf=00;36:'), ('AMENT_PREFIX_PATH', '/mnt/c/work/ubuntu_work/HiveFlight/ros2_ws/install:/home/ivano/hiveflight_ws/install/hiveflight_interfaces:/home/ivano/hiveflight_ws/install/hiveflight:/opt/ros/humble'), ('SHELL', '/bin/bash'), ('LESSCLOSE', '/usr/bin/lesspipe %s %s'), ('PWD', '/mnt/c/work/ubuntu_work/HiveFlight/ros2_ws/build/hiveflight_sim_node'), ('XDG_DATA_DIRS', '/usr/local/share:/usr/share:/var/lib/snapd/desktop'), ('PYTHONPATH', '/mnt/c/work/ubuntu_work/HiveFlight/ros2_ws/install/local/lib/python3.10/dist-packages:/home/ivano/hiveflight_ws/install/hiveflight_interfaces/local/lib/python3.10/dist-packages:/opt/ros/humble/lib/python3.10/site-packages:/opt/ros/humble/local/lib/python3.10/dist-packages'), ('COLCON', '1'), ('WSL2_GUI_APPS_ENABLED', '1'), ('HOSTTYPE', 'x86_64'), ('CMAKE_PREFIX_PATH', '/mnt/c/work/ubuntu_work/HiveFlight/ros2_ws/install:/home/ivano/hiveflight_ws/install/hiveflight_interfaces:/home/ivano/hiveflight_ws/install/hiveflight:/opt/ros/humble'), ('WSLENV', '')]), 'shell': False}
[54.673423] (-) TimerEvent: {}
[54.773899] (-) TimerEvent: {}
[54.874414] (-) TimerEvent: {}
[54.974969] (-) TimerEvent: {}
[55.075530] (-) TimerEvent: {}
[55.146009] (hiveflight_sim_node) StdoutLine: {'line': b'-- The C compiler identification is GNU 11.4.0\n'}
[55.175735] (-) TimerEvent: {}
[55.276477] (-) TimerEvent: {}
[55.377146] (-) TimerEvent: {}
[55.478043] (-) TimerEvent: {}
[55.578611] (-) TimerEvent: {}
[55.677749] (hiveflight_sim_node) StdoutLine: {'line': b'-- The CXX compiler identification is GNU 11.4.0\n'}
[55.678695] (-) TimerEvent: {}
[55.779140] (-) TimerEvent: {}
[55.879698] (-) TimerEvent: {}
[55.927188] (hiveflight_sim_node) StdoutLine: {'line': b'-- Detecting C compiler ABI info\n'}
[55.979855] (-) TimerEvent: {}
[56.080428] (-) TimerEvent: {}
[56.181007] (-) TimerEvent: {}
[56.281609] (-) TimerEvent: {}
[56.382211] (-) TimerEvent: {}
[56.482743] (-) TimerEvent: {}
[56.583330] (-) TimerEvent: {}
[56.683852] (-) TimerEvent: {}
[56.771339] (hiveflight_sim_node) StdoutLine: {'line': b'-- Detecting C compiler ABI info - done\n'}
[56.783977] (-) TimerEvent: {}
[56.791063] (hiveflight_sim_node) StdoutLine: {'line': b'-- Check for working C compiler: /usr/bin/cc - skipped\n'}
[56.792403] (hiveflight_sim_node) StdoutLine: {'line': b'-- Detecting C compile features\n'}
[56.793298] (hiveflight_sim_node) StdoutLine: {'line': b'-- Detecting C compile features - done\n'}
[56.835740] (hiveflight_sim_node) StdoutLine: {'line': b'-- Detecting CXX compiler ABI info\n'}
[56.884065] (-) TimerEvent: {}
[56.984621] (-) TimerEvent: {}
[57.085145] (-) TimerEvent: {}
[57.185658] (-) TimerEvent: {}
[57.286188] (-) TimerEvent: {}
[57.386837] (-) TimerEvent: {}
[57.487636] (-) TimerEvent: {}
[57.588291] (-) TimerEvent: {}
[57.665792] (hiveflight_sim_node) StdoutLine: {'line': b'-- Detecting CXX compiler ABI info - done\n'}
[57.684138] (hiveflight_sim_node) StdoutLine: {'line': b'-- Check for working CXX compiler: /usr/bin/c++ - skipped\n'}
[57.685424] (hiveflight_sim_node) StdoutLine: {'line': b'-- Detecting CXX compile features\n'}
[57.686616] (hiveflight_sim_node) StdoutLine: {'line': b'-- Detecting CXX compile features - done\n'}
[57.688369] (-) TimerEvent: {}
[57.754879] (hiveflight_sim_node) StdoutLine: {'line': b'-- Found ament_cmake: 1.3.14 (/opt/ros/humble/share/ament_cmake/cmake)\n'}
[57.788466] (-) TimerEvent: {}
[57.889005] (-) TimerEvent: {}
[57.989536] (-) TimerEvent: {}
[58.090066] (-) TimerEvent: {}
[58.190622] (-) TimerEvent: {}
[58.291116] (-) TimerEvent: {}
[58.391707] (-) TimerEvent: {}
[58.484141] (hiveflight_sim_node) StdoutLine: {'line': b'-- Found Python3: /usr/bin/python3 (found version "3.10.12") found components: Interpreter \n'}
[58.491787] (-) TimerEvent: {}
[58.592295] (-) TimerEvent: {}
[58.692842] (-) TimerEvent: {}
[58.793466] (-) TimerEvent: {}
[58.894023] (-) TimerEvent: {}
[58.994570] (-) TimerEvent: {}
[59.095072] (-) TimerEvent: {}
[59.195619] (-) TimerEvent: {}
[59.230930] (hiveflight_sim_node) StdoutLine: {'line': b'-- Found rclcpp: 16.0.19 (/opt/ros/humble/share/rclcpp/cmake)\n'}
[59.295710] (-) TimerEvent: {}
[59.396377] (-) TimerEvent: {}
[59.497239] (-) TimerEvent: {}
[59.597775] (-) TimerEvent: {}
[59.665561] (hiveflight_sim_node) StdoutLine: {'line': b'-- Found rosidl_generator_c: 3.1.8 (/opt/ros/humble/share/rosidl_generator_c/cmake)\n'}
[59.697923] (-) TimerEvent: {}
[59.733726] (hiveflight_sim_node) StdoutLine: {'line': b'-- Found rosidl_adapter: 3.1.8 (/opt/ros/humble/share/rosidl_adapter/cmake)\n'}
[59.798071] (-) TimerEvent: {}
[59.803070] (hiveflight_sim_node) StdoutLine: {'line': b'-- Found rosidl_generator_cpp: 3.1.8 (/opt/ros/humble/share/rosidl_generator_cpp/cmake)\n'}
[59.872170] (hiveflight_sim_node) StdoutLine: {'line': b'-- Using all available rosidl_typesupport_c: rosidl_typesupport_fastrtps_c;rosidl_typesupport_introspection_c\n'}
[59.898152] (-) TimerEvent: {}
[59.976470] (hiveflight_sim_node) StdoutLine: {'line': b'-- Using all available rosidl_typesupport_cpp: rosidl_typesupport_fastrtps_cpp;rosidl_typesupport_introspection_cpp\n'}
[59.998254] (-) TimerEvent: {}
[60.098980] (-) TimerEvent: {}
[60.199557] (-) TimerEvent: {}
[60.300175] (-) TimerEvent: {}
[60.313509] (hiveflight_sim_node) StdoutLine: {'line': b'-- Found rmw_implementation_cmake: 6.1.2 (/opt/ros/humble/share/rmw_implementation_cmake/cmake)\n'}
[60.348863] (hiveflight_sim_node) StdoutLine: {'line': b'-- Found rmw_fastrtps_cpp: 6.2.10 (/opt/ros/humble/share/rmw_fastrtps_cpp/cmake)\n'}
[60.400266] (-) TimerEvent: {}
[60.500873] (-) TimerEvent: {}
[60.601456] (-) TimerEvent: {}
[60.702087] (-) TimerEvent: {}
[60.802622] (-) TimerEvent: {}
[60.903246] (-) TimerEvent: {}
[61.003801] (-) TimerEvent: {}
[61.104413] (-) TimerEvent: {}
[61.204982] (-) TimerEvent: {}
[61.305575] (-) TimerEvent: {}
[61.406106] (-) TimerEvent: {}
[61.506870] (-) TimerEvent: {}
[61.607456] (-) TimerEvent: {}
[61.708121] (-) TimerEvent: {}
[61.709909] (hiveflight_sim_node) StdoutLine: {'line': b'-- Found OpenSSL: /usr/lib/x86_64-linux-gnu/libcrypto.so (found version "3.0.2")  \n'}
[61.808279] (-) TimerEvent: {}
[61.908853] (-) TimerEvent: {}
[62.009580] (-) TimerEvent: {}
[62.110184] (-) TimerEvent: {}
[62.210796] (-) TimerEvent: {}
[62.311444] (-) TimerEvent: {}
[62.411961] (-) TimerEvent: {}
[62.512480] (-) TimerEvent: {}
[62.534463] (hiveflight_sim_node) StdoutLine: {'line': b'-- Found FastRTPS: /opt/ros/humble/include  \n'}
[62.612602] (-) TimerEvent: {}
[62.713238] (-) TimerEvent: {}
[62.813849] (-) TimerEvent: {}
[62.914428] (-) TimerEvent: {}
[63.015121] (-) TimerEvent: {}
[63.115768] (-) TimerEvent: {}
[63.216351] (-) TimerEvent: {}
[63.316979] (-) TimerEvent: {}
[63.417526] (-) TimerEvent: {}
[63.518097] (-) TimerEvent: {}
[63.618710] (-) TimerEvent: {}
[63.719268] (-) TimerEvent: {}
[63.819978] (-) TimerEvent: {}
[63.920549] (-) TimerEvent: {}
[64.012865] (hiveflight_sim_node) StdoutLine: {'line': b"-- Using RMW implementation 'rmw_fastrtps_cpp' as default\n"}
[64.020667] (-) TimerEvent: {}
[64.121366] (-) TimerEvent: {}
[64.139607] (hiveflight_sim_node) StdoutLine: {'line': b'-- Looking for pthread.h\n'}
[64.221501] (-) TimerEvent: {}
[64.322030] (-) TimerEvent: {}
[64.422601] (-) TimerEvent: {}
[64.523191] (-) TimerEvent: {}
[64.623733] (-) TimerEvent: {}
[64.724336] (-) TimerEvent: {}
[64.824929] (-) TimerEvent: {}
[64.925439] (-) TimerEvent: {}
[64.946741] (hiveflight_sim_node) StdoutLine: {'line': b'-- Looking for pthread.h - found\n'}
[64.955244] (hiveflight_sim_node) StdoutLine: {'line': b'-- Performing Test CMAKE_HAVE_LIBC_PTHREAD\n'}
[65.025574] (-) TimerEvent: {}
[65.126174] (-) TimerEvent: {}
[65.226684] (-) TimerEvent: {}
[65.327281] (-) TimerEvent: {}
[65.427796] (-) TimerEvent: {}
[65.528420] (-) TimerEvent: {}
[65.628982] (-) TimerEvent: {}
[65.729507] (-) TimerEvent: {}
[65.781458] (hiveflight_sim_node) StdoutLine: {'line': b'-- Performing Test CMAKE_HAVE_LIBC_PTHREAD - Success\n'}
[65.785600] (hiveflight_sim_node) StdoutLine: {'line': b'-- Found Threads: TRUE  \n'}
[65.829603] (-) TimerEvent: {}
[65.930115] (-) TimerEvent: {}
[65.993606] (hiveflight_sim_node) StdoutLine: {'line': b'-- Found hiveflight_interfaces: 0.0.1 (/mnt/c/work/ubuntu_work/HiveFlight/ros2_ws/install/share/hiveflight_interfaces/cmake)\n'}
[66.030192] (-) TimerEvent: {}
[66.130703] (-) TimerEvent: {}
[66.231218] (-) TimerEvent: {}
[66.331752] (-) TimerEvent: {}
[66.432261] (-) TimerEvent: {}
[66.445262] (hiveflight_sim_node) StdoutLine: {'line': b'-- Found hiveflight_sim: 0.0.1 (/mnt/c/work/ubuntu_work/HiveFlight/ros2_ws/install/share/hiveflight_sim/cmake)\n'}
[66.532396] (-) TimerEvent: {}
[66.632843] (-) TimerEvent: {}
[66.733335] (-) TimerEvent: {}
[66.833839] (-) TimerEvent: {}
[66.934463] (-) TimerEvent: {}
[66.984530] (hiveflight_sim_node) StdoutLine: {'line': b'-- Configuring done\n'}
[67.034539] (-) TimerEvent: {}
[67.135216] (-) TimerEvent: {}
[67.235728] (-) TimerEvent: {}
[67.336379] (-) TimerEvent: {}
[67.384596] (hiveflight_sim_node) StdoutLine: {'line': b'-- Generating done\n'}
[67.436525] (-) TimerEvent: {}
[67.537087] (-) TimerEvent: {}
[67.538915] (hiveflight_sim_node) StdoutLine: {'line': b'-- Build files have been written to: /mnt/c/work/ubuntu_work/HiveFlight/ros2_ws/build/hiveflight_sim_node\n'}
[67.548249] (hiveflight_sim_node) CommandEnded: {'returncode': 0}
[67.553365] (hiveflight_sim_node) JobProgress: {'identifier': 'hiveflight_sim_node', 'progress': 'build'}
[67.558665] (hiveflight_sim_node) Command: {'cmd': ['/usr/bin/cmake', '--build', '/mnt/c/work/ubuntu_work/HiveFlight/ros2_ws/build/hiveflight_sim_node', '--', '-j16', '-l16'], 'cwd': '/mnt/c/work/ubuntu_work/HiveFlight/ros2_ws/build/hiveflight_sim_node', 'env': OrderedDict([('LESSOPEN', '| /usr/bin/lesspipe %s'), ('USER', 'ivano'), ('SHLVL', '2'), ('LD_LIBRARY_PATH', '/mnt/c/work/ubuntu_work/HiveFlight/ros2_ws/install/lib:/usr/lib/x86_64-linux-gnu/gazebo-11/plugins:/home/ivano/hiveflight_ws/install/hiveflight_interfaces/lib:/opt/ros/humble/opt/rviz_ogre_vendor/lib:/opt/ros/humble/lib/x86_64-linux-gnu:/opt/ros/humble/lib'), ('MOTD_SHOWN', 'update-motd'), ('HOME', '/home/ivano'), ('OLDPWD', '/home/ivano/hiveflight_ws'), ('ROS_PYTHON_VERSION', '3'), ('DBUS_SESSION_BUS_ADDRESS', 'unix:path=/run/user/1000/bus'), ('WSL_DISTRO_NAME', 'Ubuntu-22.04'), ('WAYLAND_DISPLAY', 'wayland-0'), ('COLCON_PREFIX_PATH', '/mnt/c/work/ubuntu_work/HiveFlight/ros2_ws/install:/home/ivano/hiveflight_ws/install'), ('ROS_DISTRO', 'humble'), ('LOGNAME', 'ivano'), ('NAME', 'LAPTOP-7K9MEH4D'), ('WSL_INTEROP', '/run/WSL/331_interop'), ('PULSE_SERVER', 'unix:/mnt/wslg/PulseServer'), ('_', '/usr/bin/colcon'), ('ROS_VERSION', '2'), ('TERM', 'xterm-256color'), ('ROS_LOCALHOST_ONLY', '0'), ('PATH', '/opt/ros/humble/bin:/usr/local/sbin:/usr/local/bin:/usr/sbin:/usr/bin:/sbin:/bin:/usr/games:/usr/local/games:/usr/lib/wsl/lib:/mnt/c/Users/ivano/AppData/Roaming/Code/User/globalStorage/github.copilot-chat/debugCommand:/mnt/c/Users/ivano/AppData/Roaming/Code/User/globalStorage/github.copilot-chat/copilotCli:/mnt/c/windows/system32:/mnt/c/windows:/mnt/c/windows/System32/Wbem:/mnt/c/windows/System32/WindowsPowerShell/v1.0/:/mnt/c/windows/System32/OpenSSH/:/mnt/c/Program Files/HP/1E.Performance.Assist/Extensibility/NomadBranch:/mnt/c/Program Files/CMake/bin:/mnt/c/Program Files (x86)/Windows Kits/10/Windows Performance Toolkit/:/mnt/c/Program Files/Git/cmd:/mnt/c/windows/system32:/mnt/c/windows:/mnt/c/windows/System32/Wbem:/mnt/c/windows/System32/WindowsPowerShell/v1.0/:/mnt/c/windows/System32/OpenSSH/:/mnt/c/Program Files/HP/1E.Performance.Assist/Extensibility/NomadBranch:/mnt/c/Program Files/CMake/bin:/mnt/c/Program Files (x86)/Windows Kits/10/Windows Performance Toolkit/:/mnt/c/Program Files/Git/cmd:/mnt/c/vcpkg:/mnt/c/Users/ivano/AppData/Local/Programs/Microsoft VS Code/bin:/snap/bin'), ('XDG_RUNTIME_DIR', '/run/user/1000'), ('DISPLAY', ':0'), ('LANG', 'C.UTF-8'), ('LS_COLORS', 'rs=0:di=01;34:ln=01;36:mh=00:pi=40;33:so=01;35:do=01;35:bd=40;33;01:cd=40;33;01:or=40;31;01:mi=00:su=37;41:sg=30;43:ca=30;41:tw=30;42:ow=34;42:st=37;44:ex=01;32:*.tar=01;31:*.tgz=01;31:*.arc=01;31:*.arj=01;31:*.taz=01;31:*.lha=01;31:*.lz4=01;31:*.lzh=01;31:*.lzma=01;31:*.tlz=01;31:*.txz=01;31:*.tzo=01;31:*.t7z=01;31:*.zip=01;31:*.z=01;31:*.dz=01;31:*.gz=01;31:*.lrz=01;31:*.lz=01;31:*.lzo=01;31:*.xz=01;31:*.zst=01;31:*.tzst=01;31:*.bz2=01;31:*.bz=01;31:*.tbz=01;31:*.tbz2=01;31:*.tz=01;31:*.deb=01;31:*.rpm=01;31:*.jar=01;31:*.war=01;31:*.ear=01;31:*.sar=01;31:*.rar=01;31:*.alz=01;31:*.ace=01;31:*.zoo=01;31:*.cpio=01;31:*.7z=01;31:*.rz=01;31:*.cab=01;31:*.wim=01;31:*.swm=01;31:*.dwm=01;31:*.esd=01;31:*.jpg=01;35:*.jpeg=01;35:*.mjpg=01;35:*.mjpeg=01;35:*.gif=01;35:*.bmp=01;35:*.pbm=01;35:*.pgm=01;35:*.ppm=01;35:*.tga=01;35:*.xbm=01;35:*.xpm=01;35:*.tif=01;35:*.tiff=01;35:*.png=01;35:*.svg=01;35:*.svgz=01;35:*.mng=01;35:*.pcx=01;35:*.mov=01;35:*.mpg=01;35:*.mpeg=01;35:*.m2v=01;35:*.mkv=01;35:*.webm=01;35:*.webp=01;35:*.ogm=01;35:*.mp4=01;35:*.m4v=01;35:*.mp4v=01;35:*.vob=01;35:*.qt=01;35:*.nuv=01;35:*.wmv=01;35:*.asf=01;35:*.rm=01;35:*.rmvb=01;35:*.flc=01;35:*.avi=01;35:*.fli=01;35:*.flv=01;35:*.gl=01;35:*.dl=01;35:*.xcf=01;35:*.xwd=01;35:*.yuv=01;35:*.cgm=01;35:*.emf=01;35:*.ogv=01;35:*.ogx=01;35:*.aac=00;36:*.au=00;36:*.flac=00;36:*.m4a=00;36:*.mid=00;36:*.midi=00;36:*.mka=00;36:*.mp3=00;36:*.mpc=00;36:*.ogg=00;36:*.ra=00;36:*.wav=00;36:*.oga=00;36:*.opus=00;36:*.spx=00;36:*.xspf=00;36:'), ('AMENT_PREFIX_PATH', '/mnt/c/work/ubuntu_work/HiveFlight/ros2_ws/install:/home/ivano/hiveflight_ws/install/hiveflight_interfaces:/home/ivano/hiveflight_ws/install/hiveflight:/opt/ros/humble'), ('SHELL', '/bin/bash'), ('LESSCLOSE', '/usr/bin/lesspipe %s %s'), ('PWD', '/mnt/c/work/ubuntu_work/HiveFlight/ros2_ws/build/hiveflight_sim_node'), ('XDG_DATA_DIRS', '/usr/local/share:/usr/share:/var/lib/snapd/desktop'), ('PYTHONPATH', '/mnt/c/work/ubuntu_work/HiveFlight/ros2_ws/install/local/lib/python3.10/dist-packages:/home/ivano/hiveflight_ws/install/hiveflight_interfaces/local/lib/python3.10/dist-packages:/opt/ros/humble/lib/python3.10/site-packages:/opt/ros/humble/local/lib/python3.10/dist-packages'), ('COLCON', '1'), ('WSL2_GUI_APPS_ENABLED', '1'), ('HOSTTYPE', 'x86_64'), ('CMAKE_PREFIX_PATH', '/mnt/c/work/ubuntu_work/HiveFlight/ros2_ws/install:/home/ivano/hiveflight_ws/install/hiveflight_interfaces:/home/ivano/hiveflight_ws/install/hiveflight:/opt/ros/humble'), ('WSLENV', '')]), 'shell': False}
[67.637180] (-) TimerEvent: {}
[67.737786] (-) TimerEvent: {}
[67.838481] (-) TimerEvent: {}
[67.939158] (-) TimerEvent: {}
[68.039745] (-) TimerEvent: {}
[68.140386] (-) TimerEvent: {}
[68.149565] (hiveflight_sim_node) StdoutLine: {'line': b'[ 50%] \x1b[32mBuilding CXX object CMakeFiles/simulation_node.dir/src/simulation_node.cpp.o\x1b[0m\n'}
[68.240521] (-) TimerEvent: {}
[68.341102] (-) TimerEvent: {}
[68.441640] (-) TimerEvent: {}
[68.542180] (-) TimerEvent: {}
[68.643080] (-) TimerEvent: {}
[68.743651] (-) TimerEvent: {}
[68.844210] (-) TimerEvent: {}
[68.944759] (-) TimerEvent: {}
[69.045346] (-) TimerEvent: {}
[69.146130] (-) TimerEvent: {}
[69.246664] (-) TimerEvent: {}
[69.347227] (-) TimerEvent: {}
[69.447803] (-) TimerEvent: {}
[69.548427] (-) TimerEvent: {}
[69.648963] (-) TimerEvent: {}
[69.750150] (-) TimerEvent: {}
[69.850780] (-) TimerEvent: {}
[69.951373] (-) TimerEvent: {}
[70.051950] (-) TimerEvent: {}
[70.152544] (-) TimerEvent: {}
[70.253132] (-) TimerEvent: {}
[70.353689] (-) TimerEvent: {}
[70.454233] (-) TimerEvent: {}
[70.554801] (-) TimerEvent: {}
[70.655356] (-) TimerEvent: {}
[70.755944] (-) TimerEvent: {}
[70.856493] (-) TimerEvent: {}
[70.957028] (-) TimerEvent: {}
[71.057612] (-) TimerEvent: {}
[71.158161] (-) TimerEvent: {}
[71.258688] (-) TimerEvent: {}
[71.359235] (-) TimerEvent: {}
[71.459775] (-) TimerEvent: {}
[71.560397] (-) TimerEvent: {}
[71.660960] (-) TimerEvent: {}
[71.761469] (-) TimerEvent: {}
[71.862048] (-) TimerEvent: {}
[71.962573] (-) TimerEvent: {}
[72.063161] (-) TimerEvent: {}
[72.163684] (-) TimerEvent: {}
[72.264182] (-) TimerEvent: {}
[72.364688] (-) TimerEvent: {}
[72.465214] (-) TimerEvent: {}
[72.565769] (-) TimerEvent: {}
[72.666330] (-) TimerEvent: {}
[72.766908] (-) TimerEvent: {}
[72.867397] (-) TimerEvent: {}
[72.967945] (-) TimerEvent: {}
[73.068529] (-) TimerEvent: {}
[73.169085] (-) TimerEvent: {}
[73.269628] (-) TimerEvent: {}
[73.370170] (-) TimerEvent: {}
[73.470721] (-) TimerEvent: {}
[73.571331] (-) TimerEvent: {}
[73.671897] (-) TimerEvent: {}
[73.772541] (-) TimerEvent: {}
[73.873092] (-) TimerEvent: {}
[73.973619] (-) TimerEvent: {}
[74.074176] (-) TimerEvent: {}
[74.174769] (-) TimerEvent: {}
[74.275351] (-) TimerEvent: {}
[74.376004] (-) TimerEvent: {}
[74.476595] (-) TimerEvent: {}
[74.577134] (-) TimerEvent: {}
[74.677694] (-) TimerEvent: {}
[74.778371] (-) TimerEvent: {}
[74.879640] (-) TimerEvent: {}
[74.980874] (-) TimerEvent: {}
[75.082075] (-) TimerEvent: {}
[75.182957] (-) TimerEvent: {}
[75.284231] (-) TimerEvent: {}
[75.385167] (-) TimerEvent: {}
[75.486170] (-) TimerEvent: {}
[75.587423] (-) TimerEvent: {}
[75.688420] (-) TimerEvent: {}
[75.789314] (-) TimerEvent: {}
[75.890280] (-) TimerEvent: {}
[75.991452] (-) TimerEvent: {}
[76.092431] (-) TimerEvent: {}
[76.193532] (-) TimerEvent: {}
[76.294438] (-) TimerEvent: {}
[76.395627] (-) TimerEvent: {}
[76.496523] (-) TimerEvent: {}
[76.598331] (-) TimerEvent: {}
[76.699119] (-) TimerEvent: {}
[76.799987] (-) TimerEvent: {}
[76.901043] (-) TimerEvent: {}
[77.002135] (-) TimerEvent: {}
[77.102924] (-) TimerEvent: {}
[77.203900] (-) TimerEvent: {}
[77.304683] (-) TimerEvent: {}
[77.405414] (-) TimerEvent: {}
[77.506594] (-) TimerEvent: {}
[77.607225] (-) TimerEvent: {}
[77.707700] (-) TimerEvent: {}
[77.808193] (-) TimerEvent: {}
[77.883661] (hiveflight_sim_node) StdoutLine: {'line': b'[100%] \x1b[32m\x1b[1mLinking CXX executable simulation_node\x1b[0m\n'}
[77.908328] (-) TimerEvent: {}
[78.008836] (-) TimerEvent: {}
[78.109652] (-) TimerEvent: {}
[78.210254] (-) TimerEvent: {}
[78.310743] (-) TimerEvent: {}
[78.411180] (-) TimerEvent: {}
[78.511689] (-) TimerEvent: {}
[78.612230] (-) TimerEvent: {}
[78.712817] (-) TimerEvent: {}
[78.813359] (-) TimerEvent: {}
[78.914332] (-) TimerEvent: {}
[79.015197] (-) TimerEvent: {}
[79.116212] (-) TimerEvent: {}
[79.216714] (-) TimerEvent: {}
[79.317229] (-) TimerEvent: {}
[79.417831] (-) TimerEvent: {}
[79.518338] (-) TimerEvent: {}
[79.618817] (-) TimerEvent: {}
[79.719269] (-) TimerEvent: {}
[79.819987] (-) TimerEvent: {}
[79.920530] (-) TimerEvent: {}
[80.021255] (-) TimerEvent: {}
[80.121826] (-) TimerEvent: {}
[80.222477] (-) TimerEvent: {}
[80.323123] (-) TimerEvent: {}
[80.423736] (-) TimerEvent: {}
[80.524772] (-) TimerEvent: {}
[80.625332] (-) TimerEvent: {}
[80.726152] (-) TimerEvent: {}
[80.826717] (-) TimerEvent: {}
[80.927298] (-) TimerEvent: {}
[81.027881] (-) TimerEvent: {}
[81.128577] (-) TimerEvent: {}
[81.160698] (hiveflight_sim_node) StdoutLine: {'line': b'[100%] Built target simulation_node\n'}
[81.228728] (-) TimerEvent: {}
[81.275112] (hiveflight_sim_node) CommandEnded: {'returncode': 0}
[81.293864] (hiveflight_sim_node) JobProgress: {'identifier': 'hiveflight_sim_node', 'progress': 'install'}
[81.298973] (hiveflight_sim_node) Command: {'cmd': ['/usr/bin/cmake', '--install', '/mnt/c/work/ubuntu_work/HiveFlight/ros2_ws/build/hiveflight_sim_node'], 'cwd': '/mnt/c/work/ubuntu_work/HiveFlight/ros2_ws/build/hiveflight_sim_node', 'env': OrderedDict([('LESSOPEN', '| /usr/bin/lesspipe %s'), ('USER', 'ivano'), ('SHLVL', '2'), ('LD_LIBRARY_PATH', '/mnt/c/work/ubuntu_work/HiveFlight/ros2_ws/install/lib:/usr/lib/x86_64-linux-gnu/gazebo-11/plugins:/home/ivano/hiveflight_ws/install/hiveflight_interfaces/lib:/opt/ros/humble/opt/rviz_ogre_vendor/lib:/opt/ros/humble/lib/x86_64-linux-gnu:/opt/ros/humble/lib'), ('MOTD_SHOWN', 'update-motd'), ('HOME', '/home/ivano'), ('OLDPWD', '/home/ivano/hiveflight_ws'), ('ROS_PYTHON_VERSION', '3'), ('DBUS_SESSION_BUS_ADDRESS', 'unix:path=/run/user/1000/bus'), ('WSL_DISTRO_NAME', 'Ubuntu-22.04'), ('WAYLAND_DISPLAY', 'wayland-0'), ('COLCON_PREFIX_PATH', '/mnt/c/work/ubuntu_work/HiveFlight/ros2_ws/install:/home/ivano/hiveflight_ws/install'), ('ROS_DISTRO', 'humble'), ('LOGNAME', 'ivano'), ('NAME', 'LAPTOP-7K9MEH4D'), ('WSL_INTEROP', '/run/WSL/331_interop'), ('PULSE_SERVER', 'unix:/mnt/wslg/PulseServer'), ('_', '/usr/bin/colcon'), ('ROS_VERSION', '2'), ('TERM', 'xterm-256color'), ('ROS_LOCALHOST_ONLY', '0'), ('PATH', '/opt/ros/humble/bin:/usr/local/sbin:/usr/local/bin:/usr/sbin:/usr/bin:/sbin:/bin:/usr/games:/usr/local/games:/usr/lib/wsl/lib:/mnt/c/Users/ivano/AppData/Roaming/Code/User/globalStorage/github.copilot-chat/debugCommand:/mnt/c/Users/ivano/AppData/Roaming/Code/User/globalStorage/github.copilot-chat/copilotCli:/mnt/c/windows/system32:/mnt/c/windows:/mnt/c/windows/System32/Wbem:/mnt/c/windows/System32/WindowsPowerShell/v1.0/:/mnt/c/windows/System32/OpenSSH/:/mnt/c/Program Files/HP/1E.Performance.Assist/Extensibility/NomadBranch:/mnt/c/Program Files/CMake/bin:/mnt/c/Program Files (x86)/Windows Kits/10/Windows Performance Toolkit/:/mnt/c/Program Files/Git/cmd:/mnt/c/windows/system32:/mnt/c/windows:/mnt/c/windows/System32/Wbem:/mnt/c/windows/System32/WindowsPowerShell/v1.0/:/mnt/c/windows/System32/OpenSSH/:/mnt/c/Program Files/HP/1E.Performance.Assist/Extensibility/NomadBranch:/mnt/c/Program Files/CMake/bin:/mnt/c/Program Files (x86)/Windows Kits/10/Windows Performance Toolkit/:/mnt/c/Program Files/Git/cmd:/mnt/c/vcpkg:/mnt/c/Users/ivano/AppData/Local/Programs/Microsoft VS Code/bin:/snap/bin'), ('XDG_RUNTIME_DIR', '/run/user/1000'), ('DISPLAY', ':0'), ('LANG', 'C.UTF-8'), ('LS_COLORS', 'rs=0:di=01;34:ln=01;36:mh=00:pi=40;33:so=01;35:do=01;35:bd=40;33;01:cd=40;33;01:or=40;31;01:mi=00:su=37;41:sg=30;43:ca=30;41:tw=30;42:ow=34;42:st=37;44:ex=01;32:*.tar=01;31:*.tgz=01;31:*.arc=01;31:*.arj=01;31:*.taz=01;31:*.lha=01;31:*.lz4=01;31:*.lzh=01;31:*.lzma=01;31:*.tlz=01;31:*.txz=01;31:*.tzo=01;31:*.t7z=01;31:*.zip=01;31:*.z=01;31:*.dz=01;31:*.gz=01;31:*.lrz=01;31:*.lz=01;31:*.lzo=01;31:*.xz=01;31:*.zst=01;31:*.tzst=01;31:*.bz2=01;31:*.bz=01;31:*.tbz=01;31:*.tbz2=01;31:*.tz=01;31:*.deb=01;31:*.rpm=01;31:*.jar=01;31:*.war=01;31:*.ear=01;31:*.sar=01;31:*.rar=01;31:*.alz=01;31:*.ace=01;31:*.zoo=01;31:*.cpio=01;31:*.7z=01;31:*.rz=01;31:*.cab=01;31:*.wim=01;31:*.swm=01;31:*.dwm=01;31:*.esd=01;31:*.jpg=01;35:*.jpeg=01;35:*.mjpg=01;35:*.mjpeg=01;35:*.gif=01;35:*.bmp=01;35:*.pbm=01;35:*.pgm=01;35:*.ppm=01;35:*.tga=01;35:*.xbm=01;35:*.xpm=01;35:*.tif=01;35:*.tiff=01;35:*.png=01;35:*.svg=01;35:*.svgz=01;35:*.mng=01;35:*.pcx=01;35:*.mov=01;35:*.mpg=01;35:*.mpeg=01;35:*.m2v=01;35:*.mkv=01;35:*.webm=01;35:*.webp=01;35:*.ogm=01;35:*.mp4=01;35:*.m4v=01;35:*.mp4v=01;35:*.vob=01;35:*.qt=01;35:*.nuv=01;35:*.wmv=01;35:*.asf=01;35:*.rm=01;35:*.rmvb=01;35:*.flc=01;35:*.avi=01;35:*.fli=01;35:*.flv=01;35:*.gl=01;35:*.dl=01;35:*.xcf=01;35:*.xwd=01;35:*.yuv=01;35:*.cgm=01;35:*.emf=01;35:*.ogv=01;35:*.ogx=01;35:*.aac=00;36:*.au=00;36:*.flac=00;36:*.m4a=00;36:*.mid=00;36:*.midi=00;36:*.mka=00;36:*.mp3=00;36:*.mpc=00;36:*.ogg=00;36:*.ra=00;36:*.wav=00;36:*.oga=00;36:*.opus=00;36:*.spx=00;36:*.xspf=00;36:'), ('AMENT_PREFIX_PATH', '/mnt/c/work/ubuntu_work/HiveFlight/ros2_ws/install:/home/ivano/hiveflight_ws/install/hiveflight_interfaces:/home/ivano/hiveflight_ws/install/hiveflight:/opt/ros/humble'), ('SHELL', '/bin/bash'), ('LESSCLOSE', '/usr/bin/lesspipe %s %s'), ('PWD', '/mnt/c/work/ubuntu_work/HiveFlight/ros2_ws/build/hiveflight_sim_node'), ('XDG_DATA_DIRS', '/usr/local/share:/usr/share:/var/lib/snapd/desktop'), ('PYTHONPATH', '/mnt/c/work/ubuntu_work/HiveFlight/ros2_ws/install/local/lib/python3.10/dist-packages:/home/ivano/hiveflight_ws/install/hiveflight_interfaces/local/lib/python3.10/dist-packages:/opt/ros/humble/lib/python3.10/site-packages:/opt/ros/humble/local/lib/python3.10/dist-packages'), ('COLCON', '1'), ('WSL2_GUI_APPS_ENABLED', '1'), ('HOSTTYPE', 'x86_64'), ('CMAKE_PREFIX_PATH', '/mnt/c/work/ubuntu_work/HiveFlight/ros2_ws/install:/home/ivano/hiveflight_ws/install/hiveflight_interfaces:/home/ivano/hiveflight_ws/install/hiveflight:/opt/ros/humble'), ('WSLENV', '')]), 'shell': False}
[81.328849] (-) TimerEvent: {}
[81.375772] (hiveflight_sim_node) StdoutLine: {'line': b'-- Install configuration: ""\n'}
[81.397375] (hiveflight_sim_node) StdoutLine: {'line': b'-- Installing: /mnt/c/work/ubuntu_work/HiveFlight/ros2_ws/install/lib/hiveflight_sim_node/simulation_node\n'}
[81.429005] (-) TimerEvent: {}
[81.529796] (-) TimerEvent: {}
[81.630529] (-) TimerEvent: {}
[81.731232] (-) TimerEvent: {}
[81.832055] (-) TimerEvent: {}
[81.903299] (hiveflight_sim_node) StdoutLine: {'line': b'-- Set runtime path of "/mnt/c/work/ubuntu_work/HiveFlight/ros2_ws/install/lib/hiveflight_sim_node/simulation_node" to ""\n'}
[81.913100] (hiveflight_sim_node) StdoutLine: {'line': b'-- Installing: /mnt/c/work/ubuntu_work/HiveFlight/ros2_ws/install/share/hiveflight_sim_node/launch\n'}
[81.932196] (-) TimerEvent: {}
[81.940526] (hiveflight_sim_node) StdoutLine: {'line': b'-- Installing: /mnt/c/work/ubuntu_work/HiveFlight/ros2_ws/install/share/hiveflight_sim_node/launch/hiveflight.launch.py\n'}
[82.009162] (hiveflight_sim_node) StdoutLine: {'line': b'-- Installing: /mnt/c/work/ubuntu_work/HiveFlight/ros2_ws/install/lib/hiveflight_sim_node/gazebo_swarm_bridge.py\n'}
[82.032333] (-) TimerEvent: {}
[82.078937] (hiveflight_sim_node) StdoutLine: {'line': b'-- Installing: /mnt/c/work/ubuntu_work/HiveFlight/ros2_ws/install/share/ament_index/resource_index/package_run_dependencies/hiveflight_sim_node\n'}
[82.132484] (-) TimerEvent: {}
[82.175013] (hiveflight_sim_node) StdoutLine: {'line': b'-- Installing: /mnt/c/work/ubuntu_work/HiveFlight/ros2_ws/install/share/ament_index/resource_index/parent_prefix_path/hiveflight_sim_node\n'}
[82.232626] (-) TimerEvent: {}
[82.252866] (hiveflight_sim_node) StdoutLine: {'line': b'-- Installing: /mnt/c/work/ubuntu_work/HiveFlight/ros2_ws/install/share/hiveflight_sim_node/environment/ament_prefix_path.sh\n'}
[82.301365] (hiveflight_sim_node) StdoutLine: {'line': b'-- Installing: /mnt/c/work/ubuntu_work/HiveFlight/ros2_ws/install/share/hiveflight_sim_node/environment/ament_prefix_path.dsv\n'}
[82.332703] (-) TimerEvent: {}
[82.350824] (hiveflight_sim_node) StdoutLine: {'line': b'-- Installing: /mnt/c/work/ubuntu_work/HiveFlight/ros2_ws/install/share/hiveflight_sim_node/environment/path.sh\n'}
[82.398008] (hiveflight_sim_node) StdoutLine: {'line': b'-- Installing: /mnt/c/work/ubuntu_work/HiveFlight/ros2_ws/install/share/hiveflight_sim_node/environment/path.dsv\n'}
[82.432836] (-) TimerEvent: {}
[82.468012] (hiveflight_sim_node) StdoutLine: {'line': b'-- Installing: /mnt/c/work/ubuntu_work/HiveFlight/ros2_ws/install/share/hiveflight_sim_node/local_setup.bash\n'}
[82.532993] (-) TimerEvent: {}
[82.533538] (hiveflight_sim_node) StdoutLine: {'line': b'-- Installing: /mnt/c/work/ubuntu_work/HiveFlight/ros2_ws/install/share/hiveflight_sim_node/local_setup.sh\n'}
[82.585661] (hiveflight_sim_node) StdoutLine: {'line': b'-- Installing: /mnt/c/work/ubuntu_work/HiveFlight/ros2_ws/install/share/hiveflight_sim_node/local_setup.zsh\n'}
[82.633155] (-) TimerEvent: {}
[82.639458] (hiveflight_sim_node) StdoutLine: {'line': b'-- Installing: /mnt/c/work/ubuntu_work/HiveFlight/ros2_ws/install/share/hiveflight_sim_node/local_setup.dsv\n'}
[82.692406] (hiveflight_sim_node) StdoutLine: {'line': b'-- Installing: /mnt/c/work/ubuntu_work/HiveFlight/ros2_ws/install/share/hiveflight_sim_node/package.dsv\n'}
[82.733262] (-) TimerEvent: {}
[82.754928] (hiveflight_sim_node) StdoutLine: {'line': b'-- Installing: /mnt/c/work/ubuntu_work/HiveFlight/ros2_ws/install/share/ament_index/resource_index/packages/hiveflight_sim_node\n'}
[82.826980] (hiveflight_sim_node) StdoutLine: {'line': b'-- Installing: /mnt/c/work/ubuntu_work/HiveFlight/ros2_ws/install/share/hiveflight_sim_node/cmake/hiveflight_sim_nodeConfig.cmake\n'}
[82.833348] (-) TimerEvent: {}
[82.877102] (hiveflight_sim_node) StdoutLine: {'line': b'-- Installing: /mnt/c/work/ubuntu_work/HiveFlight/ros2_ws/install/share/hiveflight_sim_node/cmake/hiveflight_sim_nodeConfig-version.cmake\n'}
[82.930926] (hiveflight_sim_node) StdoutLine: {'line': b'-- Installing: /mnt/c/work/ubuntu_work/HiveFlight/ros2_ws/install/share/hiveflight_sim_node/package.xml\n'}
[82.933404] (-) TimerEvent: {}
[82.979734] (hiveflight_sim_node) CommandEnded: {'returncode': 0}
[83.033466] (-) TimerEvent: {}
[83.133986] (-) TimerEvent: {}
[83.234458] (-) TimerEvent: {}
[83.335321] (-) TimerEvent: {}
[83.435755] (-) TimerEvent: {}
[83.536240] (-) TimerEvent: {}
[83.636895] (-) TimerEvent: {}
[83.684784] (hiveflight_sim_node) JobEnded: {'identifier': 'hiveflight_sim_node', 'rc': 0}
[83.692324] (-) EventReactorShutdown: {}
