[0.000000] (-) TimerEvent: {}
[0.001440] (hiveflight_interfaces) JobQueued: {'identifier': 'hiveflight_interfaces', 'dependencies': OrderedDict()}
[0.003065] (hiveflight_sim) JobQueued: {'identifier': 'hiveflight_sim', 'dependencies': OrderedDict([('hiveflight_interfaces', '/mnt/c/work/ubuntu_work/HiveFlight/ros2_ws/install')])}
[0.004343] (hiveflight_sim_node) JobQueued: {'identifier': 'hiveflight_sim_node', 'dependencies': OrderedDict([('hiveflight_interfaces', '/mnt/c/work/ubuntu_work/HiveFlight/ros2_ws/install'), ('hiveflight_sim', '/mnt/c/work/ubuntu_work/HiveFlight/ros2_ws/install')])}
[0.005500] (hiveflight_interfaces) JobStarted: {'identifier': 'hiveflight_interfaces'}
[0.098977] (-) TimerEvent: {}
[0.207684] (-) TimerEvent: {}
[0.288584] (hiveflight_interfaces) JobProgress: {'identifier': 'hiveflight_interfaces', 'progress': 'cmake'}
[0.309202] (-) TimerEvent: {}
[0.395289] (hiveflight_interfaces) Command: {'cmd': ['/usr/bin/cmake', '/mnt/c/work/ubuntu_work/HiveFlight/ros2_ws/src/hiveflight_interfaces', '-DCMAKE_INSTALL_PREFIX=/mnt/c/work/ubuntu_work/HiveFlight/ros2_ws/install'], 'cwd': '/mnt/c/work/ubuntu_work/HiveFlight/ros2_ws/build/hiveflight_interfaces', 'env': OrderedDict([('LESSOPEN', '| /usr/bin/lesspipe %s'), ('USER', 'ivano'), ('SHLVL', '2'), ('LD_LIBRARY_PATH', '/mnt/c/work/ubuntu_work/HiveFlight/ros2_ws/install/lib:/usr/lib/x86_64-linux-gnu/gazebo-11/plugins:/opt/ros/humble/opt/rviz_ogre_vendor/lib:/opt/ros/humble/lib/x86_64-linux-gnu:/opt/ros/humble/lib'), ('HOME', '/home/ivano'), ('OLDPWD', '/mnt/c/work/ubuntu_work/HiveFlight'), ('ROS_PYTHON_VERSION', '3'), ('DBUS_SESSION_BUS_ADDRESS', 'unix:path=/run/user/1000/bus'), ('WSL_DISTRO_NAME', 'Ubuntu-22.04'), ('WAYLAND_DISPLAY', 'wayland-0'), ('COLCON_PREFIX_PATH', '/mnt/c/work/ubuntu_work/HiveFlight/ros2_ws/install'), ('ROS_DISTRO', 'humble'), ('LOGNAME', 'ivano'), ('NAME', 'LAPTOP-7K9MEH4D'), ('WSL_INTEROP', '/run/WSL/327_interop'), ('PULSE_SERVER', 'unix:/mnt/wslg/PulseServer'), ('_', '/usr/bin/colcon'), ('ROS_VERSION', '2'), ('TERM', 'xterm-256color'), ('ROS_LOCALHOST_ONLY', '0'), ('PATH', '/opt/ros/humble/bin:/usr/local/sbin:/usr/local/bin:/usr/sbin:/usr/bin:/sbin:/bin:/usr/games:/usr/local/games:/usr/lib/wsl/lib:/mnt/c/Users/ivano/AppData/Roaming/Code/User/globalStorage/github.copilot-chat/debugCommand:/mnt/c/Users/ivano/AppData/Roaming/Code/User/globalStorage/github.copilot-chat/copilotCli:/mnt/c/Users/ivano/.codegpt/bin:/mnt/c/windows/system32:/mnt/c/windows:/mnt/c/windows/System32/Wbem:/mnt/c/windows/System32/WindowsPowerShell/v1.0/:/mnt/c/windows/System32/OpenSSH/:/mnt/c/Program Files/HP/1E.Performance.Assist/Extensibility/NomadBranch:/mnt/c/Program Files/CMake/bin:/mnt/c/Program Files (x86)/Windows Kits/10/Windows Performance Toolkit/:/mnt/c/Program Files/Git/cmd:/mnt/c/Users/ivano/.local/bin:/mnt/c/windows/system32:/mnt/c/windows:/mnt/c/windows/System32/Wbem:/mnt/c/windows/System32/WindowsPowerShell/v1.0/:/mnt/c/windows/System32/OpenSSH/:/mnt/c/Program Files/HP/1E.Performance.Assist/Extensibility/NomadBranch:/mnt/c/Program Files/CMake/bin:/mnt/c/Program Files (x86)/Windows Kits/10/Windows Performance Toolkit/:/mnt/c/Program Files/Git/cmd:/mnt/c/vcpkg:/mnt/c/Users/ivano/AppData/Local/Programs/Microsoft VS Code/bin:/mnt/c/Users/ivano/.vscode/extensions/ms-python.debugpy-2026.6.0-win32-x64/bundled/scripts/noConfigScripts:/snap/bin'), ('XDG_RUNTIME_DIR', '/run/user/1000'), ('DISPLAY', ':0'), ('LANG', 'C.UTF-8'), ('LS_COLORS', 'rs=0:di=01;34:ln=01;36:mh=00:pi=40;33:so=01;35:do=01;35:bd=40;33;01:cd=40;33;01:or=40;31;01:mi=00:su=37;41:sg=30;43:ca=30;41:tw=30;42:ow=34;42:st=37;44:ex=01;32:*.tar=01;31:*.tgz=01;31:*.arc=01;31:*.arj=01;31:*.taz=01;31:*.lha=01;31:*.lz4=01;31:*.lzh=01;31:*.lzma=01;31:*.tlz=01;31:*.txz=01;31:*.tzo=01;31:*.t7z=01;31:*.zip=01;31:*.z=01;31:*.dz=01;31:*.gz=01;31:*.lrz=01;31:*.lz=01;31:*.lzo=01;31:*.xz=01;31:*.zst=01;31:*.tzst=01;31:*.bz2=01;31:*.bz=01;31:*.tbz=01;31:*.tbz2=01;31:*.tz=01;31:*.deb=01;31:*.rpm=01;31:*.jar=01;31:*.war=01;31:*.ear=01;31:*.sar=01;31:*.rar=01;31:*.alz=01;31:*.ace=01;31:*.zoo=01;31:*.cpio=01;31:*.7z=01;31:*.rz=01;31:*.cab=01;31:*.wim=01;31:*.swm=01;31:*.dwm=01;31:*.esd=01;31:*.jpg=01;35:*.jpeg=01;35:*.mjpg=01;35:*.mjpeg=01;35:*.gif=01;35:*.bmp=01;35:*.pbm=01;35:*.pgm=01;35:*.ppm=01;35:*.tga=01;35:*.xbm=01;35:*.xpm=01;35:*.tif=01;35:*.tiff=01;35:*.png=01;35:*.svg=01;35:*.svgz=01;35:*.mng=01;35:*.pcx=01;35:*.mov=01;35:*.mpg=01;35:*.mpeg=01;35:*.m2v=01;35:*.mkv=01;35:*.webm=01;35:*.webp=01;35:*.ogm=01;35:*.mp4=01;35:*.m4v=01;35:*.mp4v=01;35:*.vob=01;35:*.qt=01;35:*.nuv=01;35:*.wmv=01;35:*.asf=01;35:*.rm=01;35:*.rmvb=01;35:*.flc=01;35:*.avi=01;35:*.fli=01;35:*.flv=01;35:*.gl=01;35:*.dl=01;35:*.xcf=01;35:*.xwd=01;35:*.yuv=01;35:*.cgm=01;35:*.emf=01;35:*.ogv=01;35:*.ogx=01;35:*.aac=00;36:*.au=00;36:*.flac=00;36:*.m4a=00;36:*.mid=00;36:*.midi=00;36:*.mka=00;36:*.mp3=00;36:*.mpc=00;36:*.ogg=00;36:*.ra=00;36:*.wav=00;36:*.oga=00;36:*.opus=00;36:*.spx=00;36:*.xspf=00;36:'), ('AMENT_PREFIX_PATH', '/mnt/c/work/ubuntu_work/HiveFlight/ros2_ws/install:/opt/ros/humble'), ('SHELL', '/bin/bash'), ('LESSCLOSE', '/usr/bin/lesspipe %s %s'), ('PWD', '/mnt/c/work/ubuntu_work/HiveFlight/ros2_ws/build/hiveflight_interfaces'), ('XDG_DATA_DIRS', '/usr/local/share:/usr/share:/var/lib/snapd/desktop'), ('PYTHONPATH', '/mnt/c/work/ubuntu_work/HiveFlight/ros2_ws/install/local/lib/python3.10/dist-packages:/opt/ros/humble/lib/python3.10/site-packages:/opt/ros/humble/local/lib/python3.10/dist-packages'), ('COLCON', '1'), ('WSL2_GUI_APPS_ENABLED', '1'), ('HOSTTYPE', 'x86_64'), ('CMAKE_PREFIX_PATH', '/mnt/c/work/ubuntu_work/HiveFlight/ros2_ws/install:/opt/ros/humble'), ('WSLENV', '')]), 'shell': False}
[0.426933] (-) TimerEvent: {}
[0.535034] (-) TimerEvent: {}
[0.642283] (-) TimerEvent: {}
[0.751838] (-) TimerEvent: {}
[0.858591] (-) TimerEvent: {}
[0.967027] (-) TimerEvent: {}
[1.075644] (-) TimerEvent: {}
[1.184416] (-) TimerEvent: {}
[1.293975] (-) TimerEvent: {}
[1.402601] (-) TimerEvent: {}
[1.507980] (-) TimerEvent: {}
[1.611565] (-) TimerEvent: {}
[1.719153] (-) TimerEvent: {}
[1.792864] (hiveflight_interfaces) StdoutLine: {'line': b'-- The C compiler identification is GNU 11.4.0\n'}
[1.819628] (-) TimerEvent: {}
[1.928216] (-) TimerEvent: {}
[2.036609] (-) TimerEvent: {}
[2.145096] (-) TimerEvent: {}
[2.253720] (-) TimerEvent: {}
[2.362246] (-) TimerEvent: {}
[2.470845] (-) TimerEvent: {}
[2.579398] (-) TimerEvent: {}
[2.686612] (-) TimerEvent: {}
[2.795445] (-) TimerEvent: {}
[2.904359] (-) TimerEvent: {}
[3.005533] (-) TimerEvent: {}
[3.110860] (-) TimerEvent: {}
[3.213433] (-) TimerEvent: {}
[3.317449] (-) TimerEvent: {}
[3.424457] (-) TimerEvent: {}
[3.557987] (hiveflight_interfaces) StdoutLine: {'line': b'-- The CXX compiler identification is GNU 11.4.0\n'}
[3.560823] (-) TimerEvent: {}
[3.664802] (-) TimerEvent: {}
[3.773664] (-) TimerEvent: {}
[3.882110] (-) TimerEvent: {}
[3.990506] (-) TimerEvent: {}
[4.099126] (-) TimerEvent: {}
[4.209681] (-) TimerEvent: {}
[4.318335] (-) TimerEvent: {}
[4.427315] (-) TimerEvent: {}
[4.536165] (-) TimerEvent: {}
[4.643920] (-) TimerEvent: {}
[4.652165] (hiveflight_interfaces) StdoutLine: {'line': b'-- Detecting C compiler ABI info\n'}
[4.750687] (-) TimerEvent: {}
[4.858072] (-) TimerEvent: {}
[4.967454] (-) TimerEvent: {}
[5.076441] (-) TimerEvent: {}
[5.184814] (-) TimerEvent: {}
[5.293403] (-) TimerEvent: {}
[5.395065] (-) TimerEvent: {}
[5.496764] (-) TimerEvent: {}
[5.600488] (-) TimerEvent: {}
[5.710016] (-) TimerEvent: {}
[5.817233] (-) TimerEvent: {}
[5.925784] (-) TimerEvent: {}
[6.034440] (-) TimerEvent: {}
[6.145255] (-) TimerEvent: {}
[6.254344] (-) TimerEvent: {}
[6.363112] (-) TimerEvent: {}
[6.472561] (-) TimerEvent: {}
[6.581572] (-) TimerEvent: {}
[6.690350] (-) TimerEvent: {}
[6.799168] (-) TimerEvent: {}
[6.801504] (hiveflight_interfaces) StdoutLine: {'line': b'-- Detecting C compiler ABI info - done\n'}
[6.870780] (hiveflight_interfaces) StdoutLine: {'line': b'-- Check for working C compiler: /usr/bin/cc - skipped\n'}
[6.873204] (hiveflight_interfaces) StdoutLine: {'line': b'-- Detecting C compile features\n'}
[6.875670] (hiveflight_interfaces) StdoutLine: {'line': b'-- Detecting C compile features - done\n'}
[6.900243] (-) TimerEvent: {}
[7.008835] (-) TimerEvent: {}
[7.024049] (hiveflight_interfaces) StdoutLine: {'line': b'-- Detecting CXX compiler ABI info\n'}
[7.115053] (-) TimerEvent: {}
[7.218621] (-) TimerEvent: {}
[7.328120] (-) TimerEvent: {}
[7.433816] (-) TimerEvent: {}
[7.542400] (-) TimerEvent: {}
[7.650784] (-) TimerEvent: {}
[7.752615] (-) TimerEvent: {}
[7.860426] (-) TimerEvent: {}
[7.962236] (-) TimerEvent: {}
[8.071238] (-) TimerEvent: {}
[8.172933] (-) TimerEvent: {}
[8.280599] (-) TimerEvent: {}
[8.383488] (-) TimerEvent: {}
[8.491276] (-) TimerEvent: {}
[8.599812] (-) TimerEvent: {}
[8.708411] (-) TimerEvent: {}
[8.811863] (-) TimerEvent: {}
[8.920286] (-) TimerEvent: {}
[9.028882] (-) TimerEvent: {}
[9.137568] (-) TimerEvent: {}
[9.245613] (-) TimerEvent: {}
[9.301051] (hiveflight_interfaces) StdoutLine: {'line': b'-- Detecting CXX compiler ABI info - done\n'}
[9.349597] (-) TimerEvent: {}
[9.359276] (hiveflight_interfaces) StdoutLine: {'line': b'-- Check for working CXX compiler: /usr/bin/c++ - skipped\n'}
[9.361963] (hiveflight_interfaces) StdoutLine: {'line': b'-- Detecting CXX compile features\n'}
[9.364231] (hiveflight_interfaces) StdoutLine: {'line': b'-- Detecting CXX compile features - done\n'}
[9.453573] (-) TimerEvent: {}
[9.574462] (-) TimerEvent: {}
[9.598426] (hiveflight_interfaces) StdoutLine: {'line': b'-- Found ament_cmake: 1.3.14 (/opt/ros/humble/share/ament_cmake/cmake)\n'}
[9.679632] (-) TimerEvent: {}
[9.781190] (-) TimerEvent: {}
[9.882941] (-) TimerEvent: {}
[9.989303] (-) TimerEvent: {}
[10.091102] (-) TimerEvent: {}
[10.193019] (-) TimerEvent: {}
[10.298947] (-) TimerEvent: {}
[10.405126] (-) TimerEvent: {}
[10.463919] (hiveflight_interfaces) StdoutLine: {'line': b'-- Found Python3: /usr/bin/python3 (found version "3.10.12") found components: Interpreter \n'}
[10.505458] (-) TimerEvent: {}
[10.626774] (-) TimerEvent: {}
[10.730125] (-) TimerEvent: {}
[10.834371] (-) TimerEvent: {}
[10.942161] (-) TimerEvent: {}
[11.053661] (-) TimerEvent: {}
[11.161741] (-) TimerEvent: {}
[11.268110] (-) TimerEvent: {}
[11.376522] (-) TimerEvent: {}
[11.484892] (-) TimerEvent: {}
[11.593238] (-) TimerEvent: {}
[11.701930] (-) TimerEvent: {}
[11.810274] (-) TimerEvent: {}
[11.918344] (-) TimerEvent: {}
[12.026638] (-) TimerEvent: {}
[12.134918] (-) TimerEvent: {}
[12.242814] (-) TimerEvent: {}
[12.351122] (-) TimerEvent: {}
[12.368121] (hiveflight_interfaces) StdoutLine: {'line': b'-- Found geometry_msgs: 4.9.1 (/opt/ros/humble/share/geometry_msgs/cmake)\n'}
[12.455226] (-) TimerEvent: {}
[12.563606] (-) TimerEvent: {}
[12.671693] (-) TimerEvent: {}
[12.779766] (-) TimerEvent: {}
[12.888017] (-) TimerEvent: {}
[13.038641] (-) TimerEvent: {}
[13.146203] (-) TimerEvent: {}
[13.253860] (-) TimerEvent: {}
[13.361507] (-) TimerEvent: {}
[13.458439] (hiveflight_interfaces) StdoutLine: {'line': b'-- Found rosidl_generator_c: 3.1.8 (/opt/ros/humble/share/rosidl_generator_c/cmake)\n'}
[13.461833] (-) TimerEvent: {}
[13.568693] (-) TimerEvent: {}
[13.594113] (hiveflight_interfaces) StdoutLine: {'line': b'-- Found rosidl_adapter: 3.1.8 (/opt/ros/humble/share/rosidl_adapter/cmake)\n'}
[13.672452] (-) TimerEvent: {}
[13.735210] (hiveflight_interfaces) StdoutLine: {'line': b'-- Found rosidl_generator_cpp: 3.1.8 (/opt/ros/humble/share/rosidl_generator_cpp/cmake)\n'}
[13.774041] (-) TimerEvent: {}
[13.882662] (-) TimerEvent: {}
[13.903069] (hiveflight_interfaces) StdoutLine: {'line': b'-- Using all available rosidl_typesupport_c: rosidl_typesupport_fastrtps_c;rosidl_typesupport_introspection_c\n'}
[13.987897] (-) TimerEvent: {}
[14.095682] (-) TimerEvent: {}
[14.118149] (hiveflight_interfaces) StdoutLine: {'line': b'-- Using all available rosidl_typesupport_cpp: rosidl_typesupport_fastrtps_cpp;rosidl_typesupport_introspection_cpp\n'}
[14.200930] (-) TimerEvent: {}
[14.308940] (-) TimerEvent: {}
[14.415637] (-) TimerEvent: {}
[14.418706] (hiveflight_interfaces) StdoutLine: {'line': b'-- Found rosidl_default_generators: 1.2.1 (/opt/ros/humble/share/rosidl_default_generators/cmake)\n'}
[14.516119] (-) TimerEvent: {}
[14.617846] (-) TimerEvent: {}
[14.719345] (-) TimerEvent: {}
[14.821272] (-) TimerEvent: {}
[14.922665] (-) TimerEvent: {}
[15.024140] (-) TimerEvent: {}
[15.128725] (-) TimerEvent: {}
[15.232358] (-) TimerEvent: {}
[15.333840] (-) TimerEvent: {}
[15.441626] (-) TimerEvent: {}
[15.551640] (-) TimerEvent: {}
[15.657317] (-) TimerEvent: {}
[15.764440] (-) TimerEvent: {}
[15.866067] (-) TimerEvent: {}
[15.972759] (-) TimerEvent: {}
[16.075907] (-) TimerEvent: {}
[16.183060] (-) TimerEvent: {}
[16.291122] (-) TimerEvent: {}
[16.398844] (-) TimerEvent: {}
[16.506749] (-) TimerEvent: {}
[16.616569] (-) TimerEvent: {}
[16.724287] (-) TimerEvent: {}
[16.832030] (-) TimerEvent: {}
[16.939928] (-) TimerEvent: {}
[17.047938] (-) TimerEvent: {}
[17.155803] (-) TimerEvent: {}
[17.263754] (-) TimerEvent: {}
[17.371876] (-) TimerEvent: {}
[17.479699] (-) TimerEvent: {}
[17.583093] (-) TimerEvent: {}
[17.690926] (-) TimerEvent: {}
[17.798277] (-) TimerEvent: {}
[17.906045] (-) TimerEvent: {}
[18.013951] (-) TimerEvent: {}
[18.121984] (-) TimerEvent: {}
[18.230833] (-) TimerEvent: {}
[18.338637] (-) TimerEvent: {}
[18.440198] (-) TimerEvent: {}
[18.541578] (-) TimerEvent: {}
[18.648174] (-) TimerEvent: {}
[18.755855] (-) TimerEvent: {}
[18.805585] (hiveflight_interfaces) StdoutLine: {'line': b'-- Found ament_cmake_ros: 0.10.0 (/opt/ros/humble/share/ament_cmake_ros/cmake)\n'}
[18.856840] (-) TimerEvent: {}
[18.958133] (-) TimerEvent: {}
[19.072336] (-) TimerEvent: {}
[19.173890] (-) TimerEvent: {}
[19.275555] (-) TimerEvent: {}
[19.377031] (-) TimerEvent: {}
[19.483454] (-) TimerEvent: {}
[19.585159] (-) TimerEvent: {}
[19.686801] (-) TimerEvent: {}
[19.788383] (-) TimerEvent: {}
[19.889803] (-) TimerEvent: {}
[19.991732] (-) TimerEvent: {}
[20.093723] (-) TimerEvent: {}
[20.195740] (-) TimerEvent: {}
[20.297416] (-) TimerEvent: {}
[20.399374] (-) TimerEvent: {}
[20.501852] (-) TimerEvent: {}
[20.607455] (-) TimerEvent: {}
[20.711164] (-) TimerEvent: {}
[20.819619] (-) TimerEvent: {}
[20.927859] (-) TimerEvent: {}
[21.031534] (-) TimerEvent: {}
[21.139330] (-) TimerEvent: {}
[21.247790] (-) TimerEvent: {}
[21.356013] (-) TimerEvent: {}
[21.461504] (-) TimerEvent: {}
[21.569569] (-) TimerEvent: {}
[21.676291] (-) TimerEvent: {}
[21.783103] (-) TimerEvent: {}
[21.890606] (-) TimerEvent: {}
[21.998225] (-) TimerEvent: {}
[22.106157] (-) TimerEvent: {}
[22.209011] (-) TimerEvent: {}
[22.318273] (-) TimerEvent: {}
[22.426316] (-) TimerEvent: {}
[22.534202] (-) TimerEvent: {}
[22.639181] (-) TimerEvent: {}
[22.747328] (-) TimerEvent: {}
[22.877807] (-) TimerEvent: {}
[22.986047] (-) TimerEvent: {}
[23.093795] (-) TimerEvent: {}
[23.195605] (-) TimerEvent: {}
[23.303596] (-) TimerEvent: {}
[23.406989] (-) TimerEvent: {}
[23.515087] (-) TimerEvent: {}
[23.623010] (-) TimerEvent: {}
[23.731173] (-) TimerEvent: {}
[23.836333] (-) TimerEvent: {}
[23.944255] (-) TimerEvent: {}
[24.052308] (-) TimerEvent: {}
[24.160276] (-) TimerEvent: {}
[24.268304] (-) TimerEvent: {}
[24.377654] (-) TimerEvent: {}
[24.484383] (-) TimerEvent: {}
[24.587117] (-) TimerEvent: {}
[24.695157] (-) TimerEvent: {}
[24.803491] (-) TimerEvent: {}
[24.911558] (-) TimerEvent: {}
[25.016061] (-) TimerEvent: {}
[25.124063] (-) TimerEvent: {}
[25.231940] (-) TimerEvent: {}
[25.340091] (-) TimerEvent: {}
[25.447049] (-) TimerEvent: {}
[25.555136] (-) TimerEvent: {}
[25.663059] (-) TimerEvent: {}
[25.771064] (-) TimerEvent: {}
[25.878875] (-) TimerEvent: {}
[25.986815] (-) TimerEvent: {}
[26.094999] (-) TimerEvent: {}
[26.199718] (-) TimerEvent: {}
[26.307602] (-) TimerEvent: {}
[26.415629] (-) TimerEvent: {}
[26.523735] (-) TimerEvent: {}
[26.629920] (-) TimerEvent: {}
[26.737819] (-) TimerEvent: {}
[26.845850] (-) TimerEvent: {}
[26.953859] (-) TimerEvent: {}
[27.062025] (-) TimerEvent: {}
[27.169253] (-) TimerEvent: {}
[27.273545] (-) TimerEvent: {}
[27.375074] (-) TimerEvent: {}
[27.476888] (-) TimerEvent: {}
[27.585175] (-) TimerEvent: {}
[27.709285] (-) TimerEvent: {}
[27.816041] (-) TimerEvent: {}
[27.924943] (-) TimerEvent: {}
[28.033630] (-) TimerEvent: {}
[28.142538] (-) TimerEvent: {}
[28.251600] (-) TimerEvent: {}
[28.357608] (-) TimerEvent: {}
[28.466323] (-) TimerEvent: {}
[28.569939] (-) TimerEvent: {}
[28.678853] (-) TimerEvent: {}
[28.787804] (-) TimerEvent: {}
[28.896920] (-) TimerEvent: {}
[29.038283] (-) TimerEvent: {}
[29.147372] (-) TimerEvent: {}
[29.256384] (-) TimerEvent: {}
[29.359338] (-) TimerEvent: {}
[29.468165] (-) TimerEvent: {}
[29.577116] (-) TimerEvent: {}
[29.684191] (-) TimerEvent: {}
[29.789112] (-) TimerEvent: {}
[29.890657] (-) TimerEvent: {}
[29.992465] (-) TimerEvent: {}
[30.093806] (-) TimerEvent: {}
[30.196118] (-) TimerEvent: {}
[30.298261] (-) TimerEvent: {}
[30.399880] (-) TimerEvent: {}
[30.501504] (-) TimerEvent: {}
[30.602955] (-) TimerEvent: {}
[30.705011] (-) TimerEvent: {}
[30.806692] (-) TimerEvent: {}
[30.908336] (-) TimerEvent: {}
[31.011280] (-) TimerEvent: {}
[31.113108] (-) TimerEvent: {}
[31.215215] (-) TimerEvent: {}
[31.319778] (-) TimerEvent: {}
[31.428589] (-) TimerEvent: {}
[31.530966] (-) TimerEvent: {}
[31.633089] (-) TimerEvent: {}
[31.734518] (-) TimerEvent: {}
[31.836869] (-) TimerEvent: {}
[31.964806] (-) TimerEvent: {}
[32.073621] (-) TimerEvent: {}
[32.182534] (-) TimerEvent: {}
[32.291222] (-) TimerEvent: {}
[32.347838] (hiveflight_interfaces) StdoutLine: {'line': b'-- Using all available rosidl_typesupport_c: rosidl_typesupport_fastrtps_c;rosidl_typesupport_introspection_c\n'}
[32.391959] (-) TimerEvent: {}
[32.493746] (-) TimerEvent: {}
[32.595217] (-) TimerEvent: {}
[32.698731] (-) TimerEvent: {}
[32.801016] (-) TimerEvent: {}
[32.908526] (-) TimerEvent: {}
[33.017806] (-) TimerEvent: {}
[33.122693] (-) TimerEvent: {}
[33.231297] (-) TimerEvent: {}
[33.333085] (-) TimerEvent: {}
[33.447604] (-) TimerEvent: {}
[33.556930] (-) TimerEvent: {}
[33.664296] (-) TimerEvent: {}
[33.773482] (-) TimerEvent: {}
[33.878050] (-) TimerEvent: {}
[33.987185] (-) TimerEvent: {}
[34.095541] (-) TimerEvent: {}
[34.198560] (-) TimerEvent: {}
[34.300466] (-) TimerEvent: {}
[34.402117] (-) TimerEvent: {}
[34.503883] (-) TimerEvent: {}
[34.612808] (-) TimerEvent: {}
[34.721593] (-) TimerEvent: {}
[34.830462] (-) TimerEvent: {}
[34.938764] (-) TimerEvent: {}
[35.047703] (-) TimerEvent: {}
[35.156583] (-) TimerEvent: {}
[35.264425] (-) TimerEvent: {}
[35.366266] (-) TimerEvent: {}
[35.468304] (-) TimerEvent: {}
[35.570090] (-) TimerEvent: {}
[35.672854] (-) TimerEvent: {}
[35.774704] (-) TimerEvent: {}
[35.876772] (-) TimerEvent: {}
[35.978442] (-) TimerEvent: {}
[36.079900] (-) TimerEvent: {}
[36.181801] (-) TimerEvent: {}
[36.288789] (-) TimerEvent: {}
[36.391112] (-) TimerEvent: {}
[36.498672] (-) TimerEvent: {}
[36.606505] (-) TimerEvent: {}
[36.713061] (-) TimerEvent: {}
[36.821087] (-) TimerEvent: {}
[36.924950] (-) TimerEvent: {}
[37.032836] (-) TimerEvent: {}
[37.138521] (-) TimerEvent: {}
[37.240185] (-) TimerEvent: {}
[37.341543] (-) TimerEvent: {}
[37.444508] (-) TimerEvent: {}
[37.545912] (-) TimerEvent: {}
[37.643614] (hiveflight_interfaces) StdoutLine: {'line': b'-- Using all available rosidl_typesupport_cpp: rosidl_typesupport_fastrtps_cpp;rosidl_typesupport_introspection_cpp\n'}
[37.646158] (-) TimerEvent: {}
[37.751230] (-) TimerEvent: {}
[37.860216] (-) TimerEvent: {}
[37.965932] (-) TimerEvent: {}
[38.034951] (hiveflight_interfaces) StdoutLine: {'line': b'-- Found PythonInterp: /usr/bin/python3 (found suitable version "3.10.12", minimum required is "3.6") \n'}
[38.066277] (-) TimerEvent: {}
[38.096110] (hiveflight_interfaces) StdoutLine: {'line': b'-- Found python_cmake_module: 0.10.0 (/opt/ros/humble/share/python_cmake_module/cmake)\n'}
[38.168052] (-) TimerEvent: {}
[38.277213] (-) TimerEvent: {}
[38.378732] (-) TimerEvent: {}
[38.480572] (-) TimerEvent: {}
[38.582233] (-) TimerEvent: {}
[38.684392] (-) TimerEvent: {}
[38.785852] (-) TimerEvent: {}
[38.887729] (-) TimerEvent: {}
[38.989393] (-) TimerEvent: {}
[39.090969] (-) TimerEvent: {}
[39.186941] (hiveflight_interfaces) StdoutLine: {'line': b'-- Found PythonLibs: /usr/lib/x86_64-linux-gnu/libpython3.10.so (found suitable version "3.10.12", minimum required is "3.5") \n'}
[39.190511] (hiveflight_interfaces) StdoutLine: {'line': b'-- Using PYTHON_EXECUTABLE: /usr/bin/python3\n'}
[39.193793] (-) TimerEvent: {}
[39.194694] (hiveflight_interfaces) StdoutLine: {'line': b'-- Using PYTHON_INCLUDE_DIRS: /usr/include/python3.10\n'}
[39.197025] (hiveflight_interfaces) StdoutLine: {'line': b'-- Using PYTHON_LIBRARIES: /usr/lib/x86_64-linux-gnu/libpython3.10.so\n'}
[39.287904] (hiveflight_interfaces) StdoutLine: {'line': b'-- Found PythonExtra: .so  \n'}
[39.294141] (-) TimerEvent: {}
[39.402074] (-) TimerEvent: {}
[39.509909] (-) TimerEvent: {}
[39.617583] (-) TimerEvent: {}
[39.725460] (-) TimerEvent: {}
[39.833166] (-) TimerEvent: {}
[39.940980] (-) TimerEvent: {}
[40.048849] (-) TimerEvent: {}
[40.156723] (-) TimerEvent: {}
[40.264996] (-) TimerEvent: {}
[40.373001] (-) TimerEvent: {}
[40.481292] (-) TimerEvent: {}
[40.589454] (-) TimerEvent: {}
[40.704856] (-) TimerEvent: {}
[40.812928] (-) TimerEvent: {}
[40.921234] (-) TimerEvent: {}
[41.029221] (-) TimerEvent: {}
[41.137137] (-) TimerEvent: {}
[41.251279] (-) TimerEvent: {}
[41.364102] (-) TimerEvent: {}
[41.472078] (-) TimerEvent: {}
[41.580139] (-) TimerEvent: {}
[41.688289] (-) TimerEvent: {}
[41.798272] (-) TimerEvent: {}
[41.906443] (-) TimerEvent: {}
[42.014503] (-) TimerEvent: {}
[42.122570] (-) TimerEvent: {}
[42.230692] (-) TimerEvent: {}
[42.339003] (-) TimerEvent: {}
[42.446939] (-) TimerEvent: {}
[42.554723] (-) TimerEvent: {}
[42.662691] (-) TimerEvent: {}
[42.770728] (-) TimerEvent: {}
[42.878534] (-) TimerEvent: {}
[42.985359] (-) TimerEvent: {}
[43.093060] (-) TimerEvent: {}
[43.194839] (-) TimerEvent: {}
[43.302684] (-) TimerEvent: {}
[43.410561] (-) TimerEvent: {}
[43.519007] (-) TimerEvent: {}
[43.621807] (-) TimerEvent: {}
[43.723491] (-) TimerEvent: {}
[43.825475] (-) TimerEvent: {}
[43.933282] (-) TimerEvent: {}
[44.035229] (-) TimerEvent: {}
[44.143191] (-) TimerEvent: {}
[44.251840] (-) TimerEvent: {}
[44.359943] (-) TimerEvent: {}
[44.467814] (-) TimerEvent: {}
[44.575423] (-) TimerEvent: {}
[44.683376] (-) TimerEvent: {}
[44.791561] (-) TimerEvent: {}
[44.899601] (-) TimerEvent: {}
[45.051071] (-) TimerEvent: {}
[45.158930] (-) TimerEvent: {}
[45.267291] (-) TimerEvent: {}
[45.375318] (-) TimerEvent: {}
[45.483687] (-) TimerEvent: {}
[45.591732] (-) TimerEvent: {}
[45.699564] (-) TimerEvent: {}
[45.807251] (-) TimerEvent: {}
[45.914945] (-) TimerEvent: {}
[46.022866] (-) TimerEvent: {}
[46.131013] (-) TimerEvent: {}
[46.238850] (-) TimerEvent: {}
[46.347007] (-) TimerEvent: {}
[46.456132] (-) TimerEvent: {}
[46.557727] (-) TimerEvent: {}
[46.659334] (-) TimerEvent: {}
[46.767230] (-) TimerEvent: {}
[46.875175] (-) TimerEvent: {}
[46.983020] (-) TimerEvent: {}
[47.087993] (-) TimerEvent: {}
[47.189350] (-) TimerEvent: {}
[47.297405] (-) TimerEvent: {}
[47.405387] (-) TimerEvent: {}
[47.513232] (-) TimerEvent: {}
[47.621370] (-) TimerEvent: {}
[47.729190] (-) TimerEvent: {}
[47.830970] (-) TimerEvent: {}
[47.938958] (-) TimerEvent: {}
[48.046741] (-) TimerEvent: {}
[48.132672] (hiveflight_interfaces) StdoutLine: {'line': b'-- Configuring done\n'}
[48.147721] (-) TimerEvent: {}
[48.249366] (-) TimerEvent: {}
[48.357184] (-) TimerEvent: {}
[48.465061] (-) TimerEvent: {}
[48.566990] (-) TimerEvent: {}
[48.668610] (-) TimerEvent: {}
[48.776600] (-) TimerEvent: {}
[48.884344] (-) TimerEvent: {}
[48.992425] (-) TimerEvent: {}
[49.099980] (-) TimerEvent: {}
[49.207859] (-) TimerEvent: {}
[49.316159] (-) TimerEvent: {}
[49.424428] (-) TimerEvent: {}
[49.532231] (-) TimerEvent: {}
[49.640373] (-) TimerEvent: {}
[49.748270] (-) TimerEvent: {}
[49.850627] (-) TimerEvent: {}
[49.958665] (-) TimerEvent: {}
[50.066592] (-) TimerEvent: {}
[50.174478] (-) TimerEvent: {}
[50.284776] (-) TimerEvent: {}
[50.391719] (-) TimerEvent: {}
[50.499834] (-) TimerEvent: {}
[50.601644] (-) TimerEvent: {}
[50.703608] (-) TimerEvent: {}
[50.805484] (-) TimerEvent: {}
[50.907637] (-) TimerEvent: {}
[51.015581] (-) TimerEvent: {}
[51.123573] (-) TimerEvent: {}
[51.228031] (-) TimerEvent: {}
[51.336119] (-) TimerEvent: {}
[51.444167] (-) TimerEvent: {}
[51.551912] (-) TimerEvent: {}
[51.659958] (-) TimerEvent: {}
[51.768330] (-) TimerEvent: {}
[51.876377] (-) TimerEvent: {}
[51.984231] (-) TimerEvent: {}
[52.092164] (-) TimerEvent: {}
[52.200094] (-) TimerEvent: {}
[52.307924] (-) TimerEvent: {}
[52.416111] (-) TimerEvent: {}
[52.523931] (-) TimerEvent: {}
[52.631725] (-) TimerEvent: {}
[52.739594] (-) TimerEvent: {}
[52.847266] (-) TimerEvent: {}
[52.948919] (-) TimerEvent: {}
[53.056793] (-) TimerEvent: {}
[53.164729] (-) TimerEvent: {}
[53.270710] (-) TimerEvent: {}
[53.378246] (-) TimerEvent: {}
[53.486280] (-) TimerEvent: {}
[53.594159] (-) TimerEvent: {}
[53.702357] (-) TimerEvent: {}
[53.810584] (-) TimerEvent: {}
[53.919281] (-) TimerEvent: {}
[54.027223] (-) TimerEvent: {}
[54.049285] (hiveflight_interfaces) StdoutLine: {'line': b'-- Generating done\n'}
[54.132571] (-) TimerEvent: {}
[54.240605] (-) TimerEvent: {}
[54.349205] (-) TimerEvent: {}
[54.456844] (-) TimerEvent: {}
[54.564939] (-) TimerEvent: {}
[54.673149] (-) TimerEvent: {}
[54.781449] (-) TimerEvent: {}
[54.889748] (-) TimerEvent: {}
[54.997646] (-) TimerEvent: {}
[55.105944] (-) TimerEvent: {}
[55.209345] (-) TimerEvent: {}
[55.318388] (-) TimerEvent: {}
[55.427761] (-) TimerEvent: {}
[55.535747] (-) TimerEvent: {}
[55.643995] (-) TimerEvent: {}
[55.752312] (-) TimerEvent: {}
[55.860789] (-) TimerEvent: {}
[55.968874] (-) TimerEvent: {}
[56.070674] (-) TimerEvent: {}
[56.178806] (-) TimerEvent: {}
[56.288430] (-) TimerEvent: {}
[56.395557] (-) TimerEvent: {}
[56.504283] (-) TimerEvent: {}
[56.552538] (hiveflight_interfaces) StdoutLine: {'line': b'-- Build files have been written to: /mnt/c/work/ubuntu_work/HiveFlight/ros2_ws/build/hiveflight_interfaces\n'}
[56.590471] (hiveflight_interfaces) CommandEnded: {'returncode': 0}
[56.605222] (-) TimerEvent: {}
[56.607055] (hiveflight_interfaces) JobProgress: {'identifier': 'hiveflight_interfaces', 'progress': 'build'}
[56.626915] (hiveflight_interfaces) Command: {'cmd': ['/usr/bin/cmake', '--build', '/mnt/c/work/ubuntu_work/HiveFlight/ros2_ws/build/hiveflight_interfaces', '--', '-j16', '-l16'], 'cwd': '/mnt/c/work/ubuntu_work/HiveFlight/ros2_ws/build/hiveflight_interfaces', 'env': OrderedDict([('LESSOPEN', '| /usr/bin/lesspipe %s'), ('USER', 'ivano'), ('SHLVL', '2'), ('LD_LIBRARY_PATH', '/mnt/c/work/ubuntu_work/HiveFlight/ros2_ws/install/lib:/usr/lib/x86_64-linux-gnu/gazebo-11/plugins:/opt/ros/humble/opt/rviz_ogre_vendor/lib:/opt/ros/humble/lib/x86_64-linux-gnu:/opt/ros/humble/lib'), ('HOME', '/home/ivano'), ('OLDPWD', '/mnt/c/work/ubuntu_work/HiveFlight'), ('ROS_PYTHON_VERSION', '3'), ('DBUS_SESSION_BUS_ADDRESS', 'unix:path=/run/user/1000/bus'), ('WSL_DISTRO_NAME', 'Ubuntu-22.04'), ('WAYLAND_DISPLAY', 'wayland-0'), ('COLCON_PREFIX_PATH', '/mnt/c/work/ubuntu_work/HiveFlight/ros2_ws/install'), ('ROS_DISTRO', 'humble'), ('LOGNAME', 'ivano'), ('NAME', 'LAPTOP-7K9MEH4D'), ('WSL_INTEROP', '/run/WSL/327_interop'), ('PULSE_SERVER', 'unix:/mnt/wslg/PulseServer'), ('_', '/usr/bin/colcon'), ('ROS_VERSION', '2'), ('TERM', 'xterm-256color'), ('ROS_LOCALHOST_ONLY', '0'), ('PATH', '/opt/ros/humble/bin:/usr/local/sbin:/usr/local/bin:/usr/sbin:/usr/bin:/sbin:/bin:/usr/games:/usr/local/games:/usr/lib/wsl/lib:/mnt/c/Users/ivano/AppData/Roaming/Code/User/globalStorage/github.copilot-chat/debugCommand:/mnt/c/Users/ivano/AppData/Roaming/Code/User/globalStorage/github.copilot-chat/copilotCli:/mnt/c/Users/ivano/.codegpt/bin:/mnt/c/windows/system32:/mnt/c/windows:/mnt/c/windows/System32/Wbem:/mnt/c/windows/System32/WindowsPowerShell/v1.0/:/mnt/c/windows/System32/OpenSSH/:/mnt/c/Program Files/HP/1E.Performance.Assist/Extensibility/NomadBranch:/mnt/c/Program Files/CMake/bin:/mnt/c/Program Files (x86)/Windows Kits/10/Windows Performance Toolkit/:/mnt/c/Program Files/Git/cmd:/mnt/c/Users/ivano/.local/bin:/mnt/c/windows/system32:/mnt/c/windows:/mnt/c/windows/System32/Wbem:/mnt/c/windows/System32/WindowsPowerShell/v1.0/:/mnt/c/windows/System32/OpenSSH/:/mnt/c/Program Files/HP/1E.Performance.Assist/Extensibility/NomadBranch:/mnt/c/Program Files/CMake/bin:/mnt/c/Program Files (x86)/Windows Kits/10/Windows Performance Toolkit/:/mnt/c/Program Files/Git/cmd:/mnt/c/vcpkg:/mnt/c/Users/ivano/AppData/Local/Programs/Microsoft VS Code/bin:/mnt/c/Users/ivano/.vscode/extensions/ms-python.debugpy-2026.6.0-win32-x64/bundled/scripts/noConfigScripts:/snap/bin'), ('XDG_RUNTIME_DIR', '/run/user/1000'), ('DISPLAY', ':0'), ('LANG', 'C.UTF-8'), ('LS_COLORS', 'rs=0:di=01;34:ln=01;36:mh=00:pi=40;33:so=01;35:do=01;35:bd=40;33;01:cd=40;33;01:or=40;31;01:mi=00:su=37;41:sg=30;43:ca=30;41:tw=30;42:ow=34;42:st=37;44:ex=01;32:*.tar=01;31:*.tgz=01;31:*.arc=01;31:*.arj=01;31:*.taz=01;31:*.lha=01;31:*.lz4=01;31:*.lzh=01;31:*.lzma=01;31:*.tlz=01;31:*.txz=01;31:*.tzo=01;31:*.t7z=01;31:*.zip=01;31:*.z=01;31:*.dz=01;31:*.gz=01;31:*.lrz=01;31:*.lz=01;31:*.lzo=01;31:*.xz=01;31:*.zst=01;31:*.tzst=01;31:*.bz2=01;31:*.bz=01;31:*.tbz=01;31:*.tbz2=01;31:*.tz=01;31:*.deb=01;31:*.rpm=01;31:*.jar=01;31:*.war=01;31:*.ear=01;31:*.sar=01;31:*.rar=01;31:*.alz=01;31:*.ace=01;31:*.zoo=01;31:*.cpio=01;31:*.7z=01;31:*.rz=01;31:*.cab=01;31:*.wim=01;31:*.swm=01;31:*.dwm=01;31:*.esd=01;31:*.jpg=01;35:*.jpeg=01;35:*.mjpg=01;35:*.mjpeg=01;35:*.gif=01;35:*.bmp=01;35:*.pbm=01;35:*.pgm=01;35:*.ppm=01;35:*.tga=01;35:*.xbm=01;35:*.xpm=01;35:*.tif=01;35:*.tiff=01;35:*.png=01;35:*.svg=01;35:*.svgz=01;35:*.mng=01;35:*.pcx=01;35:*.mov=01;35:*.mpg=01;35:*.mpeg=01;35:*.m2v=01;35:*.mkv=01;35:*.webm=01;35:*.webp=01;35:*.ogm=01;35:*.mp4=01;35:*.m4v=01;35:*.mp4v=01;35:*.vob=01;35:*.qt=01;35:*.nuv=01;35:*.wmv=01;35:*.asf=01;35:*.rm=01;35:*.rmvb=01;35:*.flc=01;35:*.avi=01;35:*.fli=01;35:*.flv=01;35:*.gl=01;35:*.dl=01;35:*.xcf=01;35:*.xwd=01;35:*.yuv=01;35:*.cgm=01;35:*.emf=01;35:*.ogv=01;35:*.ogx=01;35:*.aac=00;36:*.au=00;36:*.flac=00;36:*.m4a=00;36:*.mid=00;36:*.midi=00;36:*.mka=00;36:*.mp3=00;36:*.mpc=00;36:*.ogg=00;36:*.ra=00;36:*.wav=00;36:*.oga=00;36:*.opus=00;36:*.spx=00;36:*.xspf=00;36:'), ('AMENT_PREFIX_PATH', '/mnt/c/work/ubuntu_work/HiveFlight/ros2_ws/install:/opt/ros/humble'), ('SHELL', '/bin/bash'), ('LESSCLOSE', '/usr/bin/lesspipe %s %s'), ('PWD', '/mnt/c/work/ubuntu_work/HiveFlight/ros2_ws/build/hiveflight_interfaces'), ('XDG_DATA_DIRS', '/usr/local/share:/usr/share:/var/lib/snapd/desktop'), ('PYTHONPATH', '/mnt/c/work/ubuntu_work/HiveFlight/ros2_ws/install/local/lib/python3.10/dist-packages:/opt/ros/humble/lib/python3.10/site-packages:/opt/ros/humble/local/lib/python3.10/dist-packages'), ('COLCON', '1'), ('WSL2_GUI_APPS_ENABLED', '1'), ('HOSTTYPE', 'x86_64'), ('CMAKE_PREFIX_PATH', '/mnt/c/work/ubuntu_work/HiveFlight/ros2_ws/install:/opt/ros/humble'), ('WSLENV', '')]), 'shell': False}
[56.705617] (-) TimerEvent: {}
[56.807502] (-) TimerEvent: {}
[56.915620] (-) TimerEvent: {}
[57.023559] (-) TimerEvent: {}
[57.131083] (-) TimerEvent: {}
[57.232688] (-) TimerEvent: {}
[57.334648] (-) TimerEvent: {}
[57.403107] (hiveflight_interfaces) StdoutLine: {'line': b'[  3%] \x1b[34m\x1b[1mGenerating C code for ROS interfaces\x1b[0m\n'}
[57.435037] (-) TimerEvent: {}
[57.536332] (hiveflight_interfaces) StdoutLine: {'line': b'[  6%] \x1b[34m\x1b[1mGenerating Rust code for ROS interfaces\x1b[0m\n'}
[57.539344] (-) TimerEvent: {}
[57.570880] (hiveflight_interfaces) StdoutLine: {'line': b'[  9%] \x1b[34m\x1b[1mGenerating C++ code for ROS interfaces\x1b[0m\n'}
[57.608601] (hiveflight_interfaces) StdoutLine: {'line': b'[  9%] Built target ament_cmake_python_copy_hiveflight_interfaces\n'}
[57.640046] (-) TimerEvent: {}
[57.741334] (-) TimerEvent: {}
[57.842648] (-) TimerEvent: {}
[57.944467] (-) TimerEvent: {}
[58.046193] (-) TimerEvent: {}
[58.153299] (-) TimerEvent: {}
[58.255705] (-) TimerEvent: {}
[58.357736] (-) TimerEvent: {}
[58.408301] (hiveflight_interfaces) StdoutLine: {'line': b'[  9%] Built target hiveflight_interfaces__rs\n'}
[58.458094] (-) TimerEvent: {}
[58.511698] (hiveflight_interfaces) StdoutLine: {'line': b'[  9%] Built target hiveflight_interfaces__cpp\n'}
[58.558504] (-) TimerEvent: {}
[58.624190] (hiveflight_interfaces) StderrLine: {'line': b"gmake[2]: Warning: File 'rosidl_generator_c/hiveflight_interfaces/msg/detail/drone_message__functions.c' has modification time 0.28 s in the future\n"}
[58.641456] (hiveflight_interfaces) StdoutLine: {'line': b'running egg_info\n'}
[58.648296] (hiveflight_interfaces) StdoutLine: {'line': b'creating hiveflight_interfaces.egg-info\n'}
[58.656675] (hiveflight_interfaces) StdoutLine: {'line': b'writing hiveflight_interfaces.egg-info/PKG-INFO\n'}
[58.660419] (-) TimerEvent: {}
[58.679758] (hiveflight_interfaces) StdoutLine: {'line': b'writing dependency_links to hiveflight_interfaces.egg-info/dependency_links.txt\n'}
[58.685519] (hiveflight_interfaces) StdoutLine: {'line': b'[ 12%] \x1b[34m\x1b[1mGenerating C++ type support for eProsima Fast-RTPS\x1b[0m\n'}
[58.705872] (hiveflight_interfaces) StdoutLine: {'line': b'writing top-level names to hiveflight_interfaces.egg-info/top_level.txt\n'}
[58.724639] (hiveflight_interfaces) StdoutLine: {'line': b"writing manifest file 'hiveflight_interfaces.egg-info/SOURCES.txt'\n"}
[58.742858] (hiveflight_interfaces) StdoutLine: {'line': b'[ 18%] \x1b[32mBuilding C object CMakeFiles/hiveflight_interfaces__rosidl_generator_c.dir/rosidl_generator_c/hiveflight_interfaces/msg/detail/drone_message__functions.c.o\x1b[0m\n'}
[58.751957] (hiveflight_interfaces) StdoutLine: {'line': b'[ 21%] \x1b[34m\x1b[1mGenerating C++ type support dispatch for ROS interfaces\x1b[0m\n'}
[58.757440] (hiveflight_interfaces) StdoutLine: {'line': b'[ 21%] \x1b[34m\x1b[1mGenerating C++ introspection for ROS interfaces\x1b[0m\n'}
[58.760940] (-) TimerEvent: {}
[58.791236] (hiveflight_interfaces) StdoutLine: {'line': b"reading manifest file 'hiveflight_interfaces.egg-info/SOURCES.txt'\n"}
[58.863354] (hiveflight_interfaces) StdoutLine: {'line': b"writing manifest file 'hiveflight_interfaces.egg-info/SOURCES.txt'\n"}
[58.866394] (-) TimerEvent: {}
[58.974580] (-) TimerEvent: {}
[59.056048] (hiveflight_interfaces) StdoutLine: {'line': b'[ 21%] Built target ament_cmake_python_build_hiveflight_interfaces_egg\n'}
[59.075003] (-) TimerEvent: {}
[59.183108] (-) TimerEvent: {}
[59.291866] (-) TimerEvent: {}
[59.400189] (-) TimerEvent: {}
[59.508215] (-) TimerEvent: {}
[59.531336] (hiveflight_interfaces) StdoutLine: {'line': b'[ 25%] \x1b[32m\x1b[1mLinking C shared library libhiveflight_interfaces__rosidl_generator_c.so\x1b[0m\n'}
[59.566211] (hiveflight_interfaces) StderrLine: {'line': b"gmake[2]: Warning: File 'rosidl_typesupport_cpp/hiveflight_interfaces/msg/drone_message__type_support.cpp' has modification time 0.29 s in the future\n"}
[59.610972] (-) TimerEvent: {}
[59.707342] (hiveflight_interfaces) StderrLine: {'line': b"gmake[2]: Warning: File 'rosidl_typesupport_introspection_cpp/hiveflight_interfaces/msg/detail/drone_message__type_support.cpp' has modification time 0.32 s in the future\n"}
[59.713872] (-) TimerEvent: {}
[59.781761] (hiveflight_interfaces) StdoutLine: {'line': b'[ 28%] \x1b[32mBuilding CXX object CMakeFiles/hiveflight_interfaces__rosidl_typesupport_cpp.dir/rosidl_typesupport_cpp/hiveflight_interfaces/msg/drone_message__type_support.cpp.o\x1b[0m\n'}
[59.811652] (hiveflight_interfaces) StderrLine: {'line': b"gmake[2]: Warning: File 'rosidl_typesupport_fastrtps_cpp/hiveflight_interfaces/msg/detail/dds_fastrtps/drone_message__type_support.cpp' has modification time 0.082 s in the future\n"}
[59.816136] (-) TimerEvent: {}
[59.869191] (hiveflight_interfaces) StdoutLine: {'line': b'[ 31%] \x1b[32mBuilding CXX object CMakeFiles/hiveflight_interfaces__rosidl_typesupport_introspection_cpp.dir/rosidl_typesupport_introspection_cpp/hiveflight_interfaces/msg/detail/drone_message__type_support.cpp.o\x1b[0m\n'}
[59.887330] (hiveflight_interfaces) StdoutLine: {'line': b'[ 34%] \x1b[32mBuilding CXX object CMakeFiles/hiveflight_interfaces__rosidl_typesupport_fastrtps_cpp.dir/rosidl_typesupport_fastrtps_cpp/hiveflight_interfaces/msg/detail/dds_fastrtps/drone_message__type_support.cpp.o\x1b[0m\n'}
[59.918105] (-) TimerEvent: {}
[60.025953] (-) TimerEvent: {}
[60.133790] (-) TimerEvent: {}
[60.242581] (-) TimerEvent: {}
[60.330051] (hiveflight_interfaces) StderrLine: {'line': b'gmake[2]: warning:  Clock skew detected.  Your build may be incomplete.\n'}
[60.343400] (-) TimerEvent: {}
[60.445241] (-) TimerEvent: {}
[60.488940] (hiveflight_interfaces) StdoutLine: {'line': b'[ 34%] Built target hiveflight_interfaces__rosidl_generator_c\n'}
[60.545596] (-) TimerEvent: {}
[60.634237] (hiveflight_interfaces) StdoutLine: {'line': b'[ 40%] \x1b[34m\x1b[1mGenerating C type support dispatch for ROS interfaces\x1b[0m\n'}
[60.642504] (hiveflight_interfaces) StdoutLine: {'line': b'[ 40%] \x1b[34m\x1b[1mGenerating C introspection for ROS interfaces\x1b[0m\n'}
[60.646605] (-) TimerEvent: {}
[60.688244] (hiveflight_interfaces) StdoutLine: {'line': b'[ 43%] \x1b[34m\x1b[1mGenerating C type support for eProsima Fast-RTPS\x1b[0m\n'}
[60.748602] (-) TimerEvent: {}
[60.856711] (-) TimerEvent: {}
[60.964883] (-) TimerEvent: {}
[61.070063] (-) TimerEvent: {}
[61.178093] (-) TimerEvent: {}
[61.246876] (hiveflight_interfaces) StdoutLine: {'line': b'[ 46%] \x1b[32m\x1b[1mLinking CXX shared library libhiveflight_interfaces__rosidl_typesupport_cpp.so\x1b[0m\n'}
[61.280178] (-) TimerEvent: {}
[61.393495] (-) TimerEvent: {}
[61.496357] (-) TimerEvent: {}
[61.509351] (hiveflight_interfaces) StderrLine: {'line': b"gmake[2]: Warning: File 'rosidl_typesupport_c/hiveflight_interfaces/msg/drone_message__type_support.cpp' has modification time 0.13 s in the future\n"}
[61.596899] (-) TimerEvent: {}
[61.608250] (hiveflight_interfaces) StdoutLine: {'line': b'[ 50%] \x1b[32mBuilding CXX object CMakeFiles/hiveflight_interfaces__rosidl_typesupport_c.dir/rosidl_typesupport_c/hiveflight_interfaces/msg/drone_message__type_support.cpp.o\x1b[0m\n'}
[61.653265] (hiveflight_interfaces) StderrLine: {'line': b"gmake[2]: Warning: File 'rosidl_typesupport_introspection_c/hiveflight_interfaces/msg/detail/drone_message__type_support.c' has modification time 0.19 s in the future\n"}
[61.697204] (-) TimerEvent: {}
[61.760184] (hiveflight_interfaces) StderrLine: {'line': b"gmake[2]: Warning: File 'rosidl_typesupport_fastrtps_c/hiveflight_interfaces/msg/detail/drone_message__type_support_c.cpp' has modification time 0.22 s in the future\n"}
[61.799626] (-) TimerEvent: {}
[61.813067] (hiveflight_interfaces) StdoutLine: {'line': b'[ 53%] \x1b[32mBuilding C object CMakeFiles/hiveflight_interfaces__rosidl_typesupport_introspection_c.dir/rosidl_typesupport_introspection_c/hiveflight_interfaces/msg/detail/drone_message__type_support.c.o\x1b[0m\n'}
[61.900171] (-) TimerEvent: {}
[61.920165] (hiveflight_interfaces) StdoutLine: {'line': b'[ 56%] \x1b[32mBuilding CXX object CMakeFiles/hiveflight_interfaces__rosidl_typesupport_fastrtps_c.dir/rosidl_typesupport_fastrtps_c/hiveflight_interfaces/msg/detail/drone_message__type_support_c.cpp.o\x1b[0m\n'}
[62.001487] (-) TimerEvent: {}
[62.072977] (hiveflight_interfaces) StderrLine: {'line': b'gmake[2]: warning:  Clock skew detected.  Your build may be incomplete.\n'}
[62.101888] (-) TimerEvent: {}
[62.176449] (hiveflight_interfaces) StdoutLine: {'line': b'[ 59%] \x1b[32m\x1b[1mLinking CXX shared library libhiveflight_interfaces__rosidl_typesupport_introspection_cpp.so\x1b[0m\n'}
[62.202240] (-) TimerEvent: {}
[62.239817] (hiveflight_interfaces) StdoutLine: {'line': b'[ 59%] Built target hiveflight_interfaces__rosidl_typesupport_cpp\n'}
[62.264308] (hiveflight_interfaces) StdoutLine: {'line': b'[ 62%] \x1b[32m\x1b[1mLinking CXX shared library libhiveflight_interfaces__rosidl_typesupport_c.so\x1b[0m\n'}
[62.304495] (-) TimerEvent: {}
[62.406337] (-) TimerEvent: {}
[62.509632] (-) TimerEvent: {}
[62.523564] (hiveflight_interfaces) StdoutLine: {'line': b'[ 65%] \x1b[32m\x1b[1mLinking CXX shared library libhiveflight_interfaces__rosidl_typesupport_fastrtps_cpp.so\x1b[0m\n'}
[62.610109] (-) TimerEvent: {}
[62.719328] (-) TimerEvent: {}
[62.828040] (-) TimerEvent: {}
[62.905012] (hiveflight_interfaces) StdoutLine: {'line': b'[ 68%] \x1b[32m\x1b[1mLinking C shared library libhiveflight_interfaces__rosidl_typesupport_introspection_c.so\x1b[0m\n'}
[62.928868] (-) TimerEvent: {}
[63.030970] (-) TimerEvent: {}
[63.033005] (hiveflight_interfaces) StderrLine: {'line': b'gmake[2]: warning:  Clock skew detected.  Your build may be incomplete.\n'}
[63.044283] (hiveflight_interfaces) StderrLine: {'line': b'gmake[2]: warning:  Clock skew detected.  Your build may be incomplete.\n'}
[63.131111] (hiveflight_interfaces) StdoutLine: {'line': b'[ 68%] Built target hiveflight_interfaces__rosidl_typesupport_c\n'}
[63.135222] (-) TimerEvent: {}
[63.141846] (hiveflight_interfaces) StdoutLine: {'line': b'[ 68%] Built target hiveflight_interfaces__rosidl_typesupport_introspection_cpp\n'}
[63.239016] (-) TimerEvent: {}
[63.347698] (-) TimerEvent: {}
[63.382585] (hiveflight_interfaces) StderrLine: {'line': b'gmake[2]: warning:  Clock skew detected.  Your build may be incomplete.\n'}
[63.452554] (-) TimerEvent: {}
[63.494213] (hiveflight_interfaces) StdoutLine: {'line': b'[ 68%] Built target hiveflight_interfaces__rosidl_typesupport_fastrtps_cpp\n'}
[63.557040] (-) TimerEvent: {}
[63.666146] (-) TimerEvent: {}
[63.692793] (hiveflight_interfaces) StderrLine: {'line': b'gmake[2]: warning:  Clock skew detected.  Your build may be incomplete.\n'}
[63.770677] (-) TimerEvent: {}
[63.840147] (hiveflight_interfaces) StdoutLine: {'line': b'[ 68%] Built target hiveflight_interfaces__rosidl_typesupport_introspection_c\n'}
[63.871395] (-) TimerEvent: {}
[63.974979] (-) TimerEvent: {}
[64.080487] (-) TimerEvent: {}
[64.189216] (-) TimerEvent: {}
[64.255388] (hiveflight_interfaces) StdoutLine: {'line': b'[ 71%] \x1b[32m\x1b[1mLinking CXX shared library libhiveflight_interfaces__rosidl_typesupport_fastrtps_c.so\x1b[0m\n'}
[64.289755] (-) TimerEvent: {}
[64.398336] (-) TimerEvent: {}
[64.506931] (-) TimerEvent: {}
[64.615626] (-) TimerEvent: {}
[64.724261] (-) TimerEvent: {}
[64.832776] (-) TimerEvent: {}
[64.906432] (hiveflight_interfaces) StderrLine: {'line': b'gmake[2]: warning:  Clock skew detected.  Your build may be incomplete.\n'}
[64.933154] (-) TimerEvent: {}
[65.041653] (-) TimerEvent: {}
[65.100738] (hiveflight_interfaces) StdoutLine: {'line': b'[ 71%] Built target hiveflight_interfaces__rosidl_typesupport_fastrtps_c\n'}
[65.141925] (-) TimerEvent: {}
[65.250307] (-) TimerEvent: {}
[65.359493] (-) TimerEvent: {}
[65.468534] (-) TimerEvent: {}
[65.535813] (hiveflight_interfaces) StdoutLine: {'line': b'[ 71%] Built target hiveflight_interfaces\n'}
[65.569084] (-) TimerEvent: {}
[65.677851] (-) TimerEvent: {}
[65.785375] (-) TimerEvent: {}
[65.893963] (-) TimerEvent: {}
[65.981945] (hiveflight_interfaces) StdoutLine: {'line': b'[ 75%] \x1b[34m\x1b[1mGenerating Python code for ROS interfaces\x1b[0m\n'}
[65.994336] (-) TimerEvent: {}
[66.102368] (-) TimerEvent: {}
[66.209865] (-) TimerEvent: {}
[66.317299] (-) TimerEvent: {}
[66.425119] (-) TimerEvent: {}
[66.533359] (-) TimerEvent: {}
[66.641956] (-) TimerEvent: {}
[66.749398] (-) TimerEvent: {}
[66.879051] (-) TimerEvent: {}
[66.907722] (hiveflight_interfaces) StdoutLine: {'line': b'[ 75%] Built target hiveflight_interfaces__py\n'}
[66.982148] (-) TimerEvent: {}
[67.090585] (-) TimerEvent: {}
[67.192528] (-) TimerEvent: {}
[67.294045] (-) TimerEvent: {}
[67.377929] (hiveflight_interfaces) StdoutLine: {'line': b'[ 78%] \x1b[32mBuilding C object CMakeFiles/hiveflight_interfaces__rosidl_generator_py.dir/rosidl_generator_py/hiveflight_interfaces/msg/_drone_message_s.c.o\x1b[0m\n'}
[67.394306] (-) TimerEvent: {}
[67.501547] (-) TimerEvent: {}
[67.610042] (-) TimerEvent: {}
[67.718568] (-) TimerEvent: {}
[67.827181] (-) TimerEvent: {}
[67.934808] (-) TimerEvent: {}
[68.042868] (-) TimerEvent: {}
[68.151579] (-) TimerEvent: {}
[68.260079] (-) TimerEvent: {}
[68.368764] (-) TimerEvent: {}
[68.422308] (hiveflight_interfaces) StdoutLine: {'line': b'[ 81%] \x1b[32m\x1b[1mLinking C shared library rosidl_generator_py/hiveflight_interfaces/libhiveflight_interfaces__rosidl_generator_py.so\x1b[0m\n'}
[68.469365] (-) TimerEvent: {}
[68.571528] (-) TimerEvent: {}
[68.673078] (-) TimerEvent: {}
[68.774621] (-) TimerEvent: {}
[68.876517] (-) TimerEvent: {}
[68.977810] (-) TimerEvent: {}
[69.079461] (-) TimerEvent: {}
[69.180962] (-) TimerEvent: {}
[69.282956] (-) TimerEvent: {}
[69.373272] (hiveflight_interfaces) StdoutLine: {'line': b'[ 81%] Built target hiveflight_interfaces__rosidl_generator_py\n'}
[69.383303] (-) TimerEvent: {}
[69.486043] (-) TimerEvent: {}
[69.587973] (-) TimerEvent: {}
[69.664926] (hiveflight_interfaces) StdoutLine: {'line': b'[ 84%] \x1b[32mBuilding C object CMakeFiles/hiveflight_interfaces__rosidl_typesupport_introspection_c__pyext.dir/rosidl_generator_py/hiveflight_interfaces/_hiveflight_interfaces_s.ep.rosidl_typesupport_introspection_c.c.o\x1b[0m\n'}
[69.705756] (-) TimerEvent: {}
[69.728430] (hiveflight_interfaces) StdoutLine: {'line': b'[ 87%] \x1b[32mBuilding C object CMakeFiles/hiveflight_interfaces__rosidl_typesupport_c__pyext.dir/rosidl_generator_py/hiveflight_interfaces/_hiveflight_interfaces_s.ep.rosidl_typesupport_c.c.o\x1b[0m\n'}
[69.784579] (hiveflight_interfaces) StdoutLine: {'line': b'[ 90%] \x1b[32mBuilding C object CMakeFiles/hiveflight_interfaces__rosidl_typesupport_fastrtps_c__pyext.dir/rosidl_generator_py/hiveflight_interfaces/_hiveflight_interfaces_s.ep.rosidl_typesupport_fastrtps_c.c.o\x1b[0m\n'}
[69.806111] (-) TimerEvent: {}
[69.907647] (-) TimerEvent: {}
[70.009497] (-) TimerEvent: {}
[70.111070] (-) TimerEvent: {}
[70.213074] (-) TimerEvent: {}
[70.314552] (-) TimerEvent: {}
[70.416316] (-) TimerEvent: {}
[70.517928] (-) TimerEvent: {}
[70.619723] (-) TimerEvent: {}
[70.722676] (-) TimerEvent: {}
[70.824485] (-) TimerEvent: {}
[70.926617] (-) TimerEvent: {}
[71.006871] (hiveflight_interfaces) StdoutLine: {'line': b'[ 93%] \x1b[32m\x1b[1mLinking C shared library rosidl_generator_py/hiveflight_interfaces/hiveflight_interfaces_s__rosidl_typesupport_c.cpython-310-x86_64-linux-gnu.so\x1b[0m\n'}
[71.027990] (-) TimerEvent: {}
[71.092343] (hiveflight_interfaces) StdoutLine: {'line': b'[ 96%] \x1b[32m\x1b[1mLinking C shared library rosidl_generator_py/hiveflight_interfaces/hiveflight_interfaces_s__rosidl_typesupport_introspection_c.cpython-310-x86_64-linux-gnu.so\x1b[0m\n'}
[71.128456] (-) TimerEvent: {}
[71.209994] (hiveflight_interfaces) StdoutLine: {'line': b'[100%] \x1b[32m\x1b[1mLinking C shared library rosidl_generator_py/hiveflight_interfaces/hiveflight_interfaces_s__rosidl_typesupport_fastrtps_c.cpython-310-x86_64-linux-gnu.so\x1b[0m\n'}
[71.228912] (-) TimerEvent: {}
[71.330173] (-) TimerEvent: {}
[71.432454] (-) TimerEvent: {}
[71.534058] (-) TimerEvent: {}
[71.635757] (-) TimerEvent: {}
[71.743575] (-) TimerEvent: {}
[71.845093] (-) TimerEvent: {}
[71.910283] (hiveflight_interfaces) StdoutLine: {'line': b'[100%] Built target hiveflight_interfaces__rosidl_typesupport_c__pyext\n'}
[71.945312] (-) TimerEvent: {}
[72.026644] (hiveflight_interfaces) StdoutLine: {'line': b'[100%] Built target hiveflight_interfaces__rosidl_typesupport_introspection_c__pyext\n'}
[72.045558] (-) TimerEvent: {}
[72.152905] (-) TimerEvent: {}
[72.257651] (-) TimerEvent: {}
[72.318370] (hiveflight_interfaces) StdoutLine: {'line': b'[100%] Built target hiveflight_interfaces__rosidl_typesupport_fastrtps_c__pyext\n'}
[72.357927] (-) TimerEvent: {}
[72.463715] (-) TimerEvent: {}
[72.572327] (-) TimerEvent: {}
[72.680512] (-) TimerEvent: {}
[72.689104] (hiveflight_interfaces) CommandEnded: {'returncode': 0}
[72.739320] (hiveflight_interfaces) JobProgress: {'identifier': 'hiveflight_interfaces', 'progress': 'install'}
[72.782420] (-) TimerEvent: {}
[72.843632] (hiveflight_interfaces) Command: {'cmd': ['/usr/bin/cmake', '--install', '/mnt/c/work/ubuntu_work/HiveFlight/ros2_ws/build/hiveflight_interfaces'], 'cwd': '/mnt/c/work/ubuntu_work/HiveFlight/ros2_ws/build/hiveflight_interfaces', 'env': OrderedDict([('LESSOPEN', '| /usr/bin/lesspipe %s'), ('USER', 'ivano'), ('SHLVL', '2'), ('LD_LIBRARY_PATH', '/mnt/c/work/ubuntu_work/HiveFlight/ros2_ws/install/lib:/usr/lib/x86_64-linux-gnu/gazebo-11/plugins:/opt/ros/humble/opt/rviz_ogre_vendor/lib:/opt/ros/humble/lib/x86_64-linux-gnu:/opt/ros/humble/lib'), ('HOME', '/home/ivano'), ('OLDPWD', '/mnt/c/work/ubuntu_work/HiveFlight'), ('ROS_PYTHON_VERSION', '3'), ('DBUS_SESSION_BUS_ADDRESS', 'unix:path=/run/user/1000/bus'), ('WSL_DISTRO_NAME', 'Ubuntu-22.04'), ('WAYLAND_DISPLAY', 'wayland-0'), ('COLCON_PREFIX_PATH', '/mnt/c/work/ubuntu_work/HiveFlight/ros2_ws/install'), ('ROS_DISTRO', 'humble'), ('LOGNAME', 'ivano'), ('NAME', 'LAPTOP-7K9MEH4D'), ('WSL_INTEROP', '/run/WSL/327_interop'), ('PULSE_SERVER', 'unix:/mnt/wslg/PulseServer'), ('_', '/usr/bin/colcon'), ('ROS_VERSION', '2'), ('TERM', 'xterm-256color'), ('ROS_LOCALHOST_ONLY', '0'), ('PATH', '/opt/ros/humble/bin:/usr/local/sbin:/usr/local/bin:/usr/sbin:/usr/bin:/sbin:/bin:/usr/games:/usr/local/games:/usr/lib/wsl/lib:/mnt/c/Users/ivano/AppData/Roaming/Code/User/globalStorage/github.copilot-chat/debugCommand:/mnt/c/Users/ivano/AppData/Roaming/Code/User/globalStorage/github.copilot-chat/copilotCli:/mnt/c/Users/ivano/.codegpt/bin:/mnt/c/windows/system32:/mnt/c/windows:/mnt/c/windows/System32/Wbem:/mnt/c/windows/System32/WindowsPowerShell/v1.0/:/mnt/c/windows/System32/OpenSSH/:/mnt/c/Program Files/HP/1E.Performance.Assist/Extensibility/NomadBranch:/mnt/c/Program Files/CMake/bin:/mnt/c/Program Files (x86)/Windows Kits/10/Windows Performance Toolkit/:/mnt/c/Program Files/Git/cmd:/mnt/c/Users/ivano/.local/bin:/mnt/c/windows/system32:/mnt/c/windows:/mnt/c/windows/System32/Wbem:/mnt/c/windows/System32/WindowsPowerShell/v1.0/:/mnt/c/windows/System32/OpenSSH/:/mnt/c/Program Files/HP/1E.Performance.Assist/Extensibility/NomadBranch:/mnt/c/Program Files/CMake/bin:/mnt/c/Program Files (x86)/Windows Kits/10/Windows Performance Toolkit/:/mnt/c/Program Files/Git/cmd:/mnt/c/vcpkg:/mnt/c/Users/ivano/AppData/Local/Programs/Microsoft VS Code/bin:/mnt/c/Users/ivano/.vscode/extensions/ms-python.debugpy-2026.6.0-win32-x64/bundled/scripts/noConfigScripts:/snap/bin'), ('XDG_RUNTIME_DIR', '/run/user/1000'), ('DISPLAY', ':0'), ('LANG', 'C.UTF-8'), ('LS_COLORS', 'rs=0:di=01;34:ln=01;36:mh=00:pi=40;33:so=01;35:do=01;35:bd=40;33;01:cd=40;33;01:or=40;31;01:mi=00:su=37;41:sg=30;43:ca=30;41:tw=30;42:ow=34;42:st=37;44:ex=01;32:*.tar=01;31:*.tgz=01;31:*.arc=01;31:*.arj=01;31:*.taz=01;31:*.lha=01;31:*.lz4=01;31:*.lzh=01;31:*.lzma=01;31:*.tlz=01;31:*.txz=01;31:*.tzo=01;31:*.t7z=01;31:*.zip=01;31:*.z=01;31:*.dz=01;31:*.gz=01;31:*.lrz=01;31:*.lz=01;31:*.lzo=01;31:*.xz=01;31:*.zst=01;31:*.tzst=01;31:*.bz2=01;31:*.bz=01;31:*.tbz=01;31:*.tbz2=01;31:*.tz=01;31:*.deb=01;31:*.rpm=01;31:*.jar=01;31:*.war=01;31:*.ear=01;31:*.sar=01;31:*.rar=01;31:*.alz=01;31:*.ace=01;31:*.zoo=01;31:*.cpio=01;31:*.7z=01;31:*.rz=01;31:*.cab=01;31:*.wim=01;31:*.swm=01;31:*.dwm=01;31:*.esd=01;31:*.jpg=01;35:*.jpeg=01;35:*.mjpg=01;35:*.mjpeg=01;35:*.gif=01;35:*.bmp=01;35:*.pbm=01;35:*.pgm=01;35:*.ppm=01;35:*.tga=01;35:*.xbm=01;35:*.xpm=01;35:*.tif=01;35:*.tiff=01;35:*.png=01;35:*.svg=01;35:*.svgz=01;35:*.mng=01;35:*.pcx=01;35:*.mov=01;35:*.mpg=01;35:*.mpeg=01;35:*.m2v=01;35:*.mkv=01;35:*.webm=01;35:*.webp=01;35:*.ogm=01;35:*.mp4=01;35:*.m4v=01;35:*.mp4v=01;35:*.vob=01;35:*.qt=01;35:*.nuv=01;35:*.wmv=01;35:*.asf=01;35:*.rm=01;35:*.rmvb=01;35:*.flc=01;35:*.avi=01;35:*.fli=01;35:*.flv=01;35:*.gl=01;35:*.dl=01;35:*.xcf=01;35:*.xwd=01;35:*.yuv=01;35:*.cgm=01;35:*.emf=01;35:*.ogv=01;35:*.ogx=01;35:*.aac=00;36:*.au=00;36:*.flac=00;36:*.m4a=00;36:*.mid=00;36:*.midi=00;36:*.mka=00;36:*.mp3=00;36:*.mpc=00;36:*.ogg=00;36:*.ra=00;36:*.wav=00;36:*.oga=00;36:*.opus=00;36:*.spx=00;36:*.xspf=00;36:'), ('AMENT_PREFIX_PATH', '/mnt/c/work/ubuntu_work/HiveFlight/ros2_ws/install:/opt/ros/humble'), ('SHELL', '/bin/bash'), ('LESSCLOSE', '/usr/bin/lesspipe %s %s'), ('PWD', '/mnt/c/work/ubuntu_work/HiveFlight/ros2_ws/build/hiveflight_interfaces'), ('XDG_DATA_DIRS', '/usr/local/share:/usr/share:/var/lib/snapd/desktop'), ('PYTHONPATH', '/mnt/c/work/ubuntu_work/HiveFlight/ros2_ws/install/local/lib/python3.10/dist-packages:/opt/ros/humble/lib/python3.10/site-packages:/opt/ros/humble/local/lib/python3.10/dist-packages'), ('COLCON', '1'), ('WSL2_GUI_APPS_ENABLED', '1'), ('HOSTTYPE', 'x86_64'), ('CMAKE_PREFIX_PATH', '/mnt/c/work/ubuntu_work/HiveFlight/ros2_ws/install:/opt/ros/humble'), ('WSLENV', '')]), 'shell': False}
[72.882733] (-) TimerEvent: {}
[72.912240] (hiveflight_interfaces) StdoutLine: {'line': b'-- Install configuration: ""\n'}
[72.987387] (-) TimerEvent: {}
[73.004727] (hiveflight_interfaces) StdoutLine: {'line': b'-- Installing: /mnt/c/work/ubuntu_work/HiveFlight/ros2_ws/install/share/ament_index/resource_index/rosidl_interfaces/hiveflight_interfaces\n'}
[73.092807] (-) TimerEvent: {}
[73.185767] (hiveflight_interfaces) StdoutLine: {'line': b'-- Installing: /mnt/c/work/ubuntu_work/HiveFlight/ros2_ws/install/include/hiveflight_interfaces/hiveflight_interfaces\n'}
[73.193256] (-) TimerEvent: {}
[73.237126] (hiveflight_interfaces) StdoutLine: {'line': b'-- Installing: /mnt/c/work/ubuntu_work/HiveFlight/ros2_ws/install/include/hiveflight_interfaces/hiveflight_interfaces/msg\n'}
[73.297046] (-) TimerEvent: {}
[73.300428] (hiveflight_interfaces) StdoutLine: {'line': b'-- Installing: /mnt/c/work/ubuntu_work/HiveFlight/ros2_ws/install/include/hiveflight_interfaces/hiveflight_interfaces/msg/detail\n'}
[73.403084] (hiveflight_interfaces) StdoutLine: {'line': b'-- Installing: /mnt/c/work/ubuntu_work/HiveFlight/ros2_ws/install/include/hiveflight_interfaces/hiveflight_interfaces/msg/detail/drone_message__functions.c\n'}
[73.405905] (-) TimerEvent: {}
[73.513654] (-) TimerEvent: {}
[73.621495] (-) TimerEvent: {}
[73.624992] (hiveflight_interfaces) StdoutLine: {'line': b'-- Installing: /mnt/c/work/ubuntu_work/HiveFlight/ros2_ws/install/include/hiveflight_interfaces/hiveflight_interfaces/msg/detail/drone_message__functions.h\n'}
[73.727832] (-) TimerEvent: {}
[73.835935] (-) TimerEvent: {}
[73.857334] (hiveflight_interfaces) StdoutLine: {'line': b'-- Installing: /mnt/c/work/ubuntu_work/HiveFlight/ros2_ws/install/include/hiveflight_interfaces/hiveflight_interfaces/msg/detail/drone_message__struct.h\n'}
[73.941105] (-) TimerEvent: {}
[74.048844] (-) TimerEvent: {}
[74.143276] (hiveflight_interfaces) StdoutLine: {'line': b'-- Installing: /mnt/c/work/ubuntu_work/HiveFlight/ros2_ws/install/include/hiveflight_interfaces/hiveflight_interfaces/msg/detail/drone_message__type_support.h\n'}
[74.149129] (-) TimerEvent: {}
[74.256893] (-) TimerEvent: {}
[74.364922] (-) TimerEvent: {}
[74.404158] (hiveflight_interfaces) StdoutLine: {'line': b'-- Installing: /mnt/c/work/ubuntu_work/HiveFlight/ros2_ws/install/include/hiveflight_interfaces/hiveflight_interfaces/msg/drone_message.h\n'}
[74.468965] (-) TimerEvent: {}
[74.577467] (-) TimerEvent: {}
[74.587702] (hiveflight_interfaces) StdoutLine: {'line': b'-- Installing: /mnt/c/work/ubuntu_work/HiveFlight/ros2_ws/install/include/hiveflight_interfaces/hiveflight_interfaces/msg/rosidl_generator_c__visibility_control.h\n'}
[74.683415] (-) TimerEvent: {}
[74.791556] (-) TimerEvent: {}
[74.796890] (hiveflight_interfaces) StdoutLine: {'line': b'-- Installing: /mnt/c/work/ubuntu_work/HiveFlight/ros2_ws/install/share/hiveflight_interfaces/environment/library_path.sh\n'}
[74.897857] (-) TimerEvent: {}
[74.915600] (hiveflight_interfaces) StdoutLine: {'line': b'-- Installing: /mnt/c/work/ubuntu_work/HiveFlight/ros2_ws/install/share/hiveflight_interfaces/environment/library_path.dsv\n'}
[75.001226] (-) TimerEvent: {}
[75.103019] (-) TimerEvent: {}
[75.135972] (hiveflight_interfaces) StdoutLine: {'line': b'-- Installing: /mnt/c/work/ubuntu_work/HiveFlight/ros2_ws/install/lib/libhiveflight_interfaces__rosidl_generator_c.so\n'}
[75.203623] (-) TimerEvent: {}
[75.305012] (-) TimerEvent: {}
[75.346938] (hiveflight_interfaces) StdoutLine: {'line': b'-- Set runtime path of "/mnt/c/work/ubuntu_work/HiveFlight/ros2_ws/install/lib/libhiveflight_interfaces__rosidl_generator_c.so" to ""\n'}
[75.371850] (hiveflight_interfaces) StdoutLine: {'line': b'-- Up-to-date: /mnt/c/work/ubuntu_work/HiveFlight/ros2_ws/install/include/hiveflight_interfaces/hiveflight_interfaces\n'}
[75.405597] (-) TimerEvent: {}
[75.427923] (hiveflight_interfaces) StdoutLine: {'line': b'-- Up-to-date: /mnt/c/work/ubuntu_work/HiveFlight/ros2_ws/install/include/hiveflight_interfaces/hiveflight_interfaces/msg\n'}
[75.493186] (hiveflight_interfaces) StdoutLine: {'line': b'-- Up-to-date: /mnt/c/work/ubuntu_work/HiveFlight/ros2_ws/install/include/hiveflight_interfaces/hiveflight_interfaces/msg/detail\n'}
[75.505893] (-) TimerEvent: {}
[75.578073] (hiveflight_interfaces) StdoutLine: {'line': b'-- Installing: /mnt/c/work/ubuntu_work/HiveFlight/ros2_ws/install/include/hiveflight_interfaces/hiveflight_interfaces/msg/detail/drone_message__rosidl_typesupport_fastrtps_c.h\n'}
[75.608082] (-) TimerEvent: {}
[75.718469] (-) TimerEvent: {}
[75.815906] (hiveflight_interfaces) StdoutLine: {'line': b'-- Installing: /mnt/c/work/ubuntu_work/HiveFlight/ros2_ws/install/include/hiveflight_interfaces/hiveflight_interfaces/msg/rosidl_typesupport_fastrtps_c__visibility_control.h\n'}
[75.818644] (-) TimerEvent: {}
[75.926089] (-) TimerEvent: {}
[76.033666] (-) TimerEvent: {}
[76.063481] (hiveflight_interfaces) StdoutLine: {'line': b'-- Installing: /mnt/c/work/ubuntu_work/HiveFlight/ros2_ws/install/lib/libhiveflight_interfaces__rosidl_typesupport_fastrtps_c.so\n'}
[76.138241] (-) TimerEvent: {}
[76.245943] (-) TimerEvent: {}
[76.302781] (hiveflight_interfaces) StdoutLine: {'line': b'-- Set runtime path of "/mnt/c/work/ubuntu_work/HiveFlight/ros2_ws/install/lib/libhiveflight_interfaces__rosidl_typesupport_fastrtps_c.so" to ""\n'}
[76.325492] (hiveflight_interfaces) StdoutLine: {'line': b'-- Up-to-date: /mnt/c/work/ubuntu_work/HiveFlight/ros2_ws/install/include/hiveflight_interfaces/hiveflight_interfaces\n'}
[76.347401] (-) TimerEvent: {}
[76.384890] (hiveflight_interfaces) StdoutLine: {'line': b'-- Up-to-date: /mnt/c/work/ubuntu_work/HiveFlight/ros2_ws/install/include/hiveflight_interfaces/hiveflight_interfaces/msg\n'}
[76.451556] (-) TimerEvent: {}
[76.456823] (hiveflight_interfaces) StdoutLine: {'line': b'-- Up-to-date: /mnt/c/work/ubuntu_work/HiveFlight/ros2_ws/install/include/hiveflight_interfaces/hiveflight_interfaces/msg/detail\n'}
[76.550265] (hiveflight_interfaces) StdoutLine: {'line': b'-- Installing: /mnt/c/work/ubuntu_work/HiveFlight/ros2_ws/install/include/hiveflight_interfaces/hiveflight_interfaces/msg/detail/drone_message__builder.hpp\n'}
[76.552863] (-) TimerEvent: {}
[76.660441] (-) TimerEvent: {}
[76.768084] (-) TimerEvent: {}
[76.785032] (hiveflight_interfaces) StdoutLine: {'line': b'-- Installing: /mnt/c/work/ubuntu_work/HiveFlight/ros2_ws/install/include/hiveflight_interfaces/hiveflight_interfaces/msg/detail/drone_message__struct.hpp\n'}
[76.872236] (-) TimerEvent: {}
[76.979942] (-) TimerEvent: {}
[77.003706] (hiveflight_interfaces) StdoutLine: {'line': b'-- Installing: /mnt/c/work/ubuntu_work/HiveFlight/ros2_ws/install/include/hiveflight_interfaces/hiveflight_interfaces/msg/detail/drone_message__traits.hpp\n'}
[77.084956] (-) TimerEvent: {}
[77.192575] (-) TimerEvent: {}
[77.247988] (hiveflight_interfaces) StdoutLine: {'line': b'-- Installing: /mnt/c/work/ubuntu_work/HiveFlight/ros2_ws/install/include/hiveflight_interfaces/hiveflight_interfaces/msg/detail/drone_message__type_support.hpp\n'}
[77.295611] (-) TimerEvent: {}
[77.403875] (-) TimerEvent: {}
[77.466822] (hiveflight_interfaces) StdoutLine: {'line': b'-- Installing: /mnt/c/work/ubuntu_work/HiveFlight/ros2_ws/install/include/hiveflight_interfaces/hiveflight_interfaces/msg/drone_message.hpp\n'}
[77.506383] (-) TimerEvent: {}
[77.614363] (-) TimerEvent: {}
[77.647355] (hiveflight_interfaces) StdoutLine: {'line': b'-- Installing: /mnt/c/work/ubuntu_work/HiveFlight/ros2_ws/install/include/hiveflight_interfaces/hiveflight_interfaces/msg/rosidl_generator_cpp__visibility_control.hpp\n'}
[77.718837] (-) TimerEvent: {}
[77.825946] (hiveflight_interfaces) StdoutLine: {'line': b'-- Up-to-date: /mnt/c/work/ubuntu_work/HiveFlight/ros2_ws/install/include/hiveflight_interfaces/hiveflight_interfaces\n'}
[77.828432] (-) TimerEvent: {}
[77.878006] (hiveflight_interfaces) StdoutLine: {'line': b'-- Up-to-date: /mnt/c/work/ubuntu_work/HiveFlight/ros2_ws/install/include/hiveflight_interfaces/hiveflight_interfaces/msg\n'}
[77.931775] (-) TimerEvent: {}
[77.940902] (hiveflight_interfaces) StdoutLine: {'line': b'-- Up-to-date: /mnt/c/work/ubuntu_work/HiveFlight/ros2_ws/install/include/hiveflight_interfaces/hiveflight_interfaces/msg/detail\n'}
[78.007143] (hiveflight_interfaces) StdoutLine: {'line': b'-- Installing: /mnt/c/work/ubuntu_work/HiveFlight/ros2_ws/install/include/hiveflight_interfaces/hiveflight_interfaces/msg/detail/dds_fastrtps\n'}
[78.033442] (-) TimerEvent: {}
[78.113510] (hiveflight_interfaces) StdoutLine: {'line': b'-- Installing: /mnt/c/work/ubuntu_work/HiveFlight/ros2_ws/install/include/hiveflight_interfaces/hiveflight_interfaces/msg/detail/drone_message__rosidl_typesupport_fastrtps_cpp.hpp\n'}
[78.134850] (-) TimerEvent: {}
[78.250581] (-) TimerEvent: {}
[78.355386] (hiveflight_interfaces) StdoutLine: {'line': b'-- Installing: /mnt/c/work/ubuntu_work/HiveFlight/ros2_ws/install/include/hiveflight_interfaces/hiveflight_interfaces/msg/rosidl_typesupport_fastrtps_cpp__visibility_control.h\n'}
[78.358461] (-) TimerEvent: {}
[78.512473] (-) TimerEvent: {}
[78.611802] (hiveflight_interfaces) StdoutLine: {'line': b'-- Installing: /mnt/c/work/ubuntu_work/HiveFlight/ros2_ws/install/lib/libhiveflight_interfaces__rosidl_typesupport_fastrtps_cpp.so\n'}
[78.614480] (-) TimerEvent: {}
[78.722168] (-) TimerEvent: {}
[78.830158] (-) TimerEvent: {}
[78.902047] (hiveflight_interfaces) StdoutLine: {'line': b'-- Set runtime path of "/mnt/c/work/ubuntu_work/HiveFlight/ros2_ws/install/lib/libhiveflight_interfaces__rosidl_typesupport_fastrtps_cpp.so" to ""\n'}
[78.932159] (-) TimerEvent: {}
[78.935868] (hiveflight_interfaces) StdoutLine: {'line': b'-- Up-to-date: /mnt/c/work/ubuntu_work/HiveFlight/ros2_ws/install/include/hiveflight_interfaces/hiveflight_interfaces\n'}
[78.986336] (hiveflight_interfaces) StdoutLine: {'line': b'-- Up-to-date: /mnt/c/work/ubuntu_work/HiveFlight/ros2_ws/install/include/hiveflight_interfaces/hiveflight_interfaces/msg\n'}
[79.035314] (-) TimerEvent: {}
[79.048885] (hiveflight_interfaces) StdoutLine: {'line': b'-- Up-to-date: /mnt/c/work/ubuntu_work/HiveFlight/ros2_ws/install/include/hiveflight_interfaces/hiveflight_interfaces/msg/detail\n'}
[79.133885] (hiveflight_interfaces) StdoutLine: {'line': b'-- Installing: /mnt/c/work/ubuntu_work/HiveFlight/ros2_ws/install/include/hiveflight_interfaces/hiveflight_interfaces/msg/detail/drone_message__rosidl_typesupport_introspection_c.h\n'}
[79.136026] (-) TimerEvent: {}
[79.240313] (-) TimerEvent: {}
[79.348100] (-) TimerEvent: {}
[79.370078] (hiveflight_interfaces) StdoutLine: {'line': b'-- Installing: /mnt/c/work/ubuntu_work/HiveFlight/ros2_ws/install/include/hiveflight_interfaces/hiveflight_interfaces/msg/detail/drone_message__type_support.c\n'}
[79.453034] (-) TimerEvent: {}
[79.560881] (-) TimerEvent: {}
[79.577904] (hiveflight_interfaces) StdoutLine: {'line': b'-- Installing: /mnt/c/work/ubuntu_work/HiveFlight/ros2_ws/install/include/hiveflight_interfaces/hiveflight_interfaces/msg/rosidl_typesupport_introspection_c__visibility_control.h\n'}
[79.666519] (-) TimerEvent: {}
[79.749063] (hiveflight_interfaces) StdoutLine: {'line': b'-- Installing: /mnt/c/work/ubuntu_work/HiveFlight/ros2_ws/install/lib/libhiveflight_interfaces__rosidl_typesupport_introspection_c.so\n'}
[79.767576] (-) TimerEvent: {}
[79.875856] (-) TimerEvent: {}
[79.983627] (hiveflight_interfaces) StdoutLine: {'line': b'-- Set runtime path of "/mnt/c/work/ubuntu_work/HiveFlight/ros2_ws/install/lib/libhiveflight_interfaces__rosidl_typesupport_introspection_c.so" to ""\n'}
[79.986304] (-) TimerEvent: {}
[80.012710] (hiveflight_interfaces) StdoutLine: {'line': b'-- Installing: /mnt/c/work/ubuntu_work/HiveFlight/ros2_ws/install/lib/libhiveflight_interfaces__rosidl_typesupport_c.so\n'}
[80.091248] (-) TimerEvent: {}
[80.199060] (-) TimerEvent: {}
[80.229007] (hiveflight_interfaces) StdoutLine: {'line': b'-- Set runtime path of "/mnt/c/work/ubuntu_work/HiveFlight/ros2_ws/install/lib/libhiveflight_interfaces__rosidl_typesupport_c.so" to ""\n'}
[80.258736] (hiveflight_interfaces) StdoutLine: {'line': b'-- Up-to-date: /mnt/c/work/ubuntu_work/HiveFlight/ros2_ws/install/include/hiveflight_interfaces/hiveflight_interfaces\n'}
[80.301784] (-) TimerEvent: {}
[80.315852] (hiveflight_interfaces) StdoutLine: {'line': b'-- Up-to-date: /mnt/c/work/ubuntu_work/HiveFlight/ros2_ws/install/include/hiveflight_interfaces/hiveflight_interfaces/msg\n'}
[80.376578] (hiveflight_interfaces) StdoutLine: {'line': b'-- Up-to-date: /mnt/c/work/ubuntu_work/HiveFlight/ros2_ws/install/include/hiveflight_interfaces/hiveflight_interfaces/msg/detail\n'}
[80.403593] (-) TimerEvent: {}
[80.460390] (hiveflight_interfaces) StdoutLine: {'line': b'-- Installing: /mnt/c/work/ubuntu_work/HiveFlight/ros2_ws/install/include/hiveflight_interfaces/hiveflight_interfaces/msg/detail/drone_message__rosidl_typesupport_introspection_cpp.hpp\n'}
[80.504840] (-) TimerEvent: {}
[80.612831] (-) TimerEvent: {}
[80.692360] (hiveflight_interfaces) StdoutLine: {'line': b'-- Installing: /mnt/c/work/ubuntu_work/HiveFlight/ros2_ws/install/include/hiveflight_interfaces/hiveflight_interfaces/msg/detail/drone_message__type_support.cpp\n'}
[80.714245] (-) TimerEvent: {}
[80.822172] (-) TimerEvent: {}
[80.929908] (-) TimerEvent: {}
[80.935783] (hiveflight_interfaces) StdoutLine: {'line': b'-- Installing: /mnt/c/work/ubuntu_work/HiveFlight/ros2_ws/install/lib/libhiveflight_interfaces__rosidl_typesupport_introspection_cpp.so\n'}
[81.036229] (-) TimerEvent: {}
[81.133962] (hiveflight_interfaces) StdoutLine: {'line': b'-- Set runtime path of "/mnt/c/work/ubuntu_work/HiveFlight/ros2_ws/install/lib/libhiveflight_interfaces__rosidl_typesupport_introspection_cpp.so" to ""\n'}
[81.136518] (-) TimerEvent: {}
[81.163623] (hiveflight_interfaces) StdoutLine: {'line': b'-- Installing: /mnt/c/work/ubuntu_work/HiveFlight/ros2_ws/install/lib/libhiveflight_interfaces__rosidl_typesupport_cpp.so\n'}
[81.241446] (-) TimerEvent: {}
[81.349151] (-) TimerEvent: {}
[81.359138] (hiveflight_interfaces) StdoutLine: {'line': b'-- Set runtime path of "/mnt/c/work/ubuntu_work/HiveFlight/ros2_ws/install/lib/libhiveflight_interfaces__rosidl_typesupport_cpp.so" to ""\n'}
[81.400606] (hiveflight_interfaces) StdoutLine: {'line': b'-- Installing: /mnt/c/work/ubuntu_work/HiveFlight/ros2_ws/install/share/hiveflight_interfaces/environment/pythonpath.sh\n'}
[81.452509] (-) TimerEvent: {}
[81.560806] (-) TimerEvent: {}
[81.627131] (hiveflight_interfaces) StdoutLine: {'line': b'-- Installing: /mnt/c/work/ubuntu_work/HiveFlight/ros2_ws/install/share/hiveflight_interfaces/environment/pythonpath.dsv\n'}
[81.663153] (-) TimerEvent: {}
[81.771298] (-) TimerEvent: {}
[81.833916] (hiveflight_interfaces) StdoutLine: {'line': b'-- Installing: /mnt/c/work/ubuntu_work/HiveFlight/ros2_ws/install/local/lib/python3.10/dist-packages/hiveflight_interfaces-0.0.1-py3.10.egg-info\n'}
[81.873888] (-) TimerEvent: {}
[81.980189] (hiveflight_interfaces) StdoutLine: {'line': b'-- Installing: /mnt/c/work/ubuntu_work/HiveFlight/ros2_ws/install/local/lib/python3.10/dist-packages/hiveflight_interfaces-0.0.1-py3.10.egg-info/dependency_links.txt\n'}
[81.983930] (-) TimerEvent: {}
[82.092086] (-) TimerEvent: {}
[82.199946] (-) TimerEvent: {}
[82.257634] (hiveflight_interfaces) StdoutLine: {'line': b'-- Installing: /mnt/c/work/ubuntu_work/HiveFlight/ros2_ws/install/local/lib/python3.10/dist-packages/hiveflight_interfaces-0.0.1-py3.10.egg-info/PKG-INFO\n'}
[82.302860] (-) TimerEvent: {}
[82.410899] (-) TimerEvent: {}
[82.519166] (-) TimerEvent: {}
[82.534692] (hiveflight_interfaces) StdoutLine: {'line': b'-- Installing: /mnt/c/work/ubuntu_work/HiveFlight/ros2_ws/install/local/lib/python3.10/dist-packages/hiveflight_interfaces-0.0.1-py3.10.egg-info/SOURCES.txt\n'}
[82.624939] (-) TimerEvent: {}
[82.733494] (-) TimerEvent: {}
[82.861378] (hiveflight_interfaces) StdoutLine: {'line': b'-- Installing: /mnt/c/work/ubuntu_work/HiveFlight/ros2_ws/install/local/lib/python3.10/dist-packages/hiveflight_interfaces-0.0.1-py3.10.egg-info/top_level.txt\n'}
[82.865024] (-) TimerEvent: {}
[82.972971] (-) TimerEvent: {}
[83.081164] (-) TimerEvent: {}
[83.119786] (hiveflight_interfaces) StdoutLine: {'line': b'-- Installing: /mnt/c/work/ubuntu_work/HiveFlight/ros2_ws/install/local/lib/python3.10/dist-packages/hiveflight_interfaces\n'}
[83.185317] (-) TimerEvent: {}
[83.269087] (hiveflight_interfaces) StdoutLine: {'line': b'-- Installing: /mnt/c/work/ubuntu_work/HiveFlight/ros2_ws/install/local/lib/python3.10/dist-packages/hiveflight_interfaces/hiveflight_interfaces_s__rosidl_typesupport_c.cpython-310-x86_64-linux-gnu.so\n'}
[83.286328] (-) TimerEvent: {}
[83.394348] (-) TimerEvent: {}
[83.502627] (-) TimerEvent: {}
[83.591213] (hiveflight_interfaces) StdoutLine: {'line': b'-- Installing: /mnt/c/work/ubuntu_work/HiveFlight/ros2_ws/install/local/lib/python3.10/dist-packages/hiveflight_interfaces/hiveflight_interfaces_s__rosidl_typesupport_fastrtps_c.cpython-310-x86_64-linux-gnu.so\n'}
[83.603369] (-) TimerEvent: {}
[83.711339] (-) TimerEvent: {}
[83.819515] (-) TimerEvent: {}
[83.927570] (-) TimerEvent: {}
[83.981206] (hiveflight_interfaces) StdoutLine: {'line': b'-- Installing: /mnt/c/work/ubuntu_work/HiveFlight/ros2_ws/install/local/lib/python3.10/dist-packages/hiveflight_interfaces/hiveflight_interfaces_s__rosidl_typesupport_introspection_c.cpython-310-x86_64-linux-gnu.so\n'}
[84.030740] (-) TimerEvent: {}
[84.138546] (-) TimerEvent: {}
[84.194407] (hiveflight_interfaces) StdoutLine: {'line': b'-- Installing: /mnt/c/work/ubuntu_work/HiveFlight/ros2_ws/install/local/lib/python3.10/dist-packages/hiveflight_interfaces/libhiveflight_interfaces__rosidl_generator_py.so\n'}
[84.240129] (-) TimerEvent: {}
[84.348225] (-) TimerEvent: {}
[84.458012] (-) TimerEvent: {}
[84.461893] (hiveflight_interfaces) StdoutLine: {'line': b'-- Installing: /mnt/c/work/ubuntu_work/HiveFlight/ros2_ws/install/local/lib/python3.10/dist-packages/hiveflight_interfaces/msg\n'}
[84.564448] (-) TimerEvent: {}
[84.567293] (hiveflight_interfaces) StdoutLine: {'line': b'-- Installing: /mnt/c/work/ubuntu_work/HiveFlight/ros2_ws/install/local/lib/python3.10/dist-packages/hiveflight_interfaces/msg/_drone_message.py\n'}
[84.670972] (-) TimerEvent: {}
[84.778778] (-) TimerEvent: {}
[84.828013] (hiveflight_interfaces) StdoutLine: {'line': b'-- Installing: /mnt/c/work/ubuntu_work/HiveFlight/ros2_ws/install/local/lib/python3.10/dist-packages/hiveflight_interfaces/msg/_drone_message_s.c\n'}
[84.882293] (-) TimerEvent: {}
[84.990123] (-) TimerEvent: {}
[85.061052] (hiveflight_interfaces) StdoutLine: {'line': b'-- Installing: /mnt/c/work/ubuntu_work/HiveFlight/ros2_ws/install/local/lib/python3.10/dist-packages/hiveflight_interfaces/msg/__init__.py\n'}
[85.092177] (-) TimerEvent: {}
[85.201712] (-) TimerEvent: {}
[85.299403] (hiveflight_interfaces) StdoutLine: {'line': b'-- Installing: /mnt/c/work/ubuntu_work/HiveFlight/ros2_ws/install/local/lib/python3.10/dist-packages/hiveflight_interfaces/_hiveflight_interfaces_s.ep.rosidl_typesupport_c.c\n'}
[85.302128] (-) TimerEvent: {}
[85.410137] (-) TimerEvent: {}
[85.518063] (-) TimerEvent: {}
[85.550173] (hiveflight_interfaces) StdoutLine: {'line': b'-- Installing: /mnt/c/work/ubuntu_work/HiveFlight/ros2_ws/install/local/lib/python3.10/dist-packages/hiveflight_interfaces/_hiveflight_interfaces_s.ep.rosidl_typesupport_fastrtps_c.c\n'}
[85.622660] (-) TimerEvent: {}
[85.731273] (-) TimerEvent: {}
[85.748397] (hiveflight_interfaces) StdoutLine: {'line': b'-- Installing: /mnt/c/work/ubuntu_work/HiveFlight/ros2_ws/install/local/lib/python3.10/dist-packages/hiveflight_interfaces/_hiveflight_interfaces_s.ep.rosidl_typesupport_introspection_c.c\n'}
[85.836852] (-) TimerEvent: {}
[85.944833] (-) TimerEvent: {}
[85.971056] (hiveflight_interfaces) StdoutLine: {'line': b'-- Installing: /mnt/c/work/ubuntu_work/HiveFlight/ros2_ws/install/local/lib/python3.10/dist-packages/hiveflight_interfaces/__init__.py\n'}
[86.045931] (-) TimerEvent: {}
[86.153980] (-) TimerEvent: {}
[86.261888] (-) TimerEvent: {}
[86.370287] (-) TimerEvent: {}
[86.478741] (-) TimerEvent: {}
[86.586755] (-) TimerEvent: {}
[86.694913] (-) TimerEvent: {}
[86.802971] (-) TimerEvent: {}
[86.911015] (-) TimerEvent: {}
[87.018886] (-) TimerEvent: {}
[87.126742] (-) TimerEvent: {}
[87.230861] (-) TimerEvent: {}
[87.326686] (hiveflight_interfaces) StdoutLine: {'line': b"Listing '/mnt/c/work/ubuntu_work/HiveFlight/ros2_ws/install/local/lib/python3.10/dist-packages/hiveflight_interfaces'...\n"}
[87.329247] (hiveflight_interfaces) StdoutLine: {'line': b"Compiling '/mnt/c/work/ubuntu_work/HiveFlight/ros2_ws/install/local/lib/python3.10/dist-packages/hiveflight_interfaces/__init__.py'...\n"}
[87.334747] (-) TimerEvent: {}
[87.335734] (hiveflight_interfaces) StdoutLine: {'line': b"Listing '/mnt/c/work/ubuntu_work/HiveFlight/ros2_ws/install/local/lib/python3.10/dist-packages/hiveflight_interfaces/msg'...\n"}
[87.338409] (hiveflight_interfaces) StdoutLine: {'line': b"Compiling '/mnt/c/work/ubuntu_work/HiveFlight/ros2_ws/install/local/lib/python3.10/dist-packages/hiveflight_interfaces/msg/__init__.py'...\n"}
[87.341956] (hiveflight_interfaces) StdoutLine: {'line': b"Compiling '/mnt/c/work/ubuntu_work/HiveFlight/ros2_ws/install/local/lib/python3.10/dist-packages/hiveflight_interfaces/msg/_drone_message.py'...\n"}
[87.439204] (-) TimerEvent: {}
[87.519499] (hiveflight_interfaces) StdoutLine: {'line': b'-- Installing: /mnt/c/work/ubuntu_work/HiveFlight/ros2_ws/install/local/lib/python3.10/dist-packages/hiveflight_interfaces/hiveflight_interfaces_s__rosidl_typesupport_fastrtps_c.cpython-310-x86_64-linux-gnu.so\n'}
[87.540599] (-) TimerEvent: {}
[87.648927] (-) TimerEvent: {}
[87.756916] (-) TimerEvent: {}
[87.849745] (hiveflight_interfaces) StdoutLine: {'line': b'-- Set runtime path of "/mnt/c/work/ubuntu_work/HiveFlight/ros2_ws/install/local/lib/python3.10/dist-packages/hiveflight_interfaces/hiveflight_interfaces_s__rosidl_typesupport_fastrtps_c.cpython-310-x86_64-linux-gnu.so" to ""\n'}
[87.856991] (-) TimerEvent: {}
[87.962531] (-) TimerEvent: {}
[88.021287] (hiveflight_interfaces) StdoutLine: {'line': b'-- Installing: /mnt/c/work/ubuntu_work/HiveFlight/ros2_ws/install/local/lib/python3.10/dist-packages/hiveflight_interfaces/hiveflight_interfaces_s__rosidl_typesupport_introspection_c.cpython-310-x86_64-linux-gnu.so\n'}
[88.065933] (-) TimerEvent: {}
[88.173903] (-) TimerEvent: {}
[88.281953] (-) TimerEvent: {}
[88.379464] (hiveflight_interfaces) StdoutLine: {'line': b'-- Set runtime path of "/mnt/c/work/ubuntu_work/HiveFlight/ros2_ws/install/local/lib/python3.10/dist-packages/hiveflight_interfaces/hiveflight_interfaces_s__rosidl_typesupport_introspection_c.cpython-310-x86_64-linux-gnu.so" to ""\n'}
[88.382383] (-) TimerEvent: {}
[88.490092] (-) TimerEvent: {}
[88.558178] (hiveflight_interfaces) StdoutLine: {'line': b'-- Installing: /mnt/c/work/ubuntu_work/HiveFlight/ros2_ws/install/local/lib/python3.10/dist-packages/hiveflight_interfaces/hiveflight_interfaces_s__rosidl_typesupport_c.cpython-310-x86_64-linux-gnu.so\n'}
[88.590669] (-) TimerEvent: {}
[88.698683] (-) TimerEvent: {}
[88.806625] (-) TimerEvent: {}
[88.907823] (hiveflight_interfaces) StdoutLine: {'line': b'-- Set runtime path of "/mnt/c/work/ubuntu_work/HiveFlight/ros2_ws/install/local/lib/python3.10/dist-packages/hiveflight_interfaces/hiveflight_interfaces_s__rosidl_typesupport_c.cpython-310-x86_64-linux-gnu.so" to ""\n'}
[88.911126] (-) TimerEvent: {}
[88.968232] (hiveflight_interfaces) StdoutLine: {'line': b'-- Installing: /mnt/c/work/ubuntu_work/HiveFlight/ros2_ws/install/lib/libhiveflight_interfaces__rosidl_generator_py.so\n'}
[89.014103] (-) TimerEvent: {}
[89.122204] (-) TimerEvent: {}
[89.191768] (hiveflight_interfaces) StdoutLine: {'line': b'-- Set runtime path of "/mnt/c/work/ubuntu_work/HiveFlight/ros2_ws/install/lib/libhiveflight_interfaces__rosidl_generator_py.so" to ""\n'}
[89.224536] (-) TimerEvent: {}
[89.277597] (hiveflight_interfaces) StdoutLine: {'line': b'-- Installing: /mnt/c/work/ubuntu_work/HiveFlight/ros2_ws/install/share/ament_index/resource_index/rust_packages/hiveflight_interfaces\n'}
[89.328184] (-) TimerEvent: {}
[89.437218] (-) TimerEvent: {}
[89.484952] (hiveflight_interfaces) StdoutLine: {'line': b'-- Installing: /mnt/c/work/ubuntu_work/HiveFlight/ros2_ws/install/share/hiveflight_interfaces/rust\n'}
[89.541256] (-) TimerEvent: {}
[89.550160] (hiveflight_interfaces) StdoutLine: {'line': b'-- Installing: /mnt/c/work/ubuntu_work/HiveFlight/ros2_ws/install/share/hiveflight_interfaces/rust/build.rs\n'}
[89.648157] (-) TimerEvent: {}
[89.733468] (hiveflight_interfaces) StdoutLine: {'line': b'-- Installing: /mnt/c/work/ubuntu_work/HiveFlight/ros2_ws/install/share/hiveflight_interfaces/rust/Cargo.toml\n'}
[89.749193] (-) TimerEvent: {}
[89.858229] (-) TimerEvent: {}
[89.888437] (hiveflight_interfaces) StdoutLine: {'line': b'-- Installing: /mnt/c/work/ubuntu_work/HiveFlight/ros2_ws/install/share/hiveflight_interfaces/rust/src\n'}
[89.963588] (-) TimerEvent: {}
[89.999154] (hiveflight_interfaces) StdoutLine: {'line': b'-- Installing: /mnt/c/work/ubuntu_work/HiveFlight/ros2_ws/install/share/hiveflight_interfaces/rust/src/lib.rs\n'}
[90.065529] (-) TimerEvent: {}
[90.174104] (-) TimerEvent: {}
[90.226835] (hiveflight_interfaces) StdoutLine: {'line': b'-- Installing: /mnt/c/work/ubuntu_work/HiveFlight/ros2_ws/install/share/hiveflight_interfaces/rust/src/msg\n'}
[90.277699] (-) TimerEvent: {}
[90.344954] (hiveflight_interfaces) StdoutLine: {'line': b'-- Installing: /mnt/c/work/ubuntu_work/HiveFlight/ros2_ws/install/share/hiveflight_interfaces/rust/src/msg/rmw.rs\n'}
[90.380262] (-) TimerEvent: {}
[90.489323] (-) TimerEvent: {}
[90.598620] (-) TimerEvent: {}
[90.615957] (hiveflight_interfaces) StdoutLine: {'line': b'-- Installing: /mnt/c/work/ubuntu_work/HiveFlight/ros2_ws/install/share/hiveflight_interfaces/rust/src/msg.rs\n'}
[90.704968] (-) TimerEvent: {}
[90.813677] (-) TimerEvent: {}
[90.845924] (hiveflight_interfaces) StdoutLine: {'line': b'-- Installing: /mnt/c/work/ubuntu_work/HiveFlight/ros2_ws/install/share/hiveflight_interfaces/msg/DroneMessage.idl\n'}
[90.918618] (-) TimerEvent: {}
[91.027187] (-) TimerEvent: {}
[91.031160] (hiveflight_interfaces) StdoutLine: {'line': b'-- Installing: /mnt/c/work/ubuntu_work/HiveFlight/ros2_ws/install/share/hiveflight_interfaces/msg/DroneMessage.msg\n'}
[91.130651] (-) TimerEvent: {}
[91.228067] (hiveflight_interfaces) StdoutLine: {'line': b'-- Installing: /mnt/c/work/ubuntu_work/HiveFlight/ros2_ws/install/share/ament_index/resource_index/package_run_dependencies/hiveflight_interfaces\n'}
[91.230788] (-) TimerEvent: {}
[91.339389] (-) TimerEvent: {}
[91.448330] (-) TimerEvent: {}
[91.482050] (hiveflight_interfaces) StdoutLine: {'line': b'-- Installing: /mnt/c/work/ubuntu_work/HiveFlight/ros2_ws/install/share/ament_index/resource_index/parent_prefix_path/hiveflight_interfaces\n'}
[91.553400] (-) TimerEvent: {}
[91.662255] (-) TimerEvent: {}
[91.670264] (hiveflight_interfaces) StdoutLine: {'line': b'-- Installing: /mnt/c/work/ubuntu_work/HiveFlight/ros2_ws/install/share/hiveflight_interfaces/environment/ament_prefix_path.sh\n'}
[91.769161] (-) TimerEvent: {}
[91.807404] (hiveflight_interfaces) StdoutLine: {'line': b'-- Installing: /mnt/c/work/ubuntu_work/HiveFlight/ros2_ws/install/share/hiveflight_interfaces/environment/ament_prefix_path.dsv\n'}
[91.873842] (-) TimerEvent: {}
[91.942198] (hiveflight_interfaces) StdoutLine: {'line': b'-- Installing: /mnt/c/work/ubuntu_work/HiveFlight/ros2_ws/install/share/hiveflight_interfaces/environment/path.sh\n'}
[91.976363] (-) TimerEvent: {}
[92.070269] (hiveflight_interfaces) StdoutLine: {'line': b'-- Installing: /mnt/c/work/ubuntu_work/HiveFlight/ros2_ws/install/share/hiveflight_interfaces/environment/path.dsv\n'}
[92.076787] (-) TimerEvent: {}
[92.183451] (-) TimerEvent: {}
[92.222384] (hiveflight_interfaces) StdoutLine: {'line': b'-- Installing: /mnt/c/work/ubuntu_work/HiveFlight/ros2_ws/install/share/hiveflight_interfaces/local_setup.bash\n'}
[92.287974] (-) TimerEvent: {}
[92.396408] (-) TimerEvent: {}
[92.423117] (hiveflight_interfaces) StdoutLine: {'line': b'-- Installing: /mnt/c/work/ubuntu_work/HiveFlight/ros2_ws/install/share/hiveflight_interfaces/local_setup.sh\n'}
[92.501850] (-) TimerEvent: {}
[92.546830] (hiveflight_interfaces) StdoutLine: {'line': b'-- Installing: /mnt/c/work/ubuntu_work/HiveFlight/ros2_ws/install/share/hiveflight_interfaces/local_setup.zsh\n'}
[92.605995] (-) TimerEvent: {}
[92.674923] (hiveflight_interfaces) StdoutLine: {'line': b'-- Installing: /mnt/c/work/ubuntu_work/HiveFlight/ros2_ws/install/share/hiveflight_interfaces/local_setup.dsv\n'}
[92.708391] (-) TimerEvent: {}
[92.803404] (hiveflight_interfaces) StdoutLine: {'line': b'-- Installing: /mnt/c/work/ubuntu_work/HiveFlight/ros2_ws/install/share/hiveflight_interfaces/package.dsv\n'}
[92.808711] (-) TimerEvent: {}
[92.917024] (-) TimerEvent: {}
[92.985223] (hiveflight_interfaces) StdoutLine: {'line': b'-- Installing: /mnt/c/work/ubuntu_work/HiveFlight/ros2_ws/install/share/ament_index/resource_index/packages/hiveflight_interfaces\n'}
[93.019444] (-) TimerEvent: {}
[93.128219] (-) TimerEvent: {}
[93.221758] (hiveflight_interfaces) StdoutLine: {'line': b'-- Installing: /mnt/c/work/ubuntu_work/HiveFlight/ros2_ws/install/share/hiveflight_interfaces/cmake/export_hiveflight_interfaces__rosidl_generator_cExport.cmake\n'}
[93.228712] (-) TimerEvent: {}
[93.337342] (-) TimerEvent: {}
[93.412924] (hiveflight_interfaces) StdoutLine: {'line': b'-- Installing: /mnt/c/work/ubuntu_work/HiveFlight/ros2_ws/install/share/hiveflight_interfaces/cmake/export_hiveflight_interfaces__rosidl_generator_cExport-noconfig.cmake\n'}
[93.439259] (-) TimerEvent: {}
[93.554939] (-) TimerEvent: {}
[93.663871] (-) TimerEvent: {}
[93.689994] (hiveflight_interfaces) StdoutLine: {'line': b'-- Installing: /mnt/c/work/ubuntu_work/HiveFlight/ros2_ws/install/share/hiveflight_interfaces/cmake/export_hiveflight_interfaces__rosidl_typesupport_fastrtps_cExport.cmake\n'}
[93.769412] (-) TimerEvent: {}
[93.878120] (-) TimerEvent: {}
[93.925443] (hiveflight_interfaces) StdoutLine: {'line': b'-- Installing: /mnt/c/work/ubuntu_work/HiveFlight/ros2_ws/install/share/hiveflight_interfaces/cmake/export_hiveflight_interfaces__rosidl_typesupport_fastrtps_cExport-noconfig.cmake\n'}
[93.982097] (-) TimerEvent: {}
[94.090900] (-) TimerEvent: {}
[94.144107] (hiveflight_interfaces) StdoutLine: {'line': b'-- Installing: /mnt/c/work/ubuntu_work/HiveFlight/ros2_ws/install/share/hiveflight_interfaces/cmake/export_hiveflight_interfaces__rosidl_generator_cppExport.cmake\n'}
[94.194483] (-) TimerEvent: {}
[94.303414] (-) TimerEvent: {}
[94.360174] (hiveflight_interfaces) StdoutLine: {'line': b'-- Installing: /mnt/c/work/ubuntu_work/HiveFlight/ros2_ws/install/share/hiveflight_interfaces/cmake/export_hiveflight_interfaces__rosidl_typesupport_fastrtps_cppExport.cmake\n'}
[94.406693] (-) TimerEvent: {}
[94.517801] (-) TimerEvent: {}
[94.576409] (hiveflight_interfaces) StdoutLine: {'line': b'-- Installing: /mnt/c/work/ubuntu_work/HiveFlight/ros2_ws/install/share/hiveflight_interfaces/cmake/export_hiveflight_interfaces__rosidl_typesupport_fastrtps_cppExport-noconfig.cmake\n'}
[94.621021] (-) TimerEvent: {}
[94.730505] (-) TimerEvent: {}
[94.787557] (hiveflight_interfaces) StdoutLine: {'line': b'-- Installing: /mnt/c/work/ubuntu_work/HiveFlight/ros2_ws/install/share/hiveflight_interfaces/cmake/hiveflight_interfaces__rosidl_typesupport_introspection_cExport.cmake\n'}
[94.834240] (-) TimerEvent: {}
[94.942981] (-) TimerEvent: {}
[94.982054] (hiveflight_interfaces) StdoutLine: {'line': b'-- Installing: /mnt/c/work/ubuntu_work/HiveFlight/ros2_ws/install/share/hiveflight_interfaces/cmake/hiveflight_interfaces__rosidl_typesupport_introspection_cExport-noconfig.cmake\n'}
[95.047578] (-) TimerEvent: {}
[95.156157] (-) TimerEvent: {}
[95.192320] (hiveflight_interfaces) StdoutLine: {'line': b'-- Installing: /mnt/c/work/ubuntu_work/HiveFlight/ros2_ws/install/share/hiveflight_interfaces/cmake/hiveflight_interfaces__rosidl_typesupport_cExport.cmake\n'}
[95.260945] (-) TimerEvent: {}
[95.369526] (-) TimerEvent: {}
[95.382290] (hiveflight_interfaces) StdoutLine: {'line': b'-- Installing: /mnt/c/work/ubuntu_work/HiveFlight/ros2_ws/install/share/hiveflight_interfaces/cmake/hiveflight_interfaces__rosidl_typesupport_cExport-noconfig.cmake\n'}
[95.476061] (-) TimerEvent: {}
[95.583215] (-) TimerEvent: {}
[95.588307] (hiveflight_interfaces) StdoutLine: {'line': b'-- Installing: /mnt/c/work/ubuntu_work/HiveFlight/ros2_ws/install/share/hiveflight_interfaces/cmake/hiveflight_interfaces__rosidl_typesupport_introspection_cppExport.cmake\n'}
[95.690297] (-) TimerEvent: {}
[95.798910] (-) TimerEvent: {}
[95.822082] (hiveflight_interfaces) StdoutLine: {'line': b'-- Installing: /mnt/c/work/ubuntu_work/HiveFlight/ros2_ws/install/share/hiveflight_interfaces/cmake/hiveflight_interfaces__rosidl_typesupport_introspection_cppExport-noconfig.cmake\n'}
[95.904770] (-) TimerEvent: {}
[96.013610] (-) TimerEvent: {}
[96.080927] (hiveflight_interfaces) StdoutLine: {'line': b'-- Installing: /mnt/c/work/ubuntu_work/HiveFlight/ros2_ws/install/share/hiveflight_interfaces/cmake/hiveflight_interfaces__rosidl_typesupport_cppExport.cmake\n'}
[96.116097] (-) TimerEvent: {}
[96.224895] (-) TimerEvent: {}
[96.282780] (hiveflight_interfaces) StdoutLine: {'line': b'-- Installing: /mnt/c/work/ubuntu_work/HiveFlight/ros2_ws/install/share/hiveflight_interfaces/cmake/hiveflight_interfaces__rosidl_typesupport_cppExport-noconfig.cmake\n'}
[96.328247] (-) TimerEvent: {}
[96.436845] (-) TimerEvent: {}
[96.524835] (hiveflight_interfaces) StdoutLine: {'line': b'-- Installing: /mnt/c/work/ubuntu_work/HiveFlight/ros2_ws/install/share/hiveflight_interfaces/cmake/export_hiveflight_interfaces__rosidl_generator_pyExport.cmake\n'}
[96.537709] (-) TimerEvent: {}
[96.646108] (-) TimerEvent: {}
[96.714940] (hiveflight_interfaces) StdoutLine: {'line': b'-- Installing: /mnt/c/work/ubuntu_work/HiveFlight/ros2_ws/install/share/hiveflight_interfaces/cmake/export_hiveflight_interfaces__rosidl_generator_pyExport-noconfig.cmake\n'}
[96.748519] (-) TimerEvent: {}
[96.857246] (-) TimerEvent: {}
[96.898762] (hiveflight_interfaces) StdoutLine: {'line': b'-- Installing: /mnt/c/work/ubuntu_work/HiveFlight/ros2_ws/install/share/hiveflight_interfaces/cmake/rosidl_cmake-extras.cmake\n'}
[96.961719] (-) TimerEvent: {}
[97.052747] (hiveflight_interfaces) StdoutLine: {'line': b'-- Installing: /mnt/c/work/ubuntu_work/HiveFlight/ros2_ws/install/share/hiveflight_interfaces/cmake/ament_cmake_export_dependencies-extras.cmake\n'}
[97.062295] (-) TimerEvent: {}
[97.170682] (-) TimerEvent: {}
[97.209961] (hiveflight_interfaces) StdoutLine: {'line': b'-- Installing: /mnt/c/work/ubuntu_work/HiveFlight/ros2_ws/install/share/hiveflight_interfaces/cmake/ament_cmake_export_include_directories-extras.cmake\n'}
[97.275451] (-) TimerEvent: {}
[97.384887] (-) TimerEvent: {}
[97.394091] (hiveflight_interfaces) StdoutLine: {'line': b'-- Installing: /mnt/c/work/ubuntu_work/HiveFlight/ros2_ws/install/share/hiveflight_interfaces/cmake/ament_cmake_export_libraries-extras.cmake\n'}
[97.492142] (-) TimerEvent: {}
[97.555028] (hiveflight_interfaces) StdoutLine: {'line': b'-- Installing: /mnt/c/work/ubuntu_work/HiveFlight/ros2_ws/install/share/hiveflight_interfaces/cmake/ament_cmake_export_targets-extras.cmake\n'}
[97.595166] (-) TimerEvent: {}
[97.697653] (hiveflight_interfaces) StdoutLine: {'line': b'-- Installing: /mnt/c/work/ubuntu_work/HiveFlight/ros2_ws/install/share/hiveflight_interfaces/cmake/rosidl_cmake_export_typesupport_targets-extras.cmake\n'}
[97.700317] (-) TimerEvent: {}
[97.809394] (-) TimerEvent: {}
[97.842696] (hiveflight_interfaces) StdoutLine: {'line': b'-- Installing: /mnt/c/work/ubuntu_work/HiveFlight/ros2_ws/install/share/hiveflight_interfaces/cmake/rosidl_cmake_export_typesupport_libraries-extras.cmake\n'}
[97.915278] (-) TimerEvent: {}
[97.982357] (hiveflight_interfaces) StdoutLine: {'line': b'-- Installing: /mnt/c/work/ubuntu_work/HiveFlight/ros2_ws/install/share/hiveflight_interfaces/cmake/hiveflight_interfacesConfig.cmake\n'}
[98.018039] (-) TimerEvent: {}
[98.127453] (-) TimerEvent: {}
[98.212572] (hiveflight_interfaces) StdoutLine: {'line': b'-- Installing: /mnt/c/work/ubuntu_work/HiveFlight/ros2_ws/install/share/hiveflight_interfaces/cmake/hiveflight_interfacesConfig-version.cmake\n'}
[98.228720] (-) TimerEvent: {}
[98.338122] (-) TimerEvent: {}
[98.374615] (hiveflight_interfaces) StdoutLine: {'line': b'-- Installing: /mnt/c/work/ubuntu_work/HiveFlight/ros2_ws/install/share/hiveflight_interfaces/package.xml\n'}
[98.443159] (-) TimerEvent: {}
[98.552346] (-) TimerEvent: {}
[98.569195] (hiveflight_interfaces) CommandEnded: {'returncode': 0}
[98.657383] (-) TimerEvent: {}
[98.766367] (-) TimerEvent: {}
[98.875856] (-) TimerEvent: {}
[98.985398] (-) TimerEvent: {}
[99.095147] (-) TimerEvent: {}
[99.196548] (-) TimerEvent: {}
[99.305896] (-) TimerEvent: {}
[99.415141] (-) TimerEvent: {}
[99.524479] (-) TimerEvent: {}
[99.633777] (-) TimerEvent: {}
[99.743774] (-) TimerEvent: {}
[99.852496] (-) TimerEvent: {}
[99.962085] (-) TimerEvent: {}
[100.071561] (-) TimerEvent: {}
[100.181146] (-) TimerEvent: {}
[100.290529] (-) TimerEvent: {}
[100.399863] (-) TimerEvent: {}
[100.509427] (-) TimerEvent: {}
[100.617159] (-) TimerEvent: {}
[100.726350] (-) TimerEvent: {}
[100.835709] (-) TimerEvent: {}
[100.944809] (-) TimerEvent: {}
[101.054214] (-) TimerEvent: {}
[101.163732] (-) TimerEvent: {}
[101.272725] (-) TimerEvent: {}
[101.381779] (-) TimerEvent: {}
[101.490955] (-) TimerEvent: {}
[101.600094] (-) TimerEvent: {}
[101.613299] (hiveflight_interfaces) JobEnded: {'identifier': 'hiveflight_interfaces', 'rc': 0}
[101.688602] (hiveflight_sim) JobStarted: {'identifier': 'hiveflight_sim'}
[101.700769] (-) TimerEvent: {}
[101.811257] (-) TimerEvent: {}
[101.920514] (-) TimerEvent: {}
[102.029487] (-) TimerEvent: {}
[102.130910] (-) TimerEvent: {}
[102.237872] (-) TimerEvent: {}
[102.347105] (-) TimerEvent: {}
[102.352351] (hiveflight_sim) JobProgress: {'identifier': 'hiveflight_sim', 'progress': 'cmake'}
[102.454826] (-) TimerEvent: {}
[102.520160] (hiveflight_sim) Command: {'cmd': ['/usr/bin/cmake', '/mnt/c/work/ubuntu_work/HiveFlight/ros2_ws/src/hiveflight_sim', '-DCMAKE_INSTALL_PREFIX=/mnt/c/work/ubuntu_work/HiveFlight/ros2_ws/install'], 'cwd': '/mnt/c/work/ubuntu_work/HiveFlight/ros2_ws/build/hiveflight_sim', 'env': OrderedDict([('LESSOPEN', '| /usr/bin/lesspipe %s'), ('USER', 'ivano'), ('SHLVL', '2'), ('LD_LIBRARY_PATH', '/mnt/c/work/ubuntu_work/HiveFlight/ros2_ws/install/lib:/usr/lib/x86_64-linux-gnu/gazebo-11/plugins:/opt/ros/humble/opt/rviz_ogre_vendor/lib:/opt/ros/humble/lib/x86_64-linux-gnu:/opt/ros/humble/lib'), ('HOME', '/home/ivano'), ('OLDPWD', '/mnt/c/work/ubuntu_work/HiveFlight'), ('ROS_PYTHON_VERSION', '3'), ('DBUS_SESSION_BUS_ADDRESS', 'unix:path=/run/user/1000/bus'), ('WSL_DISTRO_NAME', 'Ubuntu-22.04'), ('WAYLAND_DISPLAY', 'wayland-0'), ('COLCON_PREFIX_PATH', '/mnt/c/work/ubuntu_work/HiveFlight/ros2_ws/install'), ('ROS_DISTRO', 'humble'), ('LOGNAME', 'ivano'), ('NAME', 'LAPTOP-7K9MEH4D'), ('WSL_INTEROP', '/run/WSL/327_interop'), ('PULSE_SERVER', 'unix:/mnt/wslg/PulseServer'), ('_', '/usr/bin/colcon'), ('ROS_VERSION', '2'), ('TERM', 'xterm-256color'), ('ROS_LOCALHOST_ONLY', '0'), ('PATH', '/opt/ros/humble/bin:/usr/local/sbin:/usr/local/bin:/usr/sbin:/usr/bin:/sbin:/bin:/usr/games:/usr/local/games:/usr/lib/wsl/lib:/mnt/c/Users/ivano/AppData/Roaming/Code/User/globalStorage/github.copilot-chat/debugCommand:/mnt/c/Users/ivano/AppData/Roaming/Code/User/globalStorage/github.copilot-chat/copilotCli:/mnt/c/Users/ivano/.codegpt/bin:/mnt/c/windows/system32:/mnt/c/windows:/mnt/c/windows/System32/Wbem:/mnt/c/windows/System32/WindowsPowerShell/v1.0/:/mnt/c/windows/System32/OpenSSH/:/mnt/c/Program Files/HP/1E.Performance.Assist/Extensibility/NomadBranch:/mnt/c/Program Files/CMake/bin:/mnt/c/Program Files (x86)/Windows Kits/10/Windows Performance Toolkit/:/mnt/c/Program Files/Git/cmd:/mnt/c/Users/ivano/.local/bin:/mnt/c/windows/system32:/mnt/c/windows:/mnt/c/windows/System32/Wbem:/mnt/c/windows/System32/WindowsPowerShell/v1.0/:/mnt/c/windows/System32/OpenSSH/:/mnt/c/Program Files/HP/1E.Performance.Assist/Extensibility/NomadBranch:/mnt/c/Program Files/CMake/bin:/mnt/c/Program Files (x86)/Windows Kits/10/Windows Performance Toolkit/:/mnt/c/Program Files/Git/cmd:/mnt/c/vcpkg:/mnt/c/Users/ivano/AppData/Local/Programs/Microsoft VS Code/bin:/mnt/c/Users/ivano/.vscode/extensions/ms-python.debugpy-2026.6.0-win32-x64/bundled/scripts/noConfigScripts:/snap/bin'), ('XDG_RUNTIME_DIR', '/run/user/1000'), ('DISPLAY', ':0'), ('LANG', 'C.UTF-8'), ('LS_COLORS', 'rs=0:di=01;34:ln=01;36:mh=00:pi=40;33:so=01;35:do=01;35:bd=40;33;01:cd=40;33;01:or=40;31;01:mi=00:su=37;41:sg=30;43:ca=30;41:tw=30;42:ow=34;42:st=37;44:ex=01;32:*.tar=01;31:*.tgz=01;31:*.arc=01;31:*.arj=01;31:*.taz=01;31:*.lha=01;31:*.lz4=01;31:*.lzh=01;31:*.lzma=01;31:*.tlz=01;31:*.txz=01;31:*.tzo=01;31:*.t7z=01;31:*.zip=01;31:*.z=01;31:*.dz=01;31:*.gz=01;31:*.lrz=01;31:*.lz=01;31:*.lzo=01;31:*.xz=01;31:*.zst=01;31:*.tzst=01;31:*.bz2=01;31:*.bz=01;31:*.tbz=01;31:*.tbz2=01;31:*.tz=01;31:*.deb=01;31:*.rpm=01;31:*.jar=01;31:*.war=01;31:*.ear=01;31:*.sar=01;31:*.rar=01;31:*.alz=01;31:*.ace=01;31:*.zoo=01;31:*.cpio=01;31:*.7z=01;31:*.rz=01;31:*.cab=01;31:*.wim=01;31:*.swm=01;31:*.dwm=01;31:*.esd=01;31:*.jpg=01;35:*.jpeg=01;35:*.mjpg=01;35:*.mjpeg=01;35:*.gif=01;35:*.bmp=01;35:*.pbm=01;35:*.pgm=01;35:*.ppm=01;35:*.tga=01;35:*.xbm=01;35:*.xpm=01;35:*.tif=01;35:*.tiff=01;35:*.png=01;35:*.svg=01;35:*.svgz=01;35:*.mng=01;35:*.pcx=01;35:*.mov=01;35:*.mpg=01;35:*.mpeg=01;35:*.m2v=01;35:*.mkv=01;35:*.webm=01;35:*.webp=01;35:*.ogm=01;35:*.mp4=01;35:*.m4v=01;35:*.mp4v=01;35:*.vob=01;35:*.qt=01;35:*.nuv=01;35:*.wmv=01;35:*.asf=01;35:*.rm=01;35:*.rmvb=01;35:*.flc=01;35:*.avi=01;35:*.fli=01;35:*.flv=01;35:*.gl=01;35:*.dl=01;35:*.xcf=01;35:*.xwd=01;35:*.yuv=01;35:*.cgm=01;35:*.emf=01;35:*.ogv=01;35:*.ogx=01;35:*.aac=00;36:*.au=00;36:*.flac=00;36:*.m4a=00;36:*.mid=00;36:*.midi=00;36:*.mka=00;36:*.mp3=00;36:*.mpc=00;36:*.ogg=00;36:*.ra=00;36:*.wav=00;36:*.oga=00;36:*.opus=00;36:*.spx=00;36:*.xspf=00;36:'), ('AMENT_PREFIX_PATH', '/mnt/c/work/ubuntu_work/HiveFlight/ros2_ws/install:/opt/ros/humble'), ('SHELL', '/bin/bash'), ('LESSCLOSE', '/usr/bin/lesspipe %s %s'), ('PWD', '/mnt/c/work/ubuntu_work/HiveFlight/ros2_ws/build/hiveflight_sim'), ('XDG_DATA_DIRS', '/usr/local/share:/usr/share:/var/lib/snapd/desktop'), ('PYTHONPATH', '/mnt/c/work/ubuntu_work/HiveFlight/ros2_ws/install/local/lib/python3.10/dist-packages:/opt/ros/humble/lib/python3.10/site-packages:/opt/ros/humble/local/lib/python3.10/dist-packages'), ('COLCON', '1'), ('WSL2_GUI_APPS_ENABLED', '1'), ('HOSTTYPE', 'x86_64'), ('CMAKE_PREFIX_PATH', '/mnt/c/work/ubuntu_work/HiveFlight/ros2_ws/install:/opt/ros/humble'), ('WSLENV', '')]), 'shell': False}
[102.597485] (-) TimerEvent: {}
[102.706876] (-) TimerEvent: {}
[102.816294] (-) TimerEvent: {}
[102.924175] (-) TimerEvent: {}
[103.034553] (-) TimerEvent: {}
[103.144125] (-) TimerEvent: {}
[103.249963] (-) TimerEvent: {}
[103.359346] (-) TimerEvent: {}
[103.468763] (-) TimerEvent: {}
[103.577970] (-) TimerEvent: {}
[103.687207] (-) TimerEvent: {}
[103.796429] (-) TimerEvent: {}
[103.906173] (-) TimerEvent: {}
[104.015541] (-) TimerEvent: {}
[104.124760] (-) TimerEvent: {}
[104.233887] (-) TimerEvent: {}
[104.271677] (hiveflight_sim) StdoutLine: {'line': b'-- The C compiler identification is GNU 11.4.0\n'}
[104.336779] (-) TimerEvent: {}
[104.445979] (-) TimerEvent: {}
[104.555234] (-) TimerEvent: {}
[104.664448] (-) TimerEvent: {}
[104.773945] (-) TimerEvent: {}
[104.883700] (-) TimerEvent: {}
[104.993523] (-) TimerEvent: {}
[105.102778] (-) TimerEvent: {}
[105.212075] (-) TimerEvent: {}
[105.321565] (-) TimerEvent: {}
[105.430128] (-) TimerEvent: {}
[105.538396] (-) TimerEvent: {}
[105.645914] (-) TimerEvent: {}
[105.753734] (-) TimerEvent: {}
[105.861487] (-) TimerEvent: {}
[105.969342] (-) TimerEvent: {}
[106.076896] (-) TimerEvent: {}
[106.183623] (-) TimerEvent: {}
[106.293384] (-) TimerEvent: {}
[106.311166] (hiveflight_sim) StdoutLine: {'line': b'-- The CXX compiler identification is GNU 11.4.0\n'}
[106.396923] (-) TimerEvent: {}
[106.504571] (-) TimerEvent: {}
[106.612045] (-) TimerEvent: {}
[106.719518] (-) TimerEvent: {}
[106.826912] (-) TimerEvent: {}
[106.934377] (-) TimerEvent: {}
[107.041997] (-) TimerEvent: {}
[107.149547] (-) TimerEvent: {}
[107.254715] (-) TimerEvent: {}
[107.298982] (hiveflight_sim) StdoutLine: {'line': b'-- Detecting C compiler ABI info\n'}
[107.358209] (-) TimerEvent: {}
[107.465240] (-) TimerEvent: {}
[107.572716] (-) TimerEvent: {}
[107.680326] (-) TimerEvent: {}
[107.787681] (-) TimerEvent: {}
[107.895029] (-) TimerEvent: {}
[108.002622] (-) TimerEvent: {}
[108.109952] (-) TimerEvent: {}
[108.217294] (-) TimerEvent: {}
[108.324612] (-) TimerEvent: {}
[108.432436] (-) TimerEvent: {}
[108.539670] (-) TimerEvent: {}
[108.647480] (-) TimerEvent: {}
[108.754855] (-) TimerEvent: {}
[108.862160] (-) TimerEvent: {}
[108.969479] (-) TimerEvent: {}
[109.073893] (-) TimerEvent: {}
[109.181352] (-) TimerEvent: {}
[109.288780] (-) TimerEvent: {}
[109.396384] (-) TimerEvent: {}
[109.503870] (-) TimerEvent: {}
[109.611564] (-) TimerEvent: {}
[109.719131] (-) TimerEvent: {}
[109.826816] (-) TimerEvent: {}
[109.934387] (-) TimerEvent: {}
[109.993107] (hiveflight_sim) StdoutLine: {'line': b'-- Detecting C compiler ABI info - done\n'}
[110.037144] (-) TimerEvent: {}
[110.087913] (hiveflight_sim) StdoutLine: {'line': b'-- Check for working C compiler: /usr/bin/cc - skipped\n'}
[110.092296] (hiveflight_sim) StdoutLine: {'line': b'-- Detecting C compile features\n'}
[110.095516] (hiveflight_sim) StdoutLine: {'line': b'-- Detecting C compile features - done\n'}
[110.139220] (-) TimerEvent: {}
[110.246847] (-) TimerEvent: {}
[110.251794] (hiveflight_sim) StdoutLine: {'line': b'-- Detecting CXX compiler ABI info\n'}
[110.352911] (-) TimerEvent: {}
[110.460253] (-) TimerEvent: {}
[110.568063] (-) TimerEvent: {}
[110.675491] (-) TimerEvent: {}
[110.782971] (-) TimerEvent: {}
[110.890650] (-) TimerEvent: {}
[110.998190] (-) TimerEvent: {}
[111.126737] (-) TimerEvent: {}
[111.230591] (-) TimerEvent: {}
[111.338295] (-) TimerEvent: {}
[111.446111] (-) TimerEvent: {}
[111.553699] (-) TimerEvent: {}
[111.661296] (-) TimerEvent: {}
[111.769180] (-) TimerEvent: {}
[111.876783] (-) TimerEvent: {}
[111.984306] (-) TimerEvent: {}
[112.092315] (-) TimerEvent: {}
[112.197914] (-) TimerEvent: {}
[112.305302] (-) TimerEvent: {}
[112.413026] (-) TimerEvent: {}
[112.520568] (-) TimerEvent: {}
[112.628662] (-) TimerEvent: {}
[112.736278] (-) TimerEvent: {}
[112.843829] (-) TimerEvent: {}
[112.951428] (-) TimerEvent: {}
[113.059018] (-) TimerEvent: {}
[113.166536] (-) TimerEvent: {}
[113.186951] (hiveflight_sim) StdoutLine: {'line': b'-- Detecting CXX compiler ABI info - done\n'}
[113.268598] (hiveflight_sim) StdoutLine: {'line': b'-- Check for working CXX compiler: /usr/bin/c++ - skipped\n'}
[113.271877] (-) TimerEvent: {}
[113.272620] (hiveflight_sim) StdoutLine: {'line': b'-- Detecting CXX compile features\n'}
[113.274996] (hiveflight_sim) StdoutLine: {'line': b'-- Detecting CXX compile features - done\n'}
[113.377137] (-) TimerEvent: {}
[113.484565] (-) TimerEvent: {}
[113.492956] (hiveflight_sim) StdoutLine: {'line': b'-- Found ament_cmake: 1.3.14 (/opt/ros/humble/share/ament_cmake/cmake)\n'}
[113.590378] (-) TimerEvent: {}
[113.696334] (-) TimerEvent: {}
[113.803131] (-) TimerEvent: {}
[113.906445] (-) TimerEvent: {}
[114.012910] (-) TimerEvent: {}
[114.119406] (-) TimerEvent: {}
[114.226849] (-) TimerEvent: {}
[114.334195] (-) TimerEvent: {}
[114.441841] (-) TimerEvent: {}
[114.549503] (-) TimerEvent: {}
[114.656943] (-) TimerEvent: {}
[114.764745] (-) TimerEvent: {}
[114.872814] (-) TimerEvent: {}
[114.980381] (-) TimerEvent: {}
[115.086296] (-) TimerEvent: {}
[115.191861] (-) TimerEvent: {}
[115.294362] (-) TimerEvent: {}
[115.396246] (-) TimerEvent: {}
[115.498055] (-) TimerEvent: {}
[115.599786] (-) TimerEvent: {}
[115.701215] (-) TimerEvent: {}
[115.802879] (-) TimerEvent: {}
[115.904539] (-) TimerEvent: {}
[116.006583] (-) TimerEvent: {}
[116.042711] (hiveflight_sim) StdoutLine: {'line': b'-- Found Python3: /usr/bin/python3 (found version "3.10.12") found components: Interpreter \n'}
[116.107565] (-) TimerEvent: {}
[116.213822] (-) TimerEvent: {}
[116.320928] (-) TimerEvent: {}
[116.428154] (-) TimerEvent: {}
[116.535524] (-) TimerEvent: {}
[116.641792] (-) TimerEvent: {}
[116.749225] (-) TimerEvent: {}
[116.856031] (-) TimerEvent: {}
[116.963672] (-) TimerEvent: {}
[117.071876] (-) TimerEvent: {}
[117.179917] (-) TimerEvent: {}
[117.287581] (-) TimerEvent: {}
[117.395187] (-) TimerEvent: {}
[117.503034] (-) TimerEvent: {}
[117.610477] (-) TimerEvent: {}
[117.717801] (-) TimerEvent: {}
[117.863228] (-) TimerEvent: {}
[117.971516] (-) TimerEvent: {}
[118.078794] (-) TimerEvent: {}
[118.185819] (-) TimerEvent: {}
[118.292541] (-) TimerEvent: {}
[118.400240] (-) TimerEvent: {}
[118.507650] (-) TimerEvent: {}
[118.614877] (-) TimerEvent: {}
[118.698849] (hiveflight_sim) StdoutLine: {'line': b'-- Found rclcpp: 16.0.19 (/opt/ros/humble/share/rclcpp/cmake)\n'}
[118.727277] (-) TimerEvent: {}
[118.834692] (-) TimerEvent: {}
[118.942642] (-) TimerEvent: {}
[119.050090] (-) TimerEvent: {}
[119.157474] (-) TimerEvent: {}
[119.263057] (-) TimerEvent: {}
[119.371416] (-) TimerEvent: {}
[119.478962] (-) TimerEvent: {}
[119.586275] (-) TimerEvent: {}
[119.694377] (-) TimerEvent: {}
[119.800826] (-) TimerEvent: {}
[119.908445] (-) TimerEvent: {}
[120.015960] (-) TimerEvent: {}
[120.123414] (-) TimerEvent: {}
[120.230799] (-) TimerEvent: {}
[120.310644] (hiveflight_sim) StdoutLine: {'line': b'-- Found rosidl_generator_c: 3.1.8 (/opt/ros/humble/share/rosidl_generator_c/cmake)\n'}
[120.331174] (-) TimerEvent: {}
[120.437984] (-) TimerEvent: {}
[120.518685] (hiveflight_sim) StdoutLine: {'line': b'-- Found rosidl_adapter: 3.1.8 (/opt/ros/humble/share/rosidl_adapter/cmake)\n'}
[120.538523] (-) TimerEvent: {}
[120.645455] (-) TimerEvent: {}
[120.723333] (hiveflight_sim) StdoutLine: {'line': b'-- Found rosidl_generator_cpp: 3.1.8 (/opt/ros/humble/share/rosidl_generator_cpp/cmake)\n'}
[120.745757] (-) TimerEvent: {}
[120.853232] (-) TimerEvent: {}
[120.959880] (-) TimerEvent: {}
[120.996347] (hiveflight_sim) StdoutLine: {'line': b'-- Using all available rosidl_typesupport_c: rosidl_typesupport_fastrtps_c;rosidl_typesupport_introspection_c\n'}
[121.062878] (-) TimerEvent: {}
[121.170283] (-) TimerEvent: {}
[121.277884] (-) TimerEvent: {}
[121.311037] (hiveflight_sim) StdoutLine: {'line': b'-- Using all available rosidl_typesupport_cpp: rosidl_typesupport_fastrtps_cpp;rosidl_typesupport_introspection_cpp\n'}
[121.381071] (-) TimerEvent: {}
[121.488302] (-) TimerEvent: {}
[121.596874] (-) TimerEvent: {}
[121.704271] (-) TimerEvent: {}
[121.811774] (-) TimerEvent: {}
[121.918213] (-) TimerEvent: {}
[122.026181] (-) TimerEvent: {}
[122.133878] (-) TimerEvent: {}
[122.241085] (-) TimerEvent: {}
[122.348672] (-) TimerEvent: {}
[122.456172] (-) TimerEvent: {}
[122.525135] (hiveflight_sim) StdoutLine: {'line': b'-- Found rmw_implementation_cmake: 6.1.2 (/opt/ros/humble/share/rmw_implementation_cmake/cmake)\n'}
[122.556885] (-) TimerEvent: {}
[122.634840] (hiveflight_sim) StdoutLine: {'line': b'-- Found rmw_fastrtps_cpp: 6.2.10 (/opt/ros/humble/share/rmw_fastrtps_cpp/cmake)\n'}
[122.657139] (-) TimerEvent: {}
[122.765972] (-) TimerEvent: {}
[122.871860] (-) TimerEvent: {}
[122.979736] (-) TimerEvent: {}
[123.087062] (-) TimerEvent: {}
[123.191523] (-) TimerEvent: {}
[123.297221] (-) TimerEvent: {}
[123.404598] (-) TimerEvent: {}
[123.512036] (-) TimerEvent: {}
[123.649279] (-) TimerEvent: {}
[123.760416] (-) TimerEvent: {}
[123.870160] (-) TimerEvent: {}
[123.980015] (-) TimerEvent: {}
[124.090284] (-) TimerEvent: {}
[124.200579] (-) TimerEvent: {}
[124.310555] (-) TimerEvent: {}
[124.420162] (-) TimerEvent: {}
[124.529961] (-) TimerEvent: {}
[124.640112] (-) TimerEvent: {}
[124.750106] (-) TimerEvent: {}
[124.860089] (-) TimerEvent: {}
[124.970173] (-) TimerEvent: {}
[125.079901] (-) TimerEvent: {}
[125.181161] (-) TimerEvent: {}
[125.289408] (-) TimerEvent: {}
[125.399742] (-) TimerEvent: {}
[125.510100] (-) TimerEvent: {}
[125.620274] (-) TimerEvent: {}
[125.725853] (-) TimerEvent: {}
[125.827412] (-) TimerEvent: {}
[125.937050] (-) TimerEvent: {}
[126.047143] (-) TimerEvent: {}
[126.157692] (-) TimerEvent: {}
[126.267830] (-) TimerEvent: {}
[126.378828] (-) TimerEvent: {}
[126.480325] (-) TimerEvent: {}
[126.600504] (-) TimerEvent: {}
[126.710094] (-) TimerEvent: {}
[126.819806] (-) TimerEvent: {}
[126.930503] (-) TimerEvent: {}
[127.040412] (-) TimerEvent: {}
[127.150239] (-) TimerEvent: {}
[127.257099] (-) TimerEvent: {}
[127.367118] (-) TimerEvent: {}
[127.477137] (-) TimerEvent: {}
[127.587439] (-) TimerEvent: {}
[127.698118] (-) TimerEvent: {}
[127.807335] (-) TimerEvent: {}
[127.918167] (-) TimerEvent: {}
[128.028247] (-) TimerEvent: {}
[128.030899] (hiveflight_sim) StdoutLine: {'line': b'-- Found OpenSSL: /usr/lib/x86_64-linux-gnu/libcrypto.so (found version "3.0.2")  \n'}
[128.133655] (-) TimerEvent: {}
[128.243940] (-) TimerEvent: {}
[128.354291] (-) TimerEvent: {}
[128.464259] (-) TimerEvent: {}
[128.574353] (-) TimerEvent: {}
[128.684134] (-) TimerEvent: {}
[128.793992] (-) TimerEvent: {}
[128.903746] (-) TimerEvent: {}
[129.013938] (-) TimerEvent: {}
[129.124000] (-) TimerEvent: {}
[129.233949] (-) TimerEvent: {}
[129.343616] (-) TimerEvent: {}
[129.457890] (-) TimerEvent: {}
[129.567588] (-) TimerEvent: {}
[129.677296] (-) TimerEvent: {}
[129.788212] (-) TimerEvent: {}
[129.899518] (-) TimerEvent: {}
[130.009811] (-) TimerEvent: {}
[130.119421] (-) TimerEvent: {}
[130.229764] (-) TimerEvent: {}
[130.340018] (-) TimerEvent: {}
[130.450420] (-) TimerEvent: {}
[130.560245] (-) TimerEvent: {}
[130.670219] (-) TimerEvent: {}
[130.779855] (-) TimerEvent: {}
[130.890386] (-) TimerEvent: {}
[131.000455] (-) TimerEvent: {}
[131.110701] (-) TimerEvent: {}
[131.213913] (-) TimerEvent: {}
[131.323741] (-) TimerEvent: {}
[131.431677] (-) TimerEvent: {}
[131.538950] (-) TimerEvent: {}
[131.646507] (-) TimerEvent: {}
[131.754308] (-) TimerEvent: {}
[131.812975] (hiveflight_sim) StdoutLine: {'line': b'-- Found FastRTPS: /opt/ros/humble/include  \n'}
[131.856033] (-) TimerEvent: {}
[131.964387] (-) TimerEvent: {}
[132.071070] (-) TimerEvent: {}
[132.179209] (-) TimerEvent: {}
[132.287729] (-) TimerEvent: {}
[132.396165] (-) TimerEvent: {}
[132.505688] (-) TimerEvent: {}
[132.613789] (-) TimerEvent: {}
[132.722283] (-) TimerEvent: {}
[132.831029] (-) TimerEvent: {}
[132.940449] (-) TimerEvent: {}
[133.048800] (-) TimerEvent: {}
[133.157222] (-) TimerEvent: {}
[133.265067] (-) TimerEvent: {}
[133.373471] (-) TimerEvent: {}
[133.482266] (-) TimerEvent: {}
[133.590435] (-) TimerEvent: {}
[133.698467] (-) TimerEvent: {}
[133.806992] (-) TimerEvent: {}
[133.915185] (-) TimerEvent: {}
[134.023330] (-) TimerEvent: {}
[134.131418] (-) TimerEvent: {}
[134.239443] (-) TimerEvent: {}
[134.347588] (-) TimerEvent: {}
[134.455825] (-) TimerEvent: {}
[134.564435] (-) TimerEvent: {}
[134.672508] (-) TimerEvent: {}
[134.781193] (-) TimerEvent: {}
[134.889525] (-) TimerEvent: {}
[134.996410] (-) TimerEvent: {}
[135.104756] (-) TimerEvent: {}
[135.208053] (-) TimerEvent: {}
[135.317185] (-) TimerEvent: {}
[135.425373] (-) TimerEvent: {}
[135.533753] (-) TimerEvent: {}
[135.641884] (-) TimerEvent: {}
[135.750310] (-) TimerEvent: {}
[135.858307] (-) TimerEvent: {}
[135.966444] (-) TimerEvent: {}
[136.074802] (-) TimerEvent: {}
[136.183417] (-) TimerEvent: {}
[136.291959] (-) TimerEvent: {}
[136.400435] (-) TimerEvent: {}
[136.508797] (-) TimerEvent: {}
[136.611516] (-) TimerEvent: {}
[136.718692] (-) TimerEvent: {}
[136.826878] (-) TimerEvent: {}
[136.935385] (-) TimerEvent: {}
[137.038713] (-) TimerEvent: {}
[137.146852] (-) TimerEvent: {}
[137.254998] (-) TimerEvent: {}
[137.363342] (-) TimerEvent: {}
[137.472423] (-) TimerEvent: {}
[137.580337] (-) TimerEvent: {}
[137.688477] (-) TimerEvent: {}
[137.796782] (-) TimerEvent: {}
[137.905292] (-) TimerEvent: {}
[137.986603] (hiveflight_sim) StdoutLine: {'line': b"-- Using RMW implementation 'rmw_fastrtps_cpp' as default\n"}
[138.005613] (-) TimerEvent: {}
[138.112984] (-) TimerEvent: {}
[138.219916] (-) TimerEvent: {}
[138.328364] (-) TimerEvent: {}
[138.416763] (hiveflight_sim) StdoutLine: {'line': b'-- Looking for pthread.h\n'}
[138.429519] (-) TimerEvent: {}
[138.538210] (-) TimerEvent: {}
[138.646487] (-) TimerEvent: {}
[138.754863] (-) TimerEvent: {}
[138.863386] (-) TimerEvent: {}
[138.971826] (-) TimerEvent: {}
[139.080877] (-) TimerEvent: {}
[139.189562] (-) TimerEvent: {}
[139.303092] (-) TimerEvent: {}
[139.414272] (-) TimerEvent: {}
[139.523044] (-) TimerEvent: {}
[139.631648] (-) TimerEvent: {}
[139.740214] (-) TimerEvent: {}
[139.848825] (-) TimerEvent: {}
[139.957255] (-) TimerEvent: {}
[140.065170] (-) TimerEvent: {}
[140.172797] (-) TimerEvent: {}
[140.278485] (-) TimerEvent: {}
[140.379754] (-) TimerEvent: {}
[140.485506] (-) TimerEvent: {}
[140.593089] (-) TimerEvent: {}
[140.706036] (-) TimerEvent: {}
[140.813757] (-) TimerEvent: {}
[140.921307] (-) TimerEvent: {}
[141.023418] (-) TimerEvent: {}
[141.131479] (-) TimerEvent: {}
[141.239229] (-) TimerEvent: {}
[141.347145] (-) TimerEvent: {}
[141.373544] (hiveflight_sim) StdoutLine: {'line': b'-- Looking for pthread.h - found\n'}
[141.404514] (hiveflight_sim) StdoutLine: {'line': b'-- Performing Test CMAKE_HAVE_LIBC_PTHREAD\n'}
[141.449818] (-) TimerEvent: {}
[141.551990] (-) TimerEvent: {}
[141.653295] (-) TimerEvent: {}
[141.760177] (-) TimerEvent: {}
[141.867797] (-) TimerEvent: {}
[141.974143] (-) TimerEvent: {}
[142.080326] (-) TimerEvent: {}
[142.188006] (-) TimerEvent: {}
[142.289379] (-) TimerEvent: {}
[142.395705] (-) TimerEvent: {}
[142.497510] (-) TimerEvent: {}
[142.599022] (-) TimerEvent: {}
[142.706087] (-) TimerEvent: {}
[142.813706] (-) TimerEvent: {}
[142.921656] (-) TimerEvent: {}
[143.024387] (-) TimerEvent: {}
[143.131892] (-) TimerEvent: {}
[143.236740] (-) TimerEvent: {}
[143.344838] (-) TimerEvent: {}
[143.452395] (-) TimerEvent: {}
[143.553789] (-) TimerEvent: {}
[143.659639] (-) TimerEvent: {}
[143.767433] (-) TimerEvent: {}
[143.875137] (-) TimerEvent: {}
[143.982319] (-) TimerEvent: {}
[143.983625] (hiveflight_sim) StdoutLine: {'line': b'-- Performing Test CMAKE_HAVE_LIBC_PTHREAD - Success\n'}
[143.998182] (hiveflight_sim) StdoutLine: {'line': b'-- Found Threads: TRUE  \n'}
[144.086711] (-) TimerEvent: {}
[144.192551] (-) TimerEvent: {}
[144.299313] (-) TimerEvent: {}
[144.406065] (-) TimerEvent: {}
[144.512472] (-) TimerEvent: {}
[144.529009] (hiveflight_sim) StdoutLine: {'line': b'-- Found geometry_msgs: 4.9.1 (/opt/ros/humble/share/geometry_msgs/cmake)\n'}
[144.616988] (-) TimerEvent: {}
[144.721207] (hiveflight_sim) StdoutLine: {'line': b'-- Found hiveflight_interfaces: 0.0.1 (/mnt/c/work/ubuntu_work/HiveFlight/ros2_ws/install/share/hiveflight_interfaces/cmake)\n'}
[144.723272] (-) TimerEvent: {}
[144.830640] (-) TimerEvent: {}
[144.934292] (-) TimerEvent: {}
[145.036493] (-) TimerEvent: {}
[145.143971] (-) TimerEvent: {}
[145.251569] (-) TimerEvent: {}
[145.359158] (-) TimerEvent: {}
[145.466770] (-) TimerEvent: {}
[145.574366] (-) TimerEvent: {}
[145.681902] (-) TimerEvent: {}
[145.789441] (-) TimerEvent: {}
[145.829561] (hiveflight_sim) StderrLine: {'line': b'\x1b[31mCMake Error at CMakeLists.txt:13 (message):\n'}
[145.832121] (hiveflight_sim) StderrLine: {'line': b'  SwarmSimulation3D.cpp not found at:\n'}
[145.833833] (hiveflight_sim) StderrLine: {'line': b'  /mnt/c/work/ubuntu_work/HiveFlight/ros2_ws/src/hiveflight_sim/../../SwarmSimulation3D.cpp\n'}
[145.835460] (hiveflight_sim) StderrLine: {'line': b'\n'}
[145.837238] (hiveflight_sim) StderrLine: {'line': b'\x1b[0m\n'}
[145.839309] (hiveflight_sim) StdoutLine: {'line': b'-- Configuring incomplete, errors occurred!\n'}
[145.841051] (hiveflight_sim) StdoutLine: {'line': b'See also "/mnt/c/work/ubuntu_work/HiveFlight/ros2_ws/build/hiveflight_sim/CMakeFiles/CMakeOutput.log".\n'}
[145.890727] (-) TimerEvent: {}
[145.932500] (hiveflight_sim) CommandEnded: {'returncode': 1}
[145.994325] (-) TimerEvent: {}
[146.101755] (-) TimerEvent: {}
[146.209884] (-) TimerEvent: {}
[146.317319] (-) TimerEvent: {}
[146.424846] (-) TimerEvent: {}
[146.532561] (-) TimerEvent: {}
[146.640519] (-) TimerEvent: {}
[146.748184] (-) TimerEvent: {}
[146.856063] (-) TimerEvent: {}
[146.963863] (-) TimerEvent: {}
[147.071418] (-) TimerEvent: {}
[147.179088] (-) TimerEvent: {}
[147.286715] (-) TimerEvent: {}
[147.393984] (-) TimerEvent: {}
[147.407355] (hiveflight_sim) JobEnded: {'identifier': 'hiveflight_sim', 'rc': 1}
[147.436550] (hiveflight_sim_node) JobSkipped: {'identifier': 'hiveflight_sim_node'}
[147.437365] (-) EventReactorShutdown: {}
