[0.000000] (-) TimerEvent: {}
[0.001333] (hiveflight_interfaces) JobQueued: {'identifier': 'hiveflight_interfaces', 'dependencies': OrderedDict()}
[0.001702] (hiveflight_sim) JobQueued: {'identifier': 'hiveflight_sim', 'dependencies': OrderedDict([('hiveflight_interfaces', '/mnt/c/work/ubuntu_work/HiveFlight/ros2_ws/install')])}
[0.002171] (hiveflight_sim_node) JobQueued: {'identifier': 'hiveflight_sim_node', 'dependencies': OrderedDict([('hiveflight_interfaces', '/mnt/c/work/ubuntu_work/HiveFlight/ros2_ws/install'), ('hiveflight_sim', '/mnt/c/work/ubuntu_work/HiveFlight/ros2_ws/install')])}
[0.003072] (hiveflight_interfaces) JobStarted: {'identifier': 'hiveflight_interfaces'}
[0.097342] (-) TimerEvent: {}
[0.140788] (hiveflight_interfaces) JobProgress: {'identifier': 'hiveflight_interfaces', 'progress': 'cmake'}
[0.197600] (-) TimerEvent: {}
[0.298879] (-) TimerEvent: {}
[0.308620] (hiveflight_interfaces) Command: {'cmd': ['/usr/bin/cmake', '/mnt/c/work/ubuntu_work/HiveFlight/ros2_ws/src/hiveflight_interfaces', '-DCMAKE_INSTALL_PREFIX=/mnt/c/work/ubuntu_work/HiveFlight/ros2_ws/install'], 'cwd': '/mnt/c/work/ubuntu_work/HiveFlight/ros2_ws/build/hiveflight_interfaces', 'env': OrderedDict([('LESSOPEN', '| /usr/bin/lesspipe %s'), ('USER', 'ivano'), ('SHLVL', '2'), ('LD_LIBRARY_PATH', '/usr/lib/x86_64-linux-gnu/gazebo-11/plugins:/mnt/c/work/ubuntu_work/HiveFlight/ros2_ws/install/lib:/home/ivano/hiveflight_ws/install/hiveflight_interfaces/lib:/opt/ros/humble/opt/rviz_ogre_vendor/lib:/opt/ros/humble/lib/x86_64-linux-gnu:/opt/ros/humble/lib'), ('MOTD_SHOWN', 'update-motd'), ('HOME', '/home/ivano'), ('OLDPWD', '/mnt/c/work/ubuntu_work/HiveFlight'), ('ROS_PYTHON_VERSION', '3'), ('DBUS_SESSION_BUS_ADDRESS', 'unix:path=/run/user/1000/bus'), ('WSL_DISTRO_NAME', 'Ubuntu-22.04'), ('WAYLAND_DISPLAY', 'wayland-0'), ('COLCON_PREFIX_PATH', '/mnt/c/work/ubuntu_work/HiveFlight/ros2_ws/install:/home/ivano/hiveflight_ws/install'), ('ROS_DISTRO', 'humble'), ('LOGNAME', 'ivano'), ('NAME', 'LAPTOP-7K9MEH4D'), ('WSL_INTEROP', '/run/WSL/331_interop'), ('PULSE_SERVER', 'unix:/mnt/wslg/PulseServer'), ('_', '/usr/bin/colcon'), ('ROS_VERSION', '2'), ('TERM', 'xterm-256color'), ('ROS_LOCALHOST_ONLY', '0'), ('PATH', '/opt/ros/humble/bin:/usr/local/sbin:/usr/local/bin:/usr/sbin:/usr/bin:/sbin:/bin:/usr/games:/usr/local/games:/usr/lib/wsl/lib:/mnt/c/Users/ivano/AppData/Roaming/Code/User/globalStorage/github.copilot-chat/debugCommand:/mnt/c/Users/ivano/AppData/Roaming/Code/User/globalStorage/github.copilot-chat/copilotCli:/mnt/c/windows/system32:/mnt/c/windows:/mnt/c/windows/System32/Wbem:/mnt/c/windows/System32/WindowsPowerShell/v1.0/:/mnt/c/windows/System32/OpenSSH/:/mnt/c/Program Files/HP/1E.Performance.Assist/Extensibility/NomadBranch:/mnt/c/Program Files/CMake/bin:/mnt/c/Program Files (x86)/Windows Kits/10/Windows Performance Toolkit/:/mnt/c/Program Files/Git/cmd:/mnt/c/windows/system32:/mnt/c/windows:/mnt/c/windows/System32/Wbem:/mnt/c/windows/System32/WindowsPowerShell/v1.0/:/mnt/c/windows/System32/OpenSSH/:/mnt/c/Program Files/HP/1E.Performance.Assist/Extensibility/NomadBranch:/mnt/c/Program Files/CMake/bin:/mnt/c/Program Files (x86)/Windows Kits/10/Windows Performance Toolkit/:/mnt/c/Program Files/Git/cmd:/mnt/c/vcpkg:/mnt/c/Users/ivano/AppData/Local/Programs/Microsoft VS Code/bin:/snap/bin'), ('XDG_RUNTIME_DIR', '/run/user/1000'), ('DISPLAY', ':0'), ('LANG', 'C.UTF-8'), ('LS_COLORS', 'rs=0:di=01;34:ln=01;36:mh=00:pi=40;33:so=01;35:do=01;35:bd=40;33;01:cd=40;33;01:or=40;31;01:mi=00:su=37;41:sg=30;43:ca=30;41:tw=30;42:ow=34;42:st=37;44:ex=01;32:*.tar=01;31:*.tgz=01;31:*.arc=01;31:*.arj=01;31:*.taz=01;31:*.lha=01;31:*.lz4=01;31:*.lzh=01;31:*.lzma=01;31:*.tlz=01;31:*.txz=01;31:*.tzo=01;31:*.t7z=01;31:*.zip=01;31:*.z=01;31:*.dz=01;31:*.gz=01;31:*.lrz=01;31:*.lz=01;31:*.lzo=01;31:*.xz=01;31:*.zst=01;31:*.tzst=01;31:*.bz2=01;31:*.bz=01;31:*.tbz=01;31:*.tbz2=01;31:*.tz=01;31:*.deb=01;31:*.rpm=01;31:*.jar=01;31:*.war=01;31:*.ear=01;31:*.sar=01;31:*.rar=01;31:*.alz=01;31:*.ace=01;31:*.zoo=01;31:*.cpio=01;31:*.7z=01;31:*.rz=01;31:*.cab=01;31:*.wim=01;31:*.swm=01;31:*.dwm=01;31:*.esd=01;31:*.jpg=01;35:*.jpeg=01;35:*.mjpg=01;35:*.mjpeg=01;35:*.gif=01;35:*.bmp=01;35:*.pbm=01;35:*.pgm=01;35:*.ppm=01;35:*.tga=01;35:*.xbm=01;35:*.xpm=01;35:*.tif=01;35:*.tiff=01;35:*.png=01;35:*.svg=01;35:*.svgz=01;35:*.mng=01;35:*.pcx=01;35:*.mov=01;35:*.mpg=01;35:*.mpeg=01;35:*.m2v=01;35:*.mkv=01;35:*.webm=01;35:*.webp=01;35:*.ogm=01;35:*.mp4=01;35:*.m4v=01;35:*.mp4v=01;35:*.vob=01;35:*.qt=01;35:*.nuv=01;35:*.wmv=01;35:*.asf=01;35:*.rm=01;35:*.rmvb=01;35:*.flc=01;35:*.avi=01;35:*.fli=01;35:*.flv=01;35:*.gl=01;35:*.dl=01;35:*.xcf=01;35:*.xwd=01;35:*.yuv=01;35:*.cgm=01;35:*.emf=01;35:*.ogv=01;35:*.ogx=01;35:*.aac=00;36:*.au=00;36:*.flac=00;36:*.m4a=00;36:*.mid=00;36:*.midi=00;36:*.mka=00;36:*.mp3=00;36:*.mpc=00;36:*.ogg=00;36:*.ra=00;36:*.wav=00;36:*.oga=00;36:*.opus=00;36:*.spx=00;36:*.xspf=00;36:'), ('AMENT_PREFIX_PATH', '/mnt/c/work/ubuntu_work/HiveFlight/ros2_ws/install:/home/ivano/hiveflight_ws/install/hiveflight_interfaces:/home/ivano/hiveflight_ws/install/hiveflight:/opt/ros/humble'), ('SHELL', '/bin/bash'), ('LESSCLOSE', '/usr/bin/lesspipe %s %s'), ('PWD', '/mnt/c/work/ubuntu_work/HiveFlight/ros2_ws/build/hiveflight_interfaces'), ('XDG_DATA_DIRS', '/usr/local/share:/usr/share:/var/lib/snapd/desktop'), ('PYTHONPATH', '/mnt/c/work/ubuntu_work/HiveFlight/ros2_ws/install/local/lib/python3.10/dist-packages:/home/ivano/hiveflight_ws/install/hiveflight_interfaces/local/lib/python3.10/dist-packages:/opt/ros/humble/lib/python3.10/site-packages:/opt/ros/humble/local/lib/python3.10/dist-packages'), ('COLCON', '1'), ('WSL2_GUI_APPS_ENABLED', '1'), ('HOSTTYPE', 'x86_64'), ('CMAKE_PREFIX_PATH', '/mnt/c/work/ubuntu_work/HiveFlight/ros2_ws/install:/home/ivano/hiveflight_ws/install/hiveflight_interfaces:/home/ivano/hiveflight_ws/install/hiveflight:/opt/ros/humble'), ('WSLENV', '')]), 'shell': False}
[0.398978] (-) TimerEvent: {}
[0.500182] (-) TimerEvent: {}
[0.601021] (-) TimerEvent: {}
[0.702419] (-) TimerEvent: {}
[0.803677] (-) TimerEvent: {}
[0.905223] (-) TimerEvent: {}
[0.980497] (hiveflight_interfaces) StdoutLine: {'line': b'-- The C compiler identification is GNU 11.4.0\n'}
[1.005476] (-) TimerEvent: {}
[1.106314] (-) TimerEvent: {}
[1.207125] (-) TimerEvent: {}
[1.307749] (-) TimerEvent: {}
[1.408369] (-) TimerEvent: {}
[1.509018] (-) TimerEvent: {}
[1.555957] (hiveflight_interfaces) StdoutLine: {'line': b'-- The CXX compiler identification is GNU 11.4.0\n'}
[1.609239] (-) TimerEvent: {}
[1.710040] (-) TimerEvent: {}
[1.810636] (-) TimerEvent: {}
[1.830956] (hiveflight_interfaces) StdoutLine: {'line': b'-- Detecting C compiler ABI info\n'}
[1.910824] (-) TimerEvent: {}
[2.011468] (-) TimerEvent: {}
[2.112189] (-) TimerEvent: {}
[2.212863] (-) TimerEvent: {}
[2.313793] (-) TimerEvent: {}
[2.414658] (-) TimerEvent: {}
[2.515293] (-) TimerEvent: {}
[2.535298] (hiveflight_interfaces) StdoutLine: {'line': b'-- Detecting C compiler ABI info - done\n'}
[2.556186] (hiveflight_interfaces) StdoutLine: {'line': b'-- Check for working C compiler: /usr/bin/cc - skipped\n'}
[2.557184] (hiveflight_interfaces) StdoutLine: {'line': b'-- Detecting C compile features\n'}
[2.558106] (hiveflight_interfaces) StdoutLine: {'line': b'-- Detecting C compile features - done\n'}
[2.611296] (hiveflight_interfaces) StdoutLine: {'line': b'-- Detecting CXX compiler ABI info\n'}
[2.615488] (-) TimerEvent: {}
[2.716426] (-) TimerEvent: {}
[2.817236] (-) TimerEvent: {}
[2.918258] (-) TimerEvent: {}
[3.019288] (-) TimerEvent: {}
[3.119821] (-) TimerEvent: {}
[3.220421] (-) TimerEvent: {}
[3.320991] (-) TimerEvent: {}
[3.327425] (hiveflight_interfaces) StdoutLine: {'line': b'-- Detecting CXX compiler ABI info - done\n'}
[3.349911] (hiveflight_interfaces) StdoutLine: {'line': b'-- Check for working CXX compiler: /usr/bin/c++ - skipped\n'}
[3.351079] (hiveflight_interfaces) StdoutLine: {'line': b'-- Detecting CXX compile features\n'}
[3.352066] (hiveflight_interfaces) StdoutLine: {'line': b'-- Detecting CXX compile features - done\n'}
[3.419342] (hiveflight_interfaces) StdoutLine: {'line': b'-- Found ament_cmake: 1.3.14 (/opt/ros/humble/share/ament_cmake/cmake)\n'}
[3.421077] (-) TimerEvent: {}
[3.521556] (-) TimerEvent: {}
[3.622108] (-) TimerEvent: {}
[3.714495] (hiveflight_interfaces) StdoutLine: {'line': b'-- Found Python3: /usr/bin/python3 (found version "3.10.12") found components: Interpreter \n'}
[3.722232] (-) TimerEvent: {}
[3.822772] (-) TimerEvent: {}
[3.923257] (-) TimerEvent: {}
[4.023927] (-) TimerEvent: {}
[4.124688] (-) TimerEvent: {}
[4.217079] (hiveflight_interfaces) StdoutLine: {'line': b'-- Found geometry_msgs: 4.9.1 (/opt/ros/humble/share/geometry_msgs/cmake)\n'}
[4.224821] (-) TimerEvent: {}
[4.325462] (-) TimerEvent: {}
[4.426248] (-) TimerEvent: {}
[4.527088] (-) TimerEvent: {}
[4.569414] (hiveflight_interfaces) StdoutLine: {'line': b'-- Found rosidl_generator_c: 3.1.8 (/opt/ros/humble/share/rosidl_generator_c/cmake)\n'}
[4.620872] (hiveflight_interfaces) StdoutLine: {'line': b'-- Found rosidl_adapter: 3.1.8 (/opt/ros/humble/share/rosidl_adapter/cmake)\n'}
[4.627176] (-) TimerEvent: {}
[4.671391] (hiveflight_interfaces) StdoutLine: {'line': b'-- Found rosidl_generator_cpp: 3.1.8 (/opt/ros/humble/share/rosidl_generator_cpp/cmake)\n'}
[4.727616] (-) TimerEvent: {}
[4.736179] (hiveflight_interfaces) StdoutLine: {'line': b'-- Using all available rosidl_typesupport_c: rosidl_typesupport_fastrtps_c;rosidl_typesupport_introspection_c\n'}
[4.820110] (hiveflight_interfaces) StdoutLine: {'line': b'-- Using all available rosidl_typesupport_cpp: rosidl_typesupport_fastrtps_cpp;rosidl_typesupport_introspection_cpp\n'}
[4.827667] (-) TimerEvent: {}
[4.915084] (hiveflight_interfaces) StdoutLine: {'line': b'-- Found rosidl_default_generators: 1.2.1 (/opt/ros/humble/share/rosidl_default_generators/cmake)\n'}
[4.927798] (-) TimerEvent: {}
[5.028549] (-) TimerEvent: {}
[5.129147] (-) TimerEvent: {}
[5.229867] (-) TimerEvent: {}
[5.330383] (-) TimerEvent: {}
[5.430924] (-) TimerEvent: {}
[5.531588] (-) TimerEvent: {}
[5.632133] (-) TimerEvent: {}
[5.732649] (-) TimerEvent: {}
[5.833355] (-) TimerEvent: {}
[5.899443] (hiveflight_interfaces) StdoutLine: {'line': b'-- Found ament_cmake_ros: 0.10.0 (/opt/ros/humble/share/ament_cmake_ros/cmake)\n'}
[5.933494] (-) TimerEvent: {}
[6.034078] (-) TimerEvent: {}
[6.134657] (-) TimerEvent: {}
[6.235373] (-) TimerEvent: {}
[6.336000] (-) TimerEvent: {}
[6.436602] (-) TimerEvent: {}
[6.537186] (-) TimerEvent: {}
[6.637950] (-) TimerEvent: {}
[6.738488] (-) TimerEvent: {}
[6.839061] (-) TimerEvent: {}
[6.940063] (-) TimerEvent: {}
[7.041194] (-) TimerEvent: {}
[7.142003] (-) TimerEvent: {}
[7.242915] (-) TimerEvent: {}
[7.343566] (-) TimerEvent: {}
[7.444776] (-) TimerEvent: {}
[7.545766] (-) TimerEvent: {}
[7.646520] (-) TimerEvent: {}
[7.747096] (-) TimerEvent: {}
[7.847851] (-) TimerEvent: {}
[7.948712] (-) TimerEvent: {}
[8.049265] (-) TimerEvent: {}
[8.149895] (-) TimerEvent: {}
[8.251415] (-) TimerEvent: {}
[8.333622] (hiveflight_interfaces) StdoutLine: {'line': b'-- Using all available rosidl_typesupport_c: rosidl_typesupport_fastrtps_c;rosidl_typesupport_introspection_c\n'}
[8.351489] (-) TimerEvent: {}
[8.452067] (-) TimerEvent: {}
[8.552779] (-) TimerEvent: {}
[8.653538] (-) TimerEvent: {}
[8.754114] (-) TimerEvent: {}
[8.854749] (-) TimerEvent: {}
[8.955425] (-) TimerEvent: {}
[9.055997] (-) TimerEvent: {}
[9.156471] (-) TimerEvent: {}
[9.206608] (hiveflight_interfaces) StdoutLine: {'line': b'-- Using all available rosidl_typesupport_cpp: rosidl_typesupport_fastrtps_cpp;rosidl_typesupport_introspection_cpp\n'}
[9.256690] (-) TimerEvent: {}
[9.322364] (hiveflight_interfaces) StdoutLine: {'line': b'-- Found PythonInterp: /usr/bin/python3 (found suitable version "3.10.12", minimum required is "3.6") \n'}
[9.346061] (hiveflight_interfaces) StdoutLine: {'line': b'-- Found python_cmake_module: 0.10.0 (/opt/ros/humble/share/python_cmake_module/cmake)\n'}
[9.356845] (-) TimerEvent: {}
[9.457610] (-) TimerEvent: {}
[9.558436] (-) TimerEvent: {}
[9.632590] (hiveflight_interfaces) StdoutLine: {'line': b'-- Found PythonLibs: /usr/lib/x86_64-linux-gnu/libpython3.10.so (found suitable version "3.10.12", minimum required is "3.5") \n'}
[9.633977] (hiveflight_interfaces) StdoutLine: {'line': b'-- Using PYTHON_EXECUTABLE: /usr/bin/python3\n'}
[9.634789] (hiveflight_interfaces) StdoutLine: {'line': b'-- Using PYTHON_INCLUDE_DIRS: /usr/include/python3.10\n'}
[9.635510] (hiveflight_interfaces) StdoutLine: {'line': b'-- Using PYTHON_LIBRARIES: /usr/lib/x86_64-linux-gnu/libpython3.10.so\n'}
[9.658567] (-) TimerEvent: {}
[9.667979] (hiveflight_interfaces) StdoutLine: {'line': b'-- Found PythonExtra: .so  \n'}
[9.758703] (-) TimerEvent: {}
[9.859229] (-) TimerEvent: {}
[9.959851] (-) TimerEvent: {}
[10.060723] (-) TimerEvent: {}
[10.161386] (-) TimerEvent: {}
[10.262156] (-) TimerEvent: {}
[10.363052] (-) TimerEvent: {}
[10.463598] (-) TimerEvent: {}
[10.564065] (-) TimerEvent: {}
[10.664691] (-) TimerEvent: {}
[10.765527] (-) TimerEvent: {}
[10.866106] (-) TimerEvent: {}
[10.966907] (-) TimerEvent: {}
[11.067851] (-) TimerEvent: {}
[11.168733] (-) TimerEvent: {}
[11.269678] (-) TimerEvent: {}
[11.370837] (-) TimerEvent: {}
[11.458726] (hiveflight_interfaces) StdoutLine: {'line': b'-- Configuring done\n'}
[11.470923] (-) TimerEvent: {}
[11.571593] (-) TimerEvent: {}
[11.672296] (-) TimerEvent: {}
[11.773059] (-) TimerEvent: {}
[11.873710] (-) TimerEvent: {}
[11.974285] (-) TimerEvent: {}
[12.074966] (-) TimerEvent: {}
[12.175475] (-) TimerEvent: {}
[12.276143] (-) TimerEvent: {}
[12.376838] (-) TimerEvent: {}
[12.477520] (-) TimerEvent: {}
[12.578078] (-) TimerEvent: {}
[12.678741] (-) TimerEvent: {}
[12.779733] (-) TimerEvent: {}
[12.880385] (-) TimerEvent: {}
[12.980941] (-) TimerEvent: {}
[13.081699] (-) TimerEvent: {}
[13.182372] (-) TimerEvent: {}
[13.282870] (-) TimerEvent: {}
[13.314854] (hiveflight_interfaces) StdoutLine: {'line': b'-- Generating done\n'}
[13.382966] (-) TimerEvent: {}
[13.483635] (-) TimerEvent: {}
[13.584463] (-) TimerEvent: {}
[13.685179] (-) TimerEvent: {}
[13.786100] (-) TimerEvent: {}
[13.887096] (-) TimerEvent: {}
[13.945174] (hiveflight_interfaces) StdoutLine: {'line': b'-- Build files have been written to: /mnt/c/work/ubuntu_work/HiveFlight/ros2_ws/build/hiveflight_interfaces\n'}
[13.957656] (hiveflight_interfaces) CommandEnded: {'returncode': 0}
[13.964542] (hiveflight_interfaces) JobProgress: {'identifier': 'hiveflight_interfaces', 'progress': 'build'}
[13.970720] (hiveflight_interfaces) Command: {'cmd': ['/usr/bin/cmake', '--build', '/mnt/c/work/ubuntu_work/HiveFlight/ros2_ws/build/hiveflight_interfaces', '--', '-j16', '-l16'], 'cwd': '/mnt/c/work/ubuntu_work/HiveFlight/ros2_ws/build/hiveflight_interfaces', 'env': OrderedDict([('LESSOPEN', '| /usr/bin/lesspipe %s'), ('USER', 'ivano'), ('SHLVL', '2'), ('LD_LIBRARY_PATH', '/usr/lib/x86_64-linux-gnu/gazebo-11/plugins:/mnt/c/work/ubuntu_work/HiveFlight/ros2_ws/install/lib:/home/ivano/hiveflight_ws/install/hiveflight_interfaces/lib:/opt/ros/humble/opt/rviz_ogre_vendor/lib:/opt/ros/humble/lib/x86_64-linux-gnu:/opt/ros/humble/lib'), ('MOTD_SHOWN', 'update-motd'), ('HOME', '/home/ivano'), ('OLDPWD', '/mnt/c/work/ubuntu_work/HiveFlight'), ('ROS_PYTHON_VERSION', '3'), ('DBUS_SESSION_BUS_ADDRESS', 'unix:path=/run/user/1000/bus'), ('WSL_DISTRO_NAME', 'Ubuntu-22.04'), ('WAYLAND_DISPLAY', 'wayland-0'), ('COLCON_PREFIX_PATH', '/mnt/c/work/ubuntu_work/HiveFlight/ros2_ws/install:/home/ivano/hiveflight_ws/install'), ('ROS_DISTRO', 'humble'), ('LOGNAME', 'ivano'), ('NAME', 'LAPTOP-7K9MEH4D'), ('WSL_INTEROP', '/run/WSL/331_interop'), ('PULSE_SERVER', 'unix:/mnt/wslg/PulseServer'), ('_', '/usr/bin/colcon'), ('ROS_VERSION', '2'), ('TERM', 'xterm-256color'), ('ROS_LOCALHOST_ONLY', '0'), ('PATH', '/opt/ros/humble/bin:/usr/local/sbin:/usr/local/bin:/usr/sbin:/usr/bin:/sbin:/bin:/usr/games:/usr/local/games:/usr/lib/wsl/lib:/mnt/c/Users/ivano/AppData/Roaming/Code/User/globalStorage/github.copilot-chat/debugCommand:/mnt/c/Users/ivano/AppData/Roaming/Code/User/globalStorage/github.copilot-chat/copilotCli:/mnt/c/windows/system32:/mnt/c/windows:/mnt/c/windows/System32/Wbem:/mnt/c/windows/System32/WindowsPowerShell/v1.0/:/mnt/c/windows/System32/OpenSSH/:/mnt/c/Program Files/HP/1E.Performance.Assist/Extensibility/NomadBranch:/mnt/c/Program Files/CMake/bin:/mnt/c/Program Files (x86)/Windows Kits/10/Windows Performance Toolkit/:/mnt/c/Program Files/Git/cmd:/mnt/c/windows/system32:/mnt/c/windows:/mnt/c/windows/System32/Wbem:/mnt/c/windows/System32/WindowsPowerShell/v1.0/:/mnt/c/windows/System32/OpenSSH/:/mnt/c/Program Files/HP/1E.Performance.Assist/Extensibility/NomadBranch:/mnt/c/Program Files/CMake/bin:/mnt/c/Program Files (x86)/Windows Kits/10/Windows Performance Toolkit/:/mnt/c/Program Files/Git/cmd:/mnt/c/vcpkg:/mnt/c/Users/ivano/AppData/Local/Programs/Microsoft VS Code/bin:/snap/bin'), ('XDG_RUNTIME_DIR', '/run/user/1000'), ('DISPLAY', ':0'), ('LANG', 'C.UTF-8'), ('LS_COLORS', 'rs=0:di=01;34:ln=01;36:mh=00:pi=40;33:so=01;35:do=01;35:bd=40;33;01:cd=40;33;01:or=40;31;01:mi=00:su=37;41:sg=30;43:ca=30;41:tw=30;42:ow=34;42:st=37;44:ex=01;32:*.tar=01;31:*.tgz=01;31:*.arc=01;31:*.arj=01;31:*.taz=01;31:*.lha=01;31:*.lz4=01;31:*.lzh=01;31:*.lzma=01;31:*.tlz=01;31:*.txz=01;31:*.tzo=01;31:*.t7z=01;31:*.zip=01;31:*.z=01;31:*.dz=01;31:*.gz=01;31:*.lrz=01;31:*.lz=01;31:*.lzo=01;31:*.xz=01;31:*.zst=01;31:*.tzst=01;31:*.bz2=01;31:*.bz=01;31:*.tbz=01;31:*.tbz2=01;31:*.tz=01;31:*.deb=01;31:*.rpm=01;31:*.jar=01;31:*.war=01;31:*.ear=01;31:*.sar=01;31:*.rar=01;31:*.alz=01;31:*.ace=01;31:*.zoo=01;31:*.cpio=01;31:*.7z=01;31:*.rz=01;31:*.cab=01;31:*.wim=01;31:*.swm=01;31:*.dwm=01;31:*.esd=01;31:*.jpg=01;35:*.jpeg=01;35:*.mjpg=01;35:*.mjpeg=01;35:*.gif=01;35:*.bmp=01;35:*.pbm=01;35:*.pgm=01;35:*.ppm=01;35:*.tga=01;35:*.xbm=01;35:*.xpm=01;35:*.tif=01;35:*.tiff=01;35:*.png=01;35:*.svg=01;35:*.svgz=01;35:*.mng=01;35:*.pcx=01;35:*.mov=01;35:*.mpg=01;35:*.mpeg=01;35:*.m2v=01;35:*.mkv=01;35:*.webm=01;35:*.webp=01;35:*.ogm=01;35:*.mp4=01;35:*.m4v=01;35:*.mp4v=01;35:*.vob=01;35:*.qt=01;35:*.nuv=01;35:*.wmv=01;35:*.asf=01;35:*.rm=01;35:*.rmvb=01;35:*.flc=01;35:*.avi=01;35:*.fli=01;35:*.flv=01;35:*.gl=01;35:*.dl=01;35:*.xcf=01;35:*.xwd=01;35:*.yuv=01;35:*.cgm=01;35:*.emf=01;35:*.ogv=01;35:*.ogx=01;35:*.aac=00;36:*.au=00;36:*.flac=00;36:*.m4a=00;36:*.mid=00;36:*.midi=00;36:*.mka=00;36:*.mp3=00;36:*.mpc=00;36:*.ogg=00;36:*.ra=00;36:*.wav=00;36:*.oga=00;36:*.opus=00;36:*.spx=00;36:*.xspf=00;36:'), ('AMENT_PREFIX_PATH', '/mnt/c/work/ubuntu_work/HiveFlight/ros2_ws/install:/home/ivano/hiveflight_ws/install/hiveflight_interfaces:/home/ivano/hiveflight_ws/install/hiveflight:/opt/ros/humble'), ('SHELL', '/bin/bash'), ('LESSCLOSE', '/usr/bin/lesspipe %s %s'), ('PWD', '/mnt/c/work/ubuntu_work/HiveFlight/ros2_ws/build/hiveflight_interfaces'), ('XDG_DATA_DIRS', '/usr/local/share:/usr/share:/var/lib/snapd/desktop'), ('PYTHONPATH', '/mnt/c/work/ubuntu_work/HiveFlight/ros2_ws/install/local/lib/python3.10/dist-packages:/home/ivano/hiveflight_ws/install/hiveflight_interfaces/local/lib/python3.10/dist-packages:/opt/ros/humble/lib/python3.10/site-packages:/opt/ros/humble/local/lib/python3.10/dist-packages'), ('COLCON', '1'), ('WSL2_GUI_APPS_ENABLED', '1'), ('HOSTTYPE', 'x86_64'), ('CMAKE_PREFIX_PATH', '/mnt/c/work/ubuntu_work/HiveFlight/ros2_ws/install:/home/ivano/hiveflight_ws/install/hiveflight_interfaces:/home/ivano/hiveflight_ws/install/hiveflight:/opt/ros/humble'), ('WSLENV', '')]), 'shell': False}
[13.987297] (-) TimerEvent: {}
[14.088197] (-) TimerEvent: {}
[14.189498] (-) TimerEvent: {}
[14.253348] (hiveflight_interfaces) StdoutLine: {'line': b'[  3%] \x1b[34m\x1b[1mGenerating C code for ROS interfaces\x1b[0m\n'}
[14.289649] (-) TimerEvent: {}
[14.295071] (hiveflight_interfaces) StdoutLine: {'line': b'[  6%] \x1b[34m\x1b[1mGenerating Rust code for ROS interfaces\x1b[0m\n'}
[14.319354] (hiveflight_interfaces) StdoutLine: {'line': b'[  9%] \x1b[34m\x1b[1mGenerating C++ code for ROS interfaces\x1b[0m\n'}
[14.352410] (hiveflight_interfaces) StdoutLine: {'line': b'[  9%] Built target ament_cmake_python_copy_hiveflight_interfaces\n'}
[14.389826] (-) TimerEvent: {}
[14.490606] (-) TimerEvent: {}
[14.591866] (-) TimerEvent: {}
[14.743443] (-) TimerEvent: {}
[14.779038] (hiveflight_interfaces) StdoutLine: {'line': b'[  9%] Built target hiveflight_interfaces__rs\n'}
[14.788217] (hiveflight_interfaces) StdoutLine: {'line': b'[  9%] Built target hiveflight_interfaces__cpp\n'}
[14.828060] (hiveflight_interfaces) StderrLine: {'line': b"gmake[2]: Warning: File 'rosidl_generator_c/hiveflight_interfaces/msg/detail/drone_message__functions.c' has modification time 0.16 s in the future\n"}
[14.843560] (-) TimerEvent: {}
[14.862592] (hiveflight_interfaces) StdoutLine: {'line': b'running egg_info\n'}
[14.864264] (hiveflight_interfaces) StdoutLine: {'line': b'creating hiveflight_interfaces.egg-info\n'}
[14.866330] (hiveflight_interfaces) StdoutLine: {'line': b'[ 12%] \x1b[34m\x1b[1mGenerating C++ introspection for ROS interfaces\x1b[0m\n'}
[14.869867] (hiveflight_interfaces) StdoutLine: {'line': b'writing hiveflight_interfaces.egg-info/PKG-INFO\n'}
[14.874855] (hiveflight_interfaces) StdoutLine: {'line': b'[ 15%] \x1b[34m\x1b[1mGenerating C++ type support for eProsima Fast-RTPS\x1b[0m\n'}
[14.877364] (hiveflight_interfaces) StdoutLine: {'line': b'writing dependency_links to hiveflight_interfaces.egg-info/dependency_links.txt\n'}
[14.882120] (hiveflight_interfaces) StdoutLine: {'line': b'[ 18%] \x1b[32mBuilding C object CMakeFiles/hiveflight_interfaces__rosidl_generator_c.dir/rosidl_generator_c/hiveflight_interfaces/msg/detail/drone_message__functions.c.o\x1b[0m\n'}
[14.886597] (hiveflight_interfaces) StdoutLine: {'line': b'writing top-level names to hiveflight_interfaces.egg-info/top_level.txt\n'}
[14.893562] (hiveflight_interfaces) StdoutLine: {'line': b'[ 21%] \x1b[34m\x1b[1mGenerating C++ type support dispatch for ROS interfaces\x1b[0m\n'}
[14.895425] (hiveflight_interfaces) StdoutLine: {'line': b"writing manifest file 'hiveflight_interfaces.egg-info/SOURCES.txt'\n"}
[14.920778] (hiveflight_interfaces) StdoutLine: {'line': b"reading manifest file 'hiveflight_interfaces.egg-info/SOURCES.txt'\n"}
[14.943702] (-) TimerEvent: {}
[14.957152] (hiveflight_interfaces) StdoutLine: {'line': b"writing manifest file 'hiveflight_interfaces.egg-info/SOURCES.txt'\n"}
[15.043773] (-) TimerEvent: {}
[15.077864] (hiveflight_interfaces) StdoutLine: {'line': b'[ 21%] Built target ament_cmake_python_build_hiveflight_interfaces_egg\n'}
[15.143997] (-) TimerEvent: {}
[15.244758] (-) TimerEvent: {}
[15.260305] (hiveflight_interfaces) StdoutLine: {'line': b'[ 25%] \x1b[32m\x1b[1mLinking C shared library libhiveflight_interfaces__rosidl_generator_c.so\x1b[0m\n'}
[15.274979] (hiveflight_interfaces) StderrLine: {'line': b"gmake[2]: Warning: File 'rosidl_typesupport_cpp/hiveflight_interfaces/msg/drone_message__type_support.cpp' has modification time 0.2 s in the future\n"}
[15.295656] (hiveflight_interfaces) StderrLine: {'line': b"gmake[2]: Warning: File 'rosidl_typesupport_fastrtps_cpp/hiveflight_interfaces/msg/detail/dds_fastrtps/drone_message__type_support.cpp' has modification time 0.16 s in the future\n"}
[15.297004] (hiveflight_interfaces) StderrLine: {'line': b"gmake[2]: Warning: File 'rosidl_typesupport_introspection_cpp/hiveflight_interfaces/msg/detail/drone_message__type_support.cpp' has modification time 0.23 s in the future\n"}
[15.316431] (hiveflight_interfaces) StdoutLine: {'line': b'[ 28%] \x1b[32mBuilding CXX object CMakeFiles/hiveflight_interfaces__rosidl_typesupport_cpp.dir/rosidl_typesupport_cpp/hiveflight_interfaces/msg/drone_message__type_support.cpp.o\x1b[0m\n'}
[15.327410] (hiveflight_interfaces) StdoutLine: {'line': b'[ 31%] \x1b[32mBuilding CXX object CMakeFiles/hiveflight_interfaces__rosidl_typesupport_fastrtps_cpp.dir/rosidl_typesupport_fastrtps_cpp/hiveflight_interfaces/msg/detail/dds_fastrtps/drone_message__type_support.cpp.o\x1b[0m\n'}
[15.338900] (hiveflight_interfaces) StdoutLine: {'line': b'[ 34%] \x1b[32mBuilding CXX object CMakeFiles/hiveflight_interfaces__rosidl_typesupport_introspection_cpp.dir/rosidl_typesupport_introspection_cpp/hiveflight_interfaces/msg/detail/drone_message__type_support.cpp.o\x1b[0m\n'}
[15.344862] (-) TimerEvent: {}
[15.445571] (-) TimerEvent: {}
[15.546506] (-) TimerEvent: {}
[15.648479] (hiveflight_interfaces) StderrLine: {'line': b'gmake[2]: warning:  Clock skew detected.  Your build may be incomplete.\n'}
[15.650858] (-) TimerEvent: {}
[15.746230] (hiveflight_interfaces) StdoutLine: {'line': b'[ 34%] Built target hiveflight_interfaces__rosidl_generator_c\n'}
[15.751042] (-) TimerEvent: {}
[15.852357] (-) TimerEvent: {}
[15.898615] (hiveflight_interfaces) StdoutLine: {'line': b'[ 40%] \x1b[34m\x1b[1mGenerating C introspection for ROS interfaces\x1b[0m\n'}
[15.905393] (hiveflight_interfaces) StdoutLine: {'line': b'[ 40%] \x1b[34m\x1b[1mGenerating C type support for eProsima Fast-RTPS\x1b[0m\n'}
[15.951260] (hiveflight_interfaces) StdoutLine: {'line': b'[ 43%] \x1b[34m\x1b[1mGenerating C type support dispatch for ROS interfaces\x1b[0m\n'}
[15.953025] (-) TimerEvent: {}
[16.053887] (-) TimerEvent: {}
[16.155233] (-) TimerEvent: {}
[16.256291] (-) TimerEvent: {}
[16.357900] (-) TimerEvent: {}
[16.459024] (-) TimerEvent: {}
[16.561319] (-) TimerEvent: {}
[16.575229] (hiveflight_interfaces) StdoutLine: {'line': b'[ 46%] \x1b[32m\x1b[1mLinking CXX shared library libhiveflight_interfaces__rosidl_typesupport_cpp.so\x1b[0m\n'}
[16.661602] (-) TimerEvent: {}
[16.762802] (-) TimerEvent: {}
[16.791140] (hiveflight_interfaces) StderrLine: {'line': b"gmake[2]: Warning: File 'rosidl_typesupport_c/hiveflight_interfaces/msg/drone_message__type_support.cpp' has modification time 0.16 s in the future\n"}
[16.819214] (hiveflight_interfaces) StderrLine: {'line': b"gmake[2]: Warning: File 'rosidl_typesupport_fastrtps_c/hiveflight_interfaces/msg/detail/drone_message__type_support_c.cpp' has modification time 0.2 s in the future\n"}
[16.859820] (hiveflight_interfaces) StderrLine: {'line': b"gmake[2]: Warning: File 'rosidl_typesupport_introspection_c/hiveflight_interfaces/msg/detail/drone_message__type_support.c' has modification time 0.19 s in the future\n"}
[16.862917] (-) TimerEvent: {}
[16.866921] (hiveflight_interfaces) StdoutLine: {'line': b'[ 50%] \x1b[32mBuilding CXX object CMakeFiles/hiveflight_interfaces__rosidl_typesupport_c.dir/rosidl_typesupport_c/hiveflight_interfaces/msg/drone_message__type_support.cpp.o\x1b[0m\n'}
[16.902035] (hiveflight_interfaces) StdoutLine: {'line': b'[ 53%] \x1b[32mBuilding CXX object CMakeFiles/hiveflight_interfaces__rosidl_typesupport_fastrtps_c.dir/rosidl_typesupport_fastrtps_c/hiveflight_interfaces/msg/detail/drone_message__type_support_c.cpp.o\x1b[0m\n'}
[16.926941] (hiveflight_interfaces) StdoutLine: {'line': b'[ 56%] \x1b[32mBuilding C object CMakeFiles/hiveflight_interfaces__rosidl_typesupport_introspection_c.dir/rosidl_typesupport_introspection_c/hiveflight_interfaces/msg/detail/drone_message__type_support.c.o\x1b[0m\n'}
[16.961918] (hiveflight_interfaces) StderrLine: {'line': b'gmake[2]: warning:  Clock skew detected.  Your build may be incomplete.\n'}
[16.964892] (-) TimerEvent: {}
[17.045728] (hiveflight_interfaces) StdoutLine: {'line': b'[ 56%] Built target hiveflight_interfaces__rosidl_typesupport_cpp\n'}
[17.065770] (-) TimerEvent: {}
[17.130602] (hiveflight_interfaces) StdoutLine: {'line': b'[ 59%] \x1b[32m\x1b[1mLinking CXX shared library libhiveflight_interfaces__rosidl_typesupport_introspection_cpp.so\x1b[0m\n'}
[17.165918] (-) TimerEvent: {}
[17.217407] (hiveflight_interfaces) StdoutLine: {'line': b'[ 62%] \x1b[32m\x1b[1mLinking CXX shared library libhiveflight_interfaces__rosidl_typesupport_c.so\x1b[0m\n'}
[17.256776] (hiveflight_interfaces) StdoutLine: {'line': b'[ 65%] \x1b[32m\x1b[1mLinking CXX shared library libhiveflight_interfaces__rosidl_typesupport_fastrtps_cpp.so\x1b[0m\n'}
[17.266022] (-) TimerEvent: {}
[17.367414] (-) TimerEvent: {}
[17.468821] (-) TimerEvent: {}
[17.523539] (hiveflight_interfaces) StdoutLine: {'line': b'[ 68%] \x1b[32m\x1b[1mLinking C shared library libhiveflight_interfaces__rosidl_typesupport_introspection_c.so\x1b[0m\n'}
[17.530331] (hiveflight_interfaces) StderrLine: {'line': b'gmake[2]: warning:  Clock skew detected.  Your build may be incomplete.\n'}
[17.532106] (hiveflight_interfaces) StderrLine: {'line': b'gmake[2]: warning:  Clock skew detected.  Your build may be incomplete.\n'}
[17.569029] (-) TimerEvent: {}
[17.577984] (hiveflight_interfaces) StdoutLine: {'line': b'[ 68%] Built target hiveflight_interfaces__rosidl_typesupport_introspection_cpp\n'}
[17.607566] (hiveflight_interfaces) StdoutLine: {'line': b'[ 68%] Built target hiveflight_interfaces__rosidl_typesupport_c\n'}
[17.669250] (-) TimerEvent: {}
[17.672116] (hiveflight_interfaces) StderrLine: {'line': b'gmake[2]: warning:  Clock skew detected.  Your build may be incomplete.\n'}
[17.730715] (hiveflight_interfaces) StdoutLine: {'line': b'[ 68%] Built target hiveflight_interfaces__rosidl_typesupport_fastrtps_cpp\n'}
[17.769802] (-) TimerEvent: {}
[17.807271] (hiveflight_interfaces) StderrLine: {'line': b'gmake[2]: warning:  Clock skew detected.  Your build may be incomplete.\n'}
[17.867773] (hiveflight_interfaces) StdoutLine: {'line': b'[ 68%] Built target hiveflight_interfaces__rosidl_typesupport_introspection_c\n'}
[17.869959] (-) TimerEvent: {}
[17.970892] (-) TimerEvent: {}
[18.056149] (hiveflight_interfaces) StdoutLine: {'line': b'[ 71%] \x1b[32m\x1b[1mLinking CXX shared library libhiveflight_interfaces__rosidl_typesupport_fastrtps_c.so\x1b[0m\n'}
[18.071031] (-) TimerEvent: {}
[18.171800] (-) TimerEvent: {}
[18.272940] (-) TimerEvent: {}
[18.358283] (hiveflight_interfaces) StderrLine: {'line': b'gmake[2]: warning:  Clock skew detected.  Your build may be incomplete.\n'}
[18.373107] (-) TimerEvent: {}
[18.416863] (hiveflight_interfaces) StdoutLine: {'line': b'[ 71%] Built target hiveflight_interfaces__rosidl_typesupport_fastrtps_c\n'}
[18.473268] (-) TimerEvent: {}
[18.560831] (hiveflight_interfaces) StdoutLine: {'line': b'[ 71%] Built target hiveflight_interfaces\n'}
[18.573425] (-) TimerEvent: {}
[18.674643] (-) TimerEvent: {}
[18.716896] (hiveflight_interfaces) StdoutLine: {'line': b'[ 75%] \x1b[34m\x1b[1mGenerating Python code for ROS interfaces\x1b[0m\n'}
[18.774759] (-) TimerEvent: {}
[18.875682] (-) TimerEvent: {}
[18.976324] (-) TimerEvent: {}
[19.058703] (hiveflight_interfaces) StdoutLine: {'line': b'[ 75%] Built target hiveflight_interfaces__py\n'}
[19.076522] (-) TimerEvent: {}
[19.171334] (hiveflight_interfaces) StderrLine: {'line': b"gmake[2]: Warning: File 'rosidl_generator_py/hiveflight_interfaces/msg/_drone_message_s.c' has modification time 0.31 s in the future\n"}
[19.176822] (-) TimerEvent: {}
[19.217138] (hiveflight_interfaces) StdoutLine: {'line': b'[ 78%] \x1b[32mBuilding C object CMakeFiles/hiveflight_interfaces__rosidl_generator_py.dir/rosidl_generator_py/hiveflight_interfaces/msg/_drone_message_s.c.o\x1b[0m\n'}
[19.276938] (-) TimerEvent: {}
[19.377671] (-) TimerEvent: {}
[19.478274] (-) TimerEvent: {}
[19.579162] (-) TimerEvent: {}
[19.613675] (hiveflight_interfaces) StdoutLine: {'line': b'[ 81%] \x1b[32m\x1b[1mLinking C shared library rosidl_generator_py/hiveflight_interfaces/libhiveflight_interfaces__rosidl_generator_py.so\x1b[0m\n'}
[19.679259] (-) TimerEvent: {}
[19.779776] (-) TimerEvent: {}
[19.874876] (hiveflight_interfaces) StderrLine: {'line': b'gmake[2]: warning:  Clock skew detected.  Your build may be incomplete.\n'}
[19.879887] (-) TimerEvent: {}
[19.919493] (hiveflight_interfaces) StdoutLine: {'line': b'[ 81%] Built target hiveflight_interfaces__rosidl_generator_py\n'}
[19.980069] (-) TimerEvent: {}
[20.014509] (hiveflight_interfaces) StderrLine: {'line': b"gmake[2]: Warning: File 'rosidl_generator_py/hiveflight_interfaces/libhiveflight_interfaces__rosidl_generator_py.so' has modification time 0.36 s in the future\n"}
[20.026539] (hiveflight_interfaces) StderrLine: {'line': b"gmake[2]: Warning: File 'rosidl_generator_py/hiveflight_interfaces/libhiveflight_interfaces__rosidl_generator_py.so' has modification time 0.35 s in the future\n"}
[20.029595] (hiveflight_interfaces) StderrLine: {'line': b"gmake[2]: Warning: File 'rosidl_generator_py/hiveflight_interfaces/libhiveflight_interfaces__rosidl_generator_py.so' has modification time 0.34 s in the future\n"}
[20.049169] (hiveflight_interfaces) StdoutLine: {'line': b'[ 87%] \x1b[32mBuilding C object CMakeFiles/hiveflight_interfaces__rosidl_typesupport_fastrtps_c__pyext.dir/rosidl_generator_py/hiveflight_interfaces/_hiveflight_interfaces_s.ep.rosidl_typesupport_fastrtps_c.c.o\x1b[0m\n'}
[20.050355] (hiveflight_interfaces) StdoutLine: {'line': b'[ 87%] \x1b[32mBuilding C object CMakeFiles/hiveflight_interfaces__rosidl_typesupport_c__pyext.dir/rosidl_generator_py/hiveflight_interfaces/_hiveflight_interfaces_s.ep.rosidl_typesupport_c.c.o\x1b[0m\n'}
[20.067308] (hiveflight_interfaces) StdoutLine: {'line': b'[ 90%] \x1b[32mBuilding C object CMakeFiles/hiveflight_interfaces__rosidl_typesupport_introspection_c__pyext.dir/rosidl_generator_py/hiveflight_interfaces/_hiveflight_interfaces_s.ep.rosidl_typesupport_introspection_c.c.o\x1b[0m\n'}
[20.080237] (-) TimerEvent: {}
[20.180849] (-) TimerEvent: {}
[20.281606] (-) TimerEvent: {}
[20.382442] (-) TimerEvent: {}
[20.483112] (-) TimerEvent: {}
[20.488367] (hiveflight_interfaces) StdoutLine: {'line': b'[ 93%] \x1b[32m\x1b[1mLinking C shared library rosidl_generator_py/hiveflight_interfaces/hiveflight_interfaces_s__rosidl_typesupport_c.cpython-310-x86_64-linux-gnu.so\x1b[0m\n'}
[20.560335] (hiveflight_interfaces) StdoutLine: {'line': b'[ 96%] \x1b[32m\x1b[1mLinking C shared library rosidl_generator_py/hiveflight_interfaces/hiveflight_interfaces_s__rosidl_typesupport_fastrtps_c.cpython-310-x86_64-linux-gnu.so\x1b[0m\n'}
[20.583336] (-) TimerEvent: {}
[20.588593] (hiveflight_interfaces) StdoutLine: {'line': b'[100%] \x1b[32m\x1b[1mLinking C shared library rosidl_generator_py/hiveflight_interfaces/hiveflight_interfaces_s__rosidl_typesupport_introspection_c.cpython-310-x86_64-linux-gnu.so\x1b[0m\n'}
[20.683498] (-) TimerEvent: {}
[20.784374] (-) TimerEvent: {}
[20.786837] (hiveflight_interfaces) StderrLine: {'line': b'gmake[2]: warning:  Clock skew detected.  Your build may be incomplete.\n'}
[20.839250] (hiveflight_interfaces) StdoutLine: {'line': b'[100%] Built target hiveflight_interfaces__rosidl_typesupport_c__pyext\n'}
[20.841806] (hiveflight_interfaces) StderrLine: {'line': b'gmake[2]: warning:  Clock skew detected.  Your build may be incomplete.\n'}
[20.884517] (-) TimerEvent: {}
[20.889032] (hiveflight_interfaces) StdoutLine: {'line': b'[100%] Built target hiveflight_interfaces__rosidl_typesupport_fastrtps_c__pyext\n'}
[20.936434] (hiveflight_interfaces) StderrLine: {'line': b'gmake[2]: warning:  Clock skew detected.  Your build may be incomplete.\n'}
[20.984713] (-) TimerEvent: {}
[20.991590] (hiveflight_interfaces) StdoutLine: {'line': b'[100%] Built target hiveflight_interfaces__rosidl_typesupport_introspection_c__pyext\n'}
[21.084841] (-) TimerEvent: {}
[21.138786] (hiveflight_interfaces) CommandEnded: {'returncode': 0}
[21.157806] (hiveflight_interfaces) JobProgress: {'identifier': 'hiveflight_interfaces', 'progress': 'install'}
[21.185032] (-) TimerEvent: {}
[21.194443] (hiveflight_interfaces) Command: {'cmd': ['/usr/bin/cmake', '--install', '/mnt/c/work/ubuntu_work/HiveFlight/ros2_ws/build/hiveflight_interfaces'], 'cwd': '/mnt/c/work/ubuntu_work/HiveFlight/ros2_ws/build/hiveflight_interfaces', 'env': OrderedDict([('LESSOPEN', '| /usr/bin/lesspipe %s'), ('USER', 'ivano'), ('SHLVL', '2'), ('LD_LIBRARY_PATH', '/usr/lib/x86_64-linux-gnu/gazebo-11/plugins:/mnt/c/work/ubuntu_work/HiveFlight/ros2_ws/install/lib:/home/ivano/hiveflight_ws/install/hiveflight_interfaces/lib:/opt/ros/humble/opt/rviz_ogre_vendor/lib:/opt/ros/humble/lib/x86_64-linux-gnu:/opt/ros/humble/lib'), ('MOTD_SHOWN', 'update-motd'), ('HOME', '/home/ivano'), ('OLDPWD', '/mnt/c/work/ubuntu_work/HiveFlight'), ('ROS_PYTHON_VERSION', '3'), ('DBUS_SESSION_BUS_ADDRESS', 'unix:path=/run/user/1000/bus'), ('WSL_DISTRO_NAME', 'Ubuntu-22.04'), ('WAYLAND_DISPLAY', 'wayland-0'), ('COLCON_PREFIX_PATH', '/mnt/c/work/ubuntu_work/HiveFlight/ros2_ws/install:/home/ivano/hiveflight_ws/install'), ('ROS_DISTRO', 'humble'), ('LOGNAME', 'ivano'), ('NAME', 'LAPTOP-7K9MEH4D'), ('WSL_INTEROP', '/run/WSL/331_interop'), ('PULSE_SERVER', 'unix:/mnt/wslg/PulseServer'), ('_', '/usr/bin/colcon'), ('ROS_VERSION', '2'), ('TERM', 'xterm-256color'), ('ROS_LOCALHOST_ONLY', '0'), ('PATH', '/opt/ros/humble/bin:/usr/local/sbin:/usr/local/bin:/usr/sbin:/usr/bin:/sbin:/bin:/usr/games:/usr/local/games:/usr/lib/wsl/lib:/mnt/c/Users/ivano/AppData/Roaming/Code/User/globalStorage/github.copilot-chat/debugCommand:/mnt/c/Users/ivano/AppData/Roaming/Code/User/globalStorage/github.copilot-chat/copilotCli:/mnt/c/windows/system32:/mnt/c/windows:/mnt/c/windows/System32/Wbem:/mnt/c/windows/System32/WindowsPowerShell/v1.0/:/mnt/c/windows/System32/OpenSSH/:/mnt/c/Program Files/HP/1E.Performance.Assist/Extensibility/NomadBranch:/mnt/c/Program Files/CMake/bin:/mnt/c/Program Files (x86)/Windows Kits/10/Windows Performance Toolkit/:/mnt/c/Program Files/Git/cmd:/mnt/c/windows/system32:/mnt/c/windows:/mnt/c/windows/System32/Wbem:/mnt/c/windows/System32/WindowsPowerShell/v1.0/:/mnt/c/windows/System32/OpenSSH/:/mnt/c/Program Files/HP/1E.Performance.Assist/Extensibility/NomadBranch:/mnt/c/Program Files/CMake/bin:/mnt/c/Program Files (x86)/Windows Kits/10/Windows Performance Toolkit/:/mnt/c/Program Files/Git/cmd:/mnt/c/vcpkg:/mnt/c/Users/ivano/AppData/Local/Programs/Microsoft VS Code/bin:/snap/bin'), ('XDG_RUNTIME_DIR', '/run/user/1000'), ('DISPLAY', ':0'), ('LANG', 'C.UTF-8'), ('LS_COLORS', 'rs=0:di=01;34:ln=01;36:mh=00:pi=40;33:so=01;35:do=01;35:bd=40;33;01:cd=40;33;01:or=40;31;01:mi=00:su=37;41:sg=30;43:ca=30;41:tw=30;42:ow=34;42:st=37;44:ex=01;32:*.tar=01;31:*.tgz=01;31:*.arc=01;31:*.arj=01;31:*.taz=01;31:*.lha=01;31:*.lz4=01;31:*.lzh=01;31:*.lzma=01;31:*.tlz=01;31:*.txz=01;31:*.tzo=01;31:*.t7z=01;31:*.zip=01;31:*.z=01;31:*.dz=01;31:*.gz=01;31:*.lrz=01;31:*.lz=01;31:*.lzo=01;31:*.xz=01;31:*.zst=01;31:*.tzst=01;31:*.bz2=01;31:*.bz=01;31:*.tbz=01;31:*.tbz2=01;31:*.tz=01;31:*.deb=01;31:*.rpm=01;31:*.jar=01;31:*.war=01;31:*.ear=01;31:*.sar=01;31:*.rar=01;31:*.alz=01;31:*.ace=01;31:*.zoo=01;31:*.cpio=01;31:*.7z=01;31:*.rz=01;31:*.cab=01;31:*.wim=01;31:*.swm=01;31:*.dwm=01;31:*.esd=01;31:*.jpg=01;35:*.jpeg=01;35:*.mjpg=01;35:*.mjpeg=01;35:*.gif=01;35:*.bmp=01;35:*.pbm=01;35:*.pgm=01;35:*.ppm=01;35:*.tga=01;35:*.xbm=01;35:*.xpm=01;35:*.tif=01;35:*.tiff=01;35:*.png=01;35:*.svg=01;35:*.svgz=01;35:*.mng=01;35:*.pcx=01;35:*.mov=01;35:*.mpg=01;35:*.mpeg=01;35:*.m2v=01;35:*.mkv=01;35:*.webm=01;35:*.webp=01;35:*.ogm=01;35:*.mp4=01;35:*.m4v=01;35:*.mp4v=01;35:*.vob=01;35:*.qt=01;35:*.nuv=01;35:*.wmv=01;35:*.asf=01;35:*.rm=01;35:*.rmvb=01;35:*.flc=01;35:*.avi=01;35:*.fli=01;35:*.flv=01;35:*.gl=01;35:*.dl=01;35:*.xcf=01;35:*.xwd=01;35:*.yuv=01;35:*.cgm=01;35:*.emf=01;35:*.ogv=01;35:*.ogx=01;35:*.aac=00;36:*.au=00;36:*.flac=00;36:*.m4a=00;36:*.mid=00;36:*.midi=00;36:*.mka=00;36:*.mp3=00;36:*.mpc=00;36:*.ogg=00;36:*.ra=00;36:*.wav=00;36:*.oga=00;36:*.opus=00;36:*.spx=00;36:*.xspf=00;36:'), ('AMENT_PREFIX_PATH', '/mnt/c/work/ubuntu_work/HiveFlight/ros2_ws/install:/home/ivano/hiveflight_ws/install/hiveflight_interfaces:/home/ivano/hiveflight_ws/install/hiveflight:/opt/ros/humble'), ('SHELL', '/bin/bash'), ('LESSCLOSE', '/usr/bin/lesspipe %s %s'), ('PWD', '/mnt/c/work/ubuntu_work/HiveFlight/ros2_ws/build/hiveflight_interfaces'), ('XDG_DATA_DIRS', '/usr/local/share:/usr/share:/var/lib/snapd/desktop'), ('PYTHONPATH', '/mnt/c/work/ubuntu_work/HiveFlight/ros2_ws/install/local/lib/python3.10/dist-packages:/home/ivano/hiveflight_ws/install/hiveflight_interfaces/local/lib/python3.10/dist-packages:/opt/ros/humble/lib/python3.10/site-packages:/opt/ros/humble/local/lib/python3.10/dist-packages'), ('COLCON', '1'), ('WSL2_GUI_APPS_ENABLED', '1'), ('HOSTTYPE', 'x86_64'), ('CMAKE_PREFIX_PATH', '/mnt/c/work/ubuntu_work/HiveFlight/ros2_ws/install:/home/ivano/hiveflight_ws/install/hiveflight_interfaces:/home/ivano/hiveflight_ws/install/hiveflight:/opt/ros/humble'), ('WSLENV', '')]), 'shell': False}
[21.222069] (hiveflight_interfaces) StdoutLine: {'line': b'-- Install configuration: ""\n'}
[21.253934] (hiveflight_interfaces) StdoutLine: {'line': b'-- Installing: /mnt/c/work/ubuntu_work/HiveFlight/ros2_ws/install/share/ament_index/resource_index/rosidl_interfaces/hiveflight_interfaces\n'}
[21.285220] (-) TimerEvent: {}
[21.322815] (hiveflight_interfaces) StdoutLine: {'line': b'-- Installing: /mnt/c/work/ubuntu_work/HiveFlight/ros2_ws/install/include/hiveflight_interfaces/hiveflight_interfaces\n'}
[21.343753] (hiveflight_interfaces) StdoutLine: {'line': b'-- Installing: /mnt/c/work/ubuntu_work/HiveFlight/ros2_ws/install/include/hiveflight_interfaces/hiveflight_interfaces/msg\n'}
[21.371017] (hiveflight_interfaces) StdoutLine: {'line': b'-- Installing: /mnt/c/work/ubuntu_work/HiveFlight/ros2_ws/install/include/hiveflight_interfaces/hiveflight_interfaces/msg/detail\n'}
[21.385392] (-) TimerEvent: {}
[21.411565] (hiveflight_interfaces) StdoutLine: {'line': b'-- Installing: /mnt/c/work/ubuntu_work/HiveFlight/ros2_ws/install/include/hiveflight_interfaces/hiveflight_interfaces/msg/detail/drone_message__functions.c\n'}
[21.485507] (-) TimerEvent: {}
[21.500846] (hiveflight_interfaces) StdoutLine: {'line': b'-- Installing: /mnt/c/work/ubuntu_work/HiveFlight/ros2_ws/install/include/hiveflight_interfaces/hiveflight_interfaces/msg/detail/drone_message__functions.h\n'}
[21.585485] (hiveflight_interfaces) StdoutLine: {'line': b'-- Installing: /mnt/c/work/ubuntu_work/HiveFlight/ros2_ws/install/include/hiveflight_interfaces/hiveflight_interfaces/msg/detail/drone_message__struct.h\n'}
[21.586341] (-) TimerEvent: {}
[21.674548] (hiveflight_interfaces) StdoutLine: {'line': b'-- Installing: /mnt/c/work/ubuntu_work/HiveFlight/ros2_ws/install/include/hiveflight_interfaces/hiveflight_interfaces/msg/detail/drone_message__type_support.h\n'}
[21.686546] (-) TimerEvent: {}
[21.759365] (hiveflight_interfaces) StdoutLine: {'line': b'-- Installing: /mnt/c/work/ubuntu_work/HiveFlight/ros2_ws/install/include/hiveflight_interfaces/hiveflight_interfaces/msg/drone_message.h\n'}
[21.786746] (-) TimerEvent: {}
[21.832552] (hiveflight_interfaces) StdoutLine: {'line': b'-- Installing: /mnt/c/work/ubuntu_work/HiveFlight/ros2_ws/install/include/hiveflight_interfaces/hiveflight_interfaces/msg/rosidl_generator_c__visibility_control.h\n'}
[21.886873] (-) TimerEvent: {}
[21.904758] (hiveflight_interfaces) StdoutLine: {'line': b'-- Installing: /mnt/c/work/ubuntu_work/HiveFlight/ros2_ws/install/share/hiveflight_interfaces/environment/library_path.sh\n'}
[21.955183] (hiveflight_interfaces) StdoutLine: {'line': b'-- Installing: /mnt/c/work/ubuntu_work/HiveFlight/ros2_ws/install/share/hiveflight_interfaces/environment/library_path.dsv\n'}
[21.987005] (-) TimerEvent: {}
[22.017635] (hiveflight_interfaces) StdoutLine: {'line': b'-- Installing: /mnt/c/work/ubuntu_work/HiveFlight/ros2_ws/install/lib/libhiveflight_interfaces__rosidl_generator_c.so\n'}
[22.087365] (-) TimerEvent: {}
[22.101324] (hiveflight_interfaces) StdoutLine: {'line': b'-- Set runtime path of "/mnt/c/work/ubuntu_work/HiveFlight/ros2_ws/install/lib/libhiveflight_interfaces__rosidl_generator_c.so" to ""\n'}
[22.111929] (hiveflight_interfaces) StdoutLine: {'line': b'-- Up-to-date: /mnt/c/work/ubuntu_work/HiveFlight/ros2_ws/install/include/hiveflight_interfaces/hiveflight_interfaces\n'}
[22.131404] (hiveflight_interfaces) StdoutLine: {'line': b'-- Up-to-date: /mnt/c/work/ubuntu_work/HiveFlight/ros2_ws/install/include/hiveflight_interfaces/hiveflight_interfaces/msg\n'}
[22.154591] (hiveflight_interfaces) StdoutLine: {'line': b'-- Up-to-date: /mnt/c/work/ubuntu_work/HiveFlight/ros2_ws/install/include/hiveflight_interfaces/hiveflight_interfaces/msg/detail\n'}
[22.187417] (hiveflight_interfaces) StdoutLine: {'line': b'-- Installing: /mnt/c/work/ubuntu_work/HiveFlight/ros2_ws/install/include/hiveflight_interfaces/hiveflight_interfaces/msg/detail/drone_message__rosidl_typesupport_fastrtps_c.h\n'}
[22.188367] (-) TimerEvent: {}
[22.273102] (hiveflight_interfaces) StdoutLine: {'line': b'-- Installing: /mnt/c/work/ubuntu_work/HiveFlight/ros2_ws/install/include/hiveflight_interfaces/hiveflight_interfaces/msg/rosidl_typesupport_fastrtps_c__visibility_control.h\n'}
[22.288518] (-) TimerEvent: {}
[22.340214] (hiveflight_interfaces) StdoutLine: {'line': b'-- Installing: /mnt/c/work/ubuntu_work/HiveFlight/ros2_ws/install/lib/libhiveflight_interfaces__rosidl_typesupport_fastrtps_c.so\n'}
[22.388662] (-) TimerEvent: {}
[22.428344] (hiveflight_interfaces) StdoutLine: {'line': b'-- Set runtime path of "/mnt/c/work/ubuntu_work/HiveFlight/ros2_ws/install/lib/libhiveflight_interfaces__rosidl_typesupport_fastrtps_c.so" to ""\n'}
[22.437294] (hiveflight_interfaces) StdoutLine: {'line': b'-- Up-to-date: /mnt/c/work/ubuntu_work/HiveFlight/ros2_ws/install/include/hiveflight_interfaces/hiveflight_interfaces\n'}
[22.456604] (hiveflight_interfaces) StdoutLine: {'line': b'-- Up-to-date: /mnt/c/work/ubuntu_work/HiveFlight/ros2_ws/install/include/hiveflight_interfaces/hiveflight_interfaces/msg\n'}
[22.480786] (hiveflight_interfaces) StdoutLine: {'line': b'-- Up-to-date: /mnt/c/work/ubuntu_work/HiveFlight/ros2_ws/install/include/hiveflight_interfaces/hiveflight_interfaces/msg/detail\n'}
[22.488794] (-) TimerEvent: {}
[22.513979] (hiveflight_interfaces) StdoutLine: {'line': b'-- Installing: /mnt/c/work/ubuntu_work/HiveFlight/ros2_ws/install/include/hiveflight_interfaces/hiveflight_interfaces/msg/detail/drone_message__builder.hpp\n'}
[22.588926] (-) TimerEvent: {}
[22.599754] (hiveflight_interfaces) StdoutLine: {'line': b'-- Installing: /mnt/c/work/ubuntu_work/HiveFlight/ros2_ws/install/include/hiveflight_interfaces/hiveflight_interfaces/msg/detail/drone_message__struct.hpp\n'}
[22.689055] (-) TimerEvent: {}
[22.690729] (hiveflight_interfaces) StdoutLine: {'line': b'-- Installing: /mnt/c/work/ubuntu_work/HiveFlight/ros2_ws/install/include/hiveflight_interfaces/hiveflight_interfaces/msg/detail/drone_message__traits.hpp\n'}
[22.781603] (hiveflight_interfaces) StdoutLine: {'line': b'-- Installing: /mnt/c/work/ubuntu_work/HiveFlight/ros2_ws/install/include/hiveflight_interfaces/hiveflight_interfaces/msg/detail/drone_message__type_support.hpp\n'}
[22.789194] (-) TimerEvent: {}
[22.871224] (hiveflight_interfaces) StdoutLine: {'line': b'-- Installing: /mnt/c/work/ubuntu_work/HiveFlight/ros2_ws/install/include/hiveflight_interfaces/hiveflight_interfaces/msg/drone_message.hpp\n'}
[22.889412] (-) TimerEvent: {}
[22.943450] (hiveflight_interfaces) StdoutLine: {'line': b'-- Installing: /mnt/c/work/ubuntu_work/HiveFlight/ros2_ws/install/include/hiveflight_interfaces/hiveflight_interfaces/msg/rosidl_generator_cpp__visibility_control.hpp\n'}
[22.989537] (-) TimerEvent: {}
[23.011459] (hiveflight_interfaces) StdoutLine: {'line': b'-- Up-to-date: /mnt/c/work/ubuntu_work/HiveFlight/ros2_ws/install/include/hiveflight_interfaces/hiveflight_interfaces\n'}
[23.031290] (hiveflight_interfaces) StdoutLine: {'line': b'-- Up-to-date: /mnt/c/work/ubuntu_work/HiveFlight/ros2_ws/install/include/hiveflight_interfaces/hiveflight_interfaces/msg\n'}
[23.054971] (hiveflight_interfaces) StdoutLine: {'line': b'-- Up-to-date: /mnt/c/work/ubuntu_work/HiveFlight/ros2_ws/install/include/hiveflight_interfaces/hiveflight_interfaces/msg/detail\n'}
[23.082090] (hiveflight_interfaces) StdoutLine: {'line': b'-- Installing: /mnt/c/work/ubuntu_work/HiveFlight/ros2_ws/install/include/hiveflight_interfaces/hiveflight_interfaces/msg/detail/dds_fastrtps\n'}
[23.089655] (-) TimerEvent: {}
[23.124815] (hiveflight_interfaces) StdoutLine: {'line': b'-- Installing: /mnt/c/work/ubuntu_work/HiveFlight/ros2_ws/install/include/hiveflight_interfaces/hiveflight_interfaces/msg/detail/drone_message__rosidl_typesupport_fastrtps_cpp.hpp\n'}
[23.189816] (-) TimerEvent: {}
[23.217946] (hiveflight_interfaces) StdoutLine: {'line': b'-- Installing: /mnt/c/work/ubuntu_work/HiveFlight/ros2_ws/install/include/hiveflight_interfaces/hiveflight_interfaces/msg/rosidl_typesupport_fastrtps_cpp__visibility_control.h\n'}
[23.290056] (-) TimerEvent: {}
[23.351385] (hiveflight_interfaces) StdoutLine: {'line': b'-- Installing: /mnt/c/work/ubuntu_work/HiveFlight/ros2_ws/install/lib/libhiveflight_interfaces__rosidl_typesupport_fastrtps_cpp.so\n'}
[23.390219] (-) TimerEvent: {}
[23.480136] (hiveflight_interfaces) StdoutLine: {'line': b'-- Set runtime path of "/mnt/c/work/ubuntu_work/HiveFlight/ros2_ws/install/lib/libhiveflight_interfaces__rosidl_typesupport_fastrtps_cpp.so" to ""\n'}
[23.489360] (hiveflight_interfaces) StdoutLine: {'line': b'-- Up-to-date: /mnt/c/work/ubuntu_work/HiveFlight/ros2_ws/install/include/hiveflight_interfaces/hiveflight_interfaces\n'}
[23.490384] (-) TimerEvent: {}
[23.512848] (hiveflight_interfaces) StdoutLine: {'line': b'-- Up-to-date: /mnt/c/work/ubuntu_work/HiveFlight/ros2_ws/install/include/hiveflight_interfaces/hiveflight_interfaces/msg\n'}
[23.551131] (hiveflight_interfaces) StdoutLine: {'line': b'-- Up-to-date: /mnt/c/work/ubuntu_work/HiveFlight/ros2_ws/install/include/hiveflight_interfaces/hiveflight_interfaces/msg/detail\n'}
[23.590664] (-) TimerEvent: {}
[23.610809] (hiveflight_interfaces) StdoutLine: {'line': b'-- Installing: /mnt/c/work/ubuntu_work/HiveFlight/ros2_ws/install/include/hiveflight_interfaces/hiveflight_interfaces/msg/detail/drone_message__rosidl_typesupport_introspection_c.h\n'}
[23.690910] (-) TimerEvent: {}
[23.768861] (hiveflight_interfaces) StdoutLine: {'line': b'-- Installing: /mnt/c/work/ubuntu_work/HiveFlight/ros2_ws/install/include/hiveflight_interfaces/hiveflight_interfaces/msg/detail/drone_message__type_support.c\n'}
[23.791131] (-) TimerEvent: {}
[23.891955] (-) TimerEvent: {}
[23.921381] (hiveflight_interfaces) StdoutLine: {'line': b'-- Installing: /mnt/c/work/ubuntu_work/HiveFlight/ros2_ws/install/include/hiveflight_interfaces/hiveflight_interfaces/msg/rosidl_typesupport_introspection_c__visibility_control.h\n'}
[23.992091] (-) TimerEvent: {}
[24.034213] (hiveflight_interfaces) StdoutLine: {'line': b'-- Installing: /mnt/c/work/ubuntu_work/HiveFlight/ros2_ws/install/lib/libhiveflight_interfaces__rosidl_typesupport_introspection_c.so\n'}
[24.092237] (-) TimerEvent: {}
[24.118350] (hiveflight_interfaces) StdoutLine: {'line': b'-- Set runtime path of "/mnt/c/work/ubuntu_work/HiveFlight/ros2_ws/install/lib/libhiveflight_interfaces__rosidl_typesupport_introspection_c.so" to ""\n'}
[24.129113] (hiveflight_interfaces) StdoutLine: {'line': b'-- Installing: /mnt/c/work/ubuntu_work/HiveFlight/ros2_ws/install/lib/libhiveflight_interfaces__rosidl_typesupport_c.so\n'}
[24.192369] (-) TimerEvent: {}
[24.205318] (hiveflight_interfaces) StdoutLine: {'line': b'-- Set runtime path of "/mnt/c/work/ubuntu_work/HiveFlight/ros2_ws/install/lib/libhiveflight_interfaces__rosidl_typesupport_c.so" to ""\n'}
[24.214866] (hiveflight_interfaces) StdoutLine: {'line': b'-- Up-to-date: /mnt/c/work/ubuntu_work/HiveFlight/ros2_ws/install/include/hiveflight_interfaces/hiveflight_interfaces\n'}
[24.238975] (hiveflight_interfaces) StdoutLine: {'line': b'-- Up-to-date: /mnt/c/work/ubuntu_work/HiveFlight/ros2_ws/install/include/hiveflight_interfaces/hiveflight_interfaces/msg\n'}
[24.271784] (hiveflight_interfaces) StdoutLine: {'line': b'-- Up-to-date: /mnt/c/work/ubuntu_work/HiveFlight/ros2_ws/install/include/hiveflight_interfaces/hiveflight_interfaces/msg/detail\n'}
[24.292575] (-) TimerEvent: {}
[24.314506] (hiveflight_interfaces) StdoutLine: {'line': b'-- Installing: /mnt/c/work/ubuntu_work/HiveFlight/ros2_ws/install/include/hiveflight_interfaces/hiveflight_interfaces/msg/detail/drone_message__rosidl_typesupport_introspection_cpp.hpp\n'}
[24.392718] (-) TimerEvent: {}
[24.408998] (hiveflight_interfaces) StdoutLine: {'line': b'-- Installing: /mnt/c/work/ubuntu_work/HiveFlight/ros2_ws/install/include/hiveflight_interfaces/hiveflight_interfaces/msg/detail/drone_message__type_support.cpp\n'}
[24.484859] (hiveflight_interfaces) StdoutLine: {'line': b'-- Installing: /mnt/c/work/ubuntu_work/HiveFlight/ros2_ws/install/lib/libhiveflight_interfaces__rosidl_typesupport_introspection_cpp.so\n'}
[24.492866] (-) TimerEvent: {}
[24.561691] (hiveflight_interfaces) StdoutLine: {'line': b'-- Set runtime path of "/mnt/c/work/ubuntu_work/HiveFlight/ros2_ws/install/lib/libhiveflight_interfaces__rosidl_typesupport_introspection_cpp.so" to ""\n'}
[24.575130] (hiveflight_interfaces) StdoutLine: {'line': b'-- Installing: /mnt/c/work/ubuntu_work/HiveFlight/ros2_ws/install/lib/libhiveflight_interfaces__rosidl_typesupport_cpp.so\n'}
[24.593016] (-) TimerEvent: {}
[24.658349] (hiveflight_interfaces) StdoutLine: {'line': b'-- Set runtime path of "/mnt/c/work/ubuntu_work/HiveFlight/ros2_ws/install/lib/libhiveflight_interfaces__rosidl_typesupport_cpp.so" to ""\n'}
[24.672638] (hiveflight_interfaces) StdoutLine: {'line': b'-- Installing: /mnt/c/work/ubuntu_work/HiveFlight/ros2_ws/install/share/hiveflight_interfaces/environment/pythonpath.sh\n'}
[24.693183] (-) TimerEvent: {}
[24.788971] (hiveflight_interfaces) StdoutLine: {'line': b'-- Installing: /mnt/c/work/ubuntu_work/HiveFlight/ros2_ws/install/share/hiveflight_interfaces/environment/pythonpath.dsv\n'}
[24.793319] (-) TimerEvent: {}
[24.842472] (hiveflight_interfaces) StdoutLine: {'line': b'-- Installing: /mnt/c/work/ubuntu_work/HiveFlight/ros2_ws/install/local/lib/python3.10/dist-packages/hiveflight_interfaces-0.0.1-py3.10.egg-info\n'}
[24.880196] (hiveflight_interfaces) StdoutLine: {'line': b'-- Installing: /mnt/c/work/ubuntu_work/HiveFlight/ros2_ws/install/local/lib/python3.10/dist-packages/hiveflight_interfaces-0.0.1-py3.10.egg-info/dependency_links.txt\n'}
[24.893509] (-) TimerEvent: {}
[24.963018] (hiveflight_interfaces) StdoutLine: {'line': b'-- Installing: /mnt/c/work/ubuntu_work/HiveFlight/ros2_ws/install/local/lib/python3.10/dist-packages/hiveflight_interfaces-0.0.1-py3.10.egg-info/PKG-INFO\n'}
[24.993635] (-) TimerEvent: {}
[25.041161] (hiveflight_interfaces) StdoutLine: {'line': b'-- Installing: /mnt/c/work/ubuntu_work/HiveFlight/ros2_ws/install/local/lib/python3.10/dist-packages/hiveflight_interfaces-0.0.1-py3.10.egg-info/SOURCES.txt\n'}
[25.093793] (-) TimerEvent: {}
[25.126801] (hiveflight_interfaces) StdoutLine: {'line': b'-- Installing: /mnt/c/work/ubuntu_work/HiveFlight/ros2_ws/install/local/lib/python3.10/dist-packages/hiveflight_interfaces-0.0.1-py3.10.egg-info/top_level.txt\n'}
[25.194064] (-) TimerEvent: {}
[25.213421] (hiveflight_interfaces) StdoutLine: {'line': b'-- Installing: /mnt/c/work/ubuntu_work/HiveFlight/ros2_ws/install/local/lib/python3.10/dist-packages/hiveflight_interfaces\n'}
[25.248423] (hiveflight_interfaces) StdoutLine: {'line': b'-- Installing: /mnt/c/work/ubuntu_work/HiveFlight/ros2_ws/install/local/lib/python3.10/dist-packages/hiveflight_interfaces/hiveflight_interfaces_s__rosidl_typesupport_c.cpython-310-x86_64-linux-gnu.so\n'}
[25.294267] (-) TimerEvent: {}
[25.325203] (hiveflight_interfaces) StdoutLine: {'line': b'-- Installing: /mnt/c/work/ubuntu_work/HiveFlight/ros2_ws/install/local/lib/python3.10/dist-packages/hiveflight_interfaces/hiveflight_interfaces_s__rosidl_typesupport_fastrtps_c.cpython-310-x86_64-linux-gnu.so\n'}
[25.394403] (-) TimerEvent: {}
[25.403886] (hiveflight_interfaces) StdoutLine: {'line': b'-- Installing: /mnt/c/work/ubuntu_work/HiveFlight/ros2_ws/install/local/lib/python3.10/dist-packages/hiveflight_interfaces/hiveflight_interfaces_s__rosidl_typesupport_introspection_c.cpython-310-x86_64-linux-gnu.so\n'}
[25.485385] (hiveflight_interfaces) StdoutLine: {'line': b'-- Installing: /mnt/c/work/ubuntu_work/HiveFlight/ros2_ws/install/local/lib/python3.10/dist-packages/hiveflight_interfaces/libhiveflight_interfaces__rosidl_generator_py.so\n'}
[25.494490] (-) TimerEvent: {}
[25.566147] (hiveflight_interfaces) StdoutLine: {'line': b'-- Installing: /mnt/c/work/ubuntu_work/HiveFlight/ros2_ws/install/local/lib/python3.10/dist-packages/hiveflight_interfaces/msg\n'}
[25.594630] (-) TimerEvent: {}
[25.605514] (hiveflight_interfaces) StdoutLine: {'line': b'-- Installing: /mnt/c/work/ubuntu_work/HiveFlight/ros2_ws/install/local/lib/python3.10/dist-packages/hiveflight_interfaces/msg/_drone_message.py\n'}
[25.689927] (hiveflight_interfaces) StdoutLine: {'line': b'-- Installing: /mnt/c/work/ubuntu_work/HiveFlight/ros2_ws/install/local/lib/python3.10/dist-packages/hiveflight_interfaces/msg/_drone_message_s.c\n'}
[25.694715] (-) TimerEvent: {}
[25.778541] (hiveflight_interfaces) StdoutLine: {'line': b'-- Installing: /mnt/c/work/ubuntu_work/HiveFlight/ros2_ws/install/local/lib/python3.10/dist-packages/hiveflight_interfaces/msg/__init__.py\n'}
[25.794823] (-) TimerEvent: {}
[25.862369] (hiveflight_interfaces) StdoutLine: {'line': b'-- Installing: /mnt/c/work/ubuntu_work/HiveFlight/ros2_ws/install/local/lib/python3.10/dist-packages/hiveflight_interfaces/_hiveflight_interfaces_s.ep.rosidl_typesupport_c.c\n'}
[25.894993] (-) TimerEvent: {}
[25.935662] (hiveflight_interfaces) StdoutLine: {'line': b'-- Installing: /mnt/c/work/ubuntu_work/HiveFlight/ros2_ws/install/local/lib/python3.10/dist-packages/hiveflight_interfaces/_hiveflight_interfaces_s.ep.rosidl_typesupport_fastrtps_c.c\n'}
[25.995100] (-) TimerEvent: {}
[26.008904] (hiveflight_interfaces) StdoutLine: {'line': b'-- Installing: /mnt/c/work/ubuntu_work/HiveFlight/ros2_ws/install/local/lib/python3.10/dist-packages/hiveflight_interfaces/_hiveflight_interfaces_s.ep.rosidl_typesupport_introspection_c.c\n'}
[26.095210] (-) TimerEvent: {}
[26.098344] (hiveflight_interfaces) StdoutLine: {'line': b'-- Installing: /mnt/c/work/ubuntu_work/HiveFlight/ros2_ws/install/local/lib/python3.10/dist-packages/hiveflight_interfaces/__init__.py\n'}
[26.195363] (-) TimerEvent: {}
[26.296141] (-) TimerEvent: {}
[26.397262] (-) TimerEvent: {}
[26.498441] (-) TimerEvent: {}
[26.599365] (-) TimerEvent: {}
[26.676194] (hiveflight_interfaces) StdoutLine: {'line': b"Listing '/mnt/c/work/ubuntu_work/HiveFlight/ros2_ws/install/local/lib/python3.10/dist-packages/hiveflight_interfaces'...\n"}
[26.677339] (hiveflight_interfaces) StdoutLine: {'line': b"Compiling '/mnt/c/work/ubuntu_work/HiveFlight/ros2_ws/install/local/lib/python3.10/dist-packages/hiveflight_interfaces/__init__.py'...\n"}
[26.678156] (hiveflight_interfaces) StdoutLine: {'line': b"Listing '/mnt/c/work/ubuntu_work/HiveFlight/ros2_ws/install/local/lib/python3.10/dist-packages/hiveflight_interfaces/msg'...\n"}
[26.679096] (hiveflight_interfaces) StdoutLine: {'line': b"Compiling '/mnt/c/work/ubuntu_work/HiveFlight/ros2_ws/install/local/lib/python3.10/dist-packages/hiveflight_interfaces/msg/__init__.py'...\n"}
[26.679915] (hiveflight_interfaces) StdoutLine: {'line': b"Compiling '/mnt/c/work/ubuntu_work/HiveFlight/ros2_ws/install/local/lib/python3.10/dist-packages/hiveflight_interfaces/msg/_drone_message.py'...\n"}
[26.699473] (-) TimerEvent: {}
[26.737476] (hiveflight_interfaces) StdoutLine: {'line': b'-- Installing: /mnt/c/work/ubuntu_work/HiveFlight/ros2_ws/install/local/lib/python3.10/dist-packages/hiveflight_interfaces/hiveflight_interfaces_s__rosidl_typesupport_fastrtps_c.cpython-310-x86_64-linux-gnu.so\n'}
[26.799621] (-) TimerEvent: {}
[26.864453] (hiveflight_interfaces) StdoutLine: {'line': b'-- Set runtime path of "/mnt/c/work/ubuntu_work/HiveFlight/ros2_ws/install/local/lib/python3.10/dist-packages/hiveflight_interfaces/hiveflight_interfaces_s__rosidl_typesupport_fastrtps_c.cpython-310-x86_64-linux-gnu.so" to ""\n'}
[26.899762] (-) TimerEvent: {}
[26.927463] (hiveflight_interfaces) StdoutLine: {'line': b'-- Installing: /mnt/c/work/ubuntu_work/HiveFlight/ros2_ws/install/local/lib/python3.10/dist-packages/hiveflight_interfaces/hiveflight_interfaces_s__rosidl_typesupport_introspection_c.cpython-310-x86_64-linux-gnu.so\n'}
[26.999914] (-) TimerEvent: {}
[27.061417] (hiveflight_interfaces) StdoutLine: {'line': b'-- Set runtime path of "/mnt/c/work/ubuntu_work/HiveFlight/ros2_ws/install/local/lib/python3.10/dist-packages/hiveflight_interfaces/hiveflight_interfaces_s__rosidl_typesupport_introspection_c.cpython-310-x86_64-linux-gnu.so" to ""\n'}
[27.100042] (-) TimerEvent: {}
[27.120933] (hiveflight_interfaces) StdoutLine: {'line': b'-- Installing: /mnt/c/work/ubuntu_work/HiveFlight/ros2_ws/install/local/lib/python3.10/dist-packages/hiveflight_interfaces/hiveflight_interfaces_s__rosidl_typesupport_c.cpython-310-x86_64-linux-gnu.so\n'}
[27.200185] (-) TimerEvent: {}
[27.245853] (hiveflight_interfaces) StdoutLine: {'line': b'-- Set runtime path of "/mnt/c/work/ubuntu_work/HiveFlight/ros2_ws/install/local/lib/python3.10/dist-packages/hiveflight_interfaces/hiveflight_interfaces_s__rosidl_typesupport_c.cpython-310-x86_64-linux-gnu.so" to ""\n'}
[27.262612] (hiveflight_interfaces) StdoutLine: {'line': b'-- Installing: /mnt/c/work/ubuntu_work/HiveFlight/ros2_ws/install/lib/libhiveflight_interfaces__rosidl_generator_py.so\n'}
[27.300341] (-) TimerEvent: {}
[27.350939] (hiveflight_interfaces) StdoutLine: {'line': b'-- Set runtime path of "/mnt/c/work/ubuntu_work/HiveFlight/ros2_ws/install/lib/libhiveflight_interfaces__rosidl_generator_py.so" to ""\n'}
[27.385024] (hiveflight_interfaces) StdoutLine: {'line': b'-- Installing: /mnt/c/work/ubuntu_work/HiveFlight/ros2_ws/install/share/ament_index/resource_index/rust_packages/hiveflight_interfaces\n'}
[27.400573] (-) TimerEvent: {}
[27.455615] (hiveflight_interfaces) StdoutLine: {'line': b'-- Installing: /mnt/c/work/ubuntu_work/HiveFlight/ros2_ws/install/share/hiveflight_interfaces/rust\n'}
[27.483545] (hiveflight_interfaces) StdoutLine: {'line': b'-- Installing: /mnt/c/work/ubuntu_work/HiveFlight/ros2_ws/install/share/hiveflight_interfaces/rust/build.rs\n'}
[27.500681] (-) TimerEvent: {}
[27.546726] (hiveflight_interfaces) StdoutLine: {'line': b'-- Installing: /mnt/c/work/ubuntu_work/HiveFlight/ros2_ws/install/share/hiveflight_interfaces/rust/Cargo.toml\n'}
[27.600821] (-) TimerEvent: {}
[27.604172] (hiveflight_interfaces) StdoutLine: {'line': b'-- Installing: /mnt/c/work/ubuntu_work/HiveFlight/ros2_ws/install/share/hiveflight_interfaces/rust/src\n'}
[27.639200] (hiveflight_interfaces) StdoutLine: {'line': b'-- Installing: /mnt/c/work/ubuntu_work/HiveFlight/ros2_ws/install/share/hiveflight_interfaces/rust/src/lib.rs\n'}
[27.701026] (-) TimerEvent: {}
[27.716018] (hiveflight_interfaces) StdoutLine: {'line': b'-- Installing: /mnt/c/work/ubuntu_work/HiveFlight/ros2_ws/install/share/hiveflight_interfaces/rust/src/msg\n'}
[27.755030] (hiveflight_interfaces) StdoutLine: {'line': b'-- Installing: /mnt/c/work/ubuntu_work/HiveFlight/ros2_ws/install/share/hiveflight_interfaces/rust/src/msg/rmw.rs\n'}
[27.801272] (-) TimerEvent: {}
[27.840649] (hiveflight_interfaces) StdoutLine: {'line': b'-- Installing: /mnt/c/work/ubuntu_work/HiveFlight/ros2_ws/install/share/hiveflight_interfaces/rust/src/msg.rs\n'}
[27.901463] (-) TimerEvent: {}
[27.922024] (hiveflight_interfaces) StdoutLine: {'line': b'-- Installing: /mnt/c/work/ubuntu_work/HiveFlight/ros2_ws/install/share/hiveflight_interfaces/msg/DroneMessage.idl\n'}
[27.991842] (hiveflight_interfaces) StdoutLine: {'line': b'-- Installing: /mnt/c/work/ubuntu_work/HiveFlight/ros2_ws/install/share/hiveflight_interfaces/msg/DroneMessage.msg\n'}
[28.001578] (-) TimerEvent: {}
[28.079246] (hiveflight_interfaces) StdoutLine: {'line': b'-- Installing: /mnt/c/work/ubuntu_work/HiveFlight/ros2_ws/install/share/ament_index/resource_index/package_run_dependencies/hiveflight_interfaces\n'}
[28.101730] (-) TimerEvent: {}
[28.192009] (hiveflight_interfaces) StdoutLine: {'line': b'-- Installing: /mnt/c/work/ubuntu_work/HiveFlight/ros2_ws/install/share/ament_index/resource_index/parent_prefix_path/hiveflight_interfaces\n'}
[28.201845] (-) TimerEvent: {}
[28.272390] (hiveflight_interfaces) StdoutLine: {'line': b'-- Installing: /mnt/c/work/ubuntu_work/HiveFlight/ros2_ws/install/share/hiveflight_interfaces/environment/ament_prefix_path.sh\n'}
[28.301975] (-) TimerEvent: {}
[28.334315] (hiveflight_interfaces) StdoutLine: {'line': b'-- Installing: /mnt/c/work/ubuntu_work/HiveFlight/ros2_ws/install/share/hiveflight_interfaces/environment/ament_prefix_path.dsv\n'}
[28.396960] (hiveflight_interfaces) StdoutLine: {'line': b'-- Installing: /mnt/c/work/ubuntu_work/HiveFlight/ros2_ws/install/share/hiveflight_interfaces/environment/path.sh\n'}
[28.402168] (-) TimerEvent: {}
[28.499554] (hiveflight_interfaces) StdoutLine: {'line': b'-- Installing: /mnt/c/work/ubuntu_work/HiveFlight/ros2_ws/install/share/hiveflight_interfaces/environment/path.dsv\n'}
[28.502280] (-) TimerEvent: {}
[28.571194] (hiveflight_interfaces) StdoutLine: {'line': b'-- Installing: /mnt/c/work/ubuntu_work/HiveFlight/ros2_ws/install/share/hiveflight_interfaces/local_setup.bash\n'}
[28.602495] (-) TimerEvent: {}
[28.632059] (hiveflight_interfaces) StdoutLine: {'line': b'-- Installing: /mnt/c/work/ubuntu_work/HiveFlight/ros2_ws/install/share/hiveflight_interfaces/local_setup.sh\n'}
[28.702597] (-) TimerEvent: {}
[28.708227] (hiveflight_interfaces) StdoutLine: {'line': b'-- Installing: /mnt/c/work/ubuntu_work/HiveFlight/ros2_ws/install/share/hiveflight_interfaces/local_setup.zsh\n'}
[28.766286] (hiveflight_interfaces) StdoutLine: {'line': b'-- Installing: /mnt/c/work/ubuntu_work/HiveFlight/ros2_ws/install/share/hiveflight_interfaces/local_setup.dsv\n'}
[28.802718] (-) TimerEvent: {}
[28.821507] (hiveflight_interfaces) StdoutLine: {'line': b'-- Installing: /mnt/c/work/ubuntu_work/HiveFlight/ros2_ws/install/share/hiveflight_interfaces/package.dsv\n'}
[28.897667] (hiveflight_interfaces) StdoutLine: {'line': b'-- Installing: /mnt/c/work/ubuntu_work/HiveFlight/ros2_ws/install/share/ament_index/resource_index/packages/hiveflight_interfaces\n'}
[28.902866] (-) TimerEvent: {}
[29.000413] (hiveflight_interfaces) StdoutLine: {'line': b'-- Installing: /mnt/c/work/ubuntu_work/HiveFlight/ros2_ws/install/share/hiveflight_interfaces/cmake/export_hiveflight_interfaces__rosidl_generator_cExport.cmake\n'}
[29.002947] (-) TimerEvent: {}
[29.085690] (hiveflight_interfaces) StdoutLine: {'line': b'-- Installing: /mnt/c/work/ubuntu_work/HiveFlight/ros2_ws/install/share/hiveflight_interfaces/cmake/export_hiveflight_interfaces__rosidl_generator_cExport-noconfig.cmake\n'}
[29.103081] (-) TimerEvent: {}
[29.166001] (hiveflight_interfaces) StdoutLine: {'line': b'-- Installing: /mnt/c/work/ubuntu_work/HiveFlight/ros2_ws/install/share/hiveflight_interfaces/cmake/export_hiveflight_interfaces__rosidl_typesupport_fastrtps_cExport.cmake\n'}
[29.203221] (-) TimerEvent: {}
[29.247145] (hiveflight_interfaces) StdoutLine: {'line': b'-- Installing: /mnt/c/work/ubuntu_work/HiveFlight/ros2_ws/install/share/hiveflight_interfaces/cmake/export_hiveflight_interfaces__rosidl_typesupport_fastrtps_cExport-noconfig.cmake\n'}
[29.303377] (-) TimerEvent: {}
[29.345464] (hiveflight_interfaces) StdoutLine: {'line': b'-- Installing: /mnt/c/work/ubuntu_work/HiveFlight/ros2_ws/install/share/hiveflight_interfaces/cmake/export_hiveflight_interfaces__rosidl_generator_cppExport.cmake\n'}
[29.403426] (-) TimerEvent: {}
[29.428686] (hiveflight_interfaces) StdoutLine: {'line': b'-- Installing: /mnt/c/work/ubuntu_work/HiveFlight/ros2_ws/install/share/hiveflight_interfaces/cmake/export_hiveflight_interfaces__rosidl_typesupport_fastrtps_cppExport.cmake\n'}
[29.502793] (hiveflight_interfaces) StdoutLine: {'line': b'-- Installing: /mnt/c/work/ubuntu_work/HiveFlight/ros2_ws/install/share/hiveflight_interfaces/cmake/export_hiveflight_interfaces__rosidl_typesupport_fastrtps_cppExport-noconfig.cmake\n'}
[29.503713] (-) TimerEvent: {}
[29.583594] (hiveflight_interfaces) StdoutLine: {'line': b'-- Installing: /mnt/c/work/ubuntu_work/HiveFlight/ros2_ws/install/share/hiveflight_interfaces/cmake/hiveflight_interfaces__rosidl_typesupport_introspection_cExport.cmake\n'}
[29.603857] (-) TimerEvent: {}
[29.661049] (hiveflight_interfaces) StdoutLine: {'line': b'-- Installing: /mnt/c/work/ubuntu_work/HiveFlight/ros2_ws/install/share/hiveflight_interfaces/cmake/hiveflight_interfaces__rosidl_typesupport_introspection_cExport-noconfig.cmake\n'}
[29.703967] (-) TimerEvent: {}
[29.738866] (hiveflight_interfaces) StdoutLine: {'line': b'-- Installing: /mnt/c/work/ubuntu_work/HiveFlight/ros2_ws/install/share/hiveflight_interfaces/cmake/hiveflight_interfaces__rosidl_typesupport_cExport.cmake\n'}
[29.804103] (-) TimerEvent: {}
[29.816461] (hiveflight_interfaces) StdoutLine: {'line': b'-- Installing: /mnt/c/work/ubuntu_work/HiveFlight/ros2_ws/install/share/hiveflight_interfaces/cmake/hiveflight_interfaces__rosidl_typesupport_cExport-noconfig.cmake\n'}
[29.897787] (hiveflight_interfaces) StdoutLine: {'line': b'-- Installing: /mnt/c/work/ubuntu_work/HiveFlight/ros2_ws/install/share/hiveflight_interfaces/cmake/hiveflight_interfaces__rosidl_typesupport_introspection_cppExport.cmake\n'}
[29.904200] (-) TimerEvent: {}
[29.981777] (hiveflight_interfaces) StdoutLine: {'line': b'-- Installing: /mnt/c/work/ubuntu_work/HiveFlight/ros2_ws/install/share/hiveflight_interfaces/cmake/hiveflight_interfaces__rosidl_typesupport_introspection_cppExport-noconfig.cmake\n'}
[30.004421] (-) TimerEvent: {}
[30.063615] (hiveflight_interfaces) StdoutLine: {'line': b'-- Installing: /mnt/c/work/ubuntu_work/HiveFlight/ros2_ws/install/share/hiveflight_interfaces/cmake/hiveflight_interfaces__rosidl_typesupport_cppExport.cmake\n'}
[30.104569] (-) TimerEvent: {}
[30.142579] (hiveflight_interfaces) StdoutLine: {'line': b'-- Installing: /mnt/c/work/ubuntu_work/HiveFlight/ros2_ws/install/share/hiveflight_interfaces/cmake/hiveflight_interfaces__rosidl_typesupport_cppExport-noconfig.cmake\n'}
[30.204706] (-) TimerEvent: {}
[30.226449] (hiveflight_interfaces) StdoutLine: {'line': b'-- Installing: /mnt/c/work/ubuntu_work/HiveFlight/ros2_ws/install/share/hiveflight_interfaces/cmake/export_hiveflight_interfaces__rosidl_generator_pyExport.cmake\n'}
[30.304787] (-) TimerEvent: {}
[30.306207] (hiveflight_interfaces) StdoutLine: {'line': b'-- Installing: /mnt/c/work/ubuntu_work/HiveFlight/ros2_ws/install/share/hiveflight_interfaces/cmake/export_hiveflight_interfaces__rosidl_generator_pyExport-noconfig.cmake\n'}
[30.378278] (hiveflight_interfaces) StdoutLine: {'line': b'-- Installing: /mnt/c/work/ubuntu_work/HiveFlight/ros2_ws/install/share/hiveflight_interfaces/cmake/rosidl_cmake-extras.cmake\n'}
[30.404910] (-) TimerEvent: {}
[30.436180] (hiveflight_interfaces) StdoutLine: {'line': b'-- Installing: /mnt/c/work/ubuntu_work/HiveFlight/ros2_ws/install/share/hiveflight_interfaces/cmake/ament_cmake_export_dependencies-extras.cmake\n'}
[30.500169] (hiveflight_interfaces) StdoutLine: {'line': b'-- Installing: /mnt/c/work/ubuntu_work/HiveFlight/ros2_ws/install/share/hiveflight_interfaces/cmake/ament_cmake_export_include_directories-extras.cmake\n'}
[30.505116] (-) TimerEvent: {}
[30.561480] (hiveflight_interfaces) StdoutLine: {'line': b'-- Installing: /mnt/c/work/ubuntu_work/HiveFlight/ros2_ws/install/share/hiveflight_interfaces/cmake/ament_cmake_export_libraries-extras.cmake\n'}
[30.605186] (-) TimerEvent: {}
[30.620767] (hiveflight_interfaces) StdoutLine: {'line': b'-- Installing: /mnt/c/work/ubuntu_work/HiveFlight/ros2_ws/install/share/hiveflight_interfaces/cmake/ament_cmake_export_targets-extras.cmake\n'}
[30.681340] (hiveflight_interfaces) StdoutLine: {'line': b'-- Installing: /mnt/c/work/ubuntu_work/HiveFlight/ros2_ws/install/share/hiveflight_interfaces/cmake/rosidl_cmake_export_typesupport_targets-extras.cmake\n'}
[30.705324] (-) TimerEvent: {}
[30.739543] (hiveflight_interfaces) StdoutLine: {'line': b'-- Installing: /mnt/c/work/ubuntu_work/HiveFlight/ros2_ws/install/share/hiveflight_interfaces/cmake/rosidl_cmake_export_typesupport_libraries-extras.cmake\n'}
[30.802276] (hiveflight_interfaces) StdoutLine: {'line': b'-- Installing: /mnt/c/work/ubuntu_work/HiveFlight/ros2_ws/install/share/hiveflight_interfaces/cmake/hiveflight_interfacesConfig.cmake\n'}
[30.805352] (-) TimerEvent: {}
[30.863750] (hiveflight_interfaces) StdoutLine: {'line': b'-- Installing: /mnt/c/work/ubuntu_work/HiveFlight/ros2_ws/install/share/hiveflight_interfaces/cmake/hiveflight_interfacesConfig-version.cmake\n'}
[30.905551] (-) TimerEvent: {}
[30.923873] (hiveflight_interfaces) StdoutLine: {'line': b'-- Installing: /mnt/c/work/ubuntu_work/HiveFlight/ros2_ws/install/share/hiveflight_interfaces/package.xml\n'}
[30.986576] (hiveflight_interfaces) CommandEnded: {'returncode': 0}
[31.005676] (-) TimerEvent: {}
[31.106203] (-) TimerEvent: {}
[31.206786] (-) TimerEvent: {}
[31.307679] (-) TimerEvent: {}
[31.408493] (-) TimerEvent: {}
[31.508996] (-) TimerEvent: {}
[31.609833] (-) TimerEvent: {}
[31.710651] (-) TimerEvent: {}
[31.811249] (-) TimerEvent: {}
[31.912016] (-) TimerEvent: {}
[32.012948] (-) TimerEvent: {}
[32.113921] (-) TimerEvent: {}
[32.168580] (hiveflight_interfaces) JobEnded: {'identifier': 'hiveflight_interfaces', 'rc': 0}
[32.177216] (hiveflight_sim) JobStarted: {'identifier': 'hiveflight_sim'}
[32.214035] (-) TimerEvent: {}
[32.314820] (-) TimerEvent: {}
[32.393478] (hiveflight_sim) JobProgress: {'identifier': 'hiveflight_sim', 'progress': 'cmake'}
[32.414931] (-) TimerEvent: {}
[32.435690] (hiveflight_sim) Command: {'cmd': ['/usr/bin/cmake', '/mnt/c/work/ubuntu_work/HiveFlight/ros2_ws/src/hiveflight_sim', '-DCMAKE_INSTALL_PREFIX=/mnt/c/work/ubuntu_work/HiveFlight/ros2_ws/install'], 'cwd': '/mnt/c/work/ubuntu_work/HiveFlight/ros2_ws/build/hiveflight_sim', 'env': OrderedDict([('LESSOPEN', '| /usr/bin/lesspipe %s'), ('USER', 'ivano'), ('SHLVL', '2'), ('LD_LIBRARY_PATH', '/mnt/c/work/ubuntu_work/HiveFlight/ros2_ws/install/lib:/usr/lib/x86_64-linux-gnu/gazebo-11/plugins:/home/ivano/hiveflight_ws/install/hiveflight_interfaces/lib:/opt/ros/humble/opt/rviz_ogre_vendor/lib:/opt/ros/humble/lib/x86_64-linux-gnu:/opt/ros/humble/lib'), ('MOTD_SHOWN', 'update-motd'), ('HOME', '/home/ivano'), ('OLDPWD', '/mnt/c/work/ubuntu_work/HiveFlight'), ('ROS_PYTHON_VERSION', '3'), ('DBUS_SESSION_BUS_ADDRESS', 'unix:path=/run/user/1000/bus'), ('WSL_DISTRO_NAME', 'Ubuntu-22.04'), ('WAYLAND_DISPLAY', 'wayland-0'), ('COLCON_PREFIX_PATH', '/mnt/c/work/ubuntu_work/HiveFlight/ros2_ws/install:/home/ivano/hiveflight_ws/install'), ('ROS_DISTRO', 'humble'), ('LOGNAME', 'ivano'), ('NAME', 'LAPTOP-7K9MEH4D'), ('WSL_INTEROP', '/run/WSL/331_interop'), ('PULSE_SERVER', 'unix:/mnt/wslg/PulseServer'), ('_', '/usr/bin/colcon'), ('ROS_VERSION', '2'), ('TERM', 'xterm-256color'), ('ROS_LOCALHOST_ONLY', '0'), ('PATH', '/opt/ros/humble/bin:/usr/local/sbin:/usr/local/bin:/usr/sbin:/usr/bin:/sbin:/bin:/usr/games:/usr/local/games:/usr/lib/wsl/lib:/mnt/c/Users/ivano/AppData/Roaming/Code/User/globalStorage/github.copilot-chat/debugCommand:/mnt/c/Users/ivano/AppData/Roaming/Code/User/globalStorage/github.copilot-chat/copilotCli:/mnt/c/windows/system32:/mnt/c/windows:/mnt/c/windows/System32/Wbem:/mnt/c/windows/System32/WindowsPowerShell/v1.0/:/mnt/c/windows/System32/OpenSSH/:/mnt/c/Program Files/HP/1E.Performance.Assist/Extensibility/NomadBranch:/mnt/c/Program Files/CMake/bin:/mnt/c/Program Files (x86)/Windows Kits/10/Windows Performance Toolkit/:/mnt/c/Program Files/Git/cmd:/mnt/c/windows/system32:/mnt/c/windows:/mnt/c/windows/System32/Wbem:/mnt/c/windows/System32/WindowsPowerShell/v1.0/:/mnt/c/windows/System32/OpenSSH/:/mnt/c/Program Files/HP/1E.Performance.Assist/Extensibility/NomadBranch:/mnt/c/Program Files/CMake/bin:/mnt/c/Program Files (x86)/Windows Kits/10/Windows Performance Toolkit/:/mnt/c/Program Files/Git/cmd:/mnt/c/vcpkg:/mnt/c/Users/ivano/AppData/Local/Programs/Microsoft VS Code/bin:/snap/bin'), ('XDG_RUNTIME_DIR', '/run/user/1000'), ('DISPLAY', ':0'), ('LANG', 'C.UTF-8'), ('LS_COLORS', 'rs=0:di=01;34:ln=01;36:mh=00:pi=40;33:so=01;35:do=01;35:bd=40;33;01:cd=40;33;01:or=40;31;01:mi=00:su=37;41:sg=30;43:ca=30;41:tw=30;42:ow=34;42:st=37;44:ex=01;32:*.tar=01;31:*.tgz=01;31:*.arc=01;31:*.arj=01;31:*.taz=01;31:*.lha=01;31:*.lz4=01;31:*.lzh=01;31:*.lzma=01;31:*.tlz=01;31:*.txz=01;31:*.tzo=01;31:*.t7z=01;31:*.zip=01;31:*.z=01;31:*.dz=01;31:*.gz=01;31:*.lrz=01;31:*.lz=01;31:*.lzo=01;31:*.xz=01;31:*.zst=01;31:*.tzst=01;31:*.bz2=01;31:*.bz=01;31:*.tbz=01;31:*.tbz2=01;31:*.tz=01;31:*.deb=01;31:*.rpm=01;31:*.jar=01;31:*.war=01;31:*.ear=01;31:*.sar=01;31:*.rar=01;31:*.alz=01;31:*.ace=01;31:*.zoo=01;31:*.cpio=01;31:*.7z=01;31:*.rz=01;31:*.cab=01;31:*.wim=01;31:*.swm=01;31:*.dwm=01;31:*.esd=01;31:*.jpg=01;35:*.jpeg=01;35:*.mjpg=01;35:*.mjpeg=01;35:*.gif=01;35:*.bmp=01;35:*.pbm=01;35:*.pgm=01;35:*.ppm=01;35:*.tga=01;35:*.xbm=01;35:*.xpm=01;35:*.tif=01;35:*.tiff=01;35:*.png=01;35:*.svg=01;35:*.svgz=01;35:*.mng=01;35:*.pcx=01;35:*.mov=01;35:*.mpg=01;35:*.mpeg=01;35:*.m2v=01;35:*.mkv=01;35:*.webm=01;35:*.webp=01;35:*.ogm=01;35:*.mp4=01;35:*.m4v=01;35:*.mp4v=01;35:*.vob=01;35:*.qt=01;35:*.nuv=01;35:*.wmv=01;35:*.asf=01;35:*.rm=01;35:*.rmvb=01;35:*.flc=01;35:*.avi=01;35:*.fli=01;35:*.flv=01;35:*.gl=01;35:*.dl=01;35:*.xcf=01;35:*.xwd=01;35:*.yuv=01;35:*.cgm=01;35:*.emf=01;35:*.ogv=01;35:*.ogx=01;35:*.aac=00;36:*.au=00;36:*.flac=00;36:*.m4a=00;36:*.mid=00;36:*.midi=00;36:*.mka=00;36:*.mp3=00;36:*.mpc=00;36:*.ogg=00;36:*.ra=00;36:*.wav=00;36:*.oga=00;36:*.opus=00;36:*.spx=00;36:*.xspf=00;36:'), ('AMENT_PREFIX_PATH', '/mnt/c/work/ubuntu_work/HiveFlight/ros2_ws/install:/home/ivano/hiveflight_ws/install/hiveflight_interfaces:/home/ivano/hiveflight_ws/install/hiveflight:/opt/ros/humble'), ('SHELL', '/bin/bash'), ('LESSCLOSE', '/usr/bin/lesspipe %s %s'), ('PWD', '/mnt/c/work/ubuntu_work/HiveFlight/ros2_ws/build/hiveflight_sim'), ('XDG_DATA_DIRS', '/usr/local/share:/usr/share:/var/lib/snapd/desktop'), ('PYTHONPATH', '/mnt/c/work/ubuntu_work/HiveFlight/ros2_ws/install/local/lib/python3.10/dist-packages:/home/ivano/hiveflight_ws/install/hiveflight_interfaces/local/lib/python3.10/dist-packages:/opt/ros/humble/lib/python3.10/site-packages:/opt/ros/humble/local/lib/python3.10/dist-packages'), ('COLCON', '1'), ('WSL2_GUI_APPS_ENABLED', '1'), ('HOSTTYPE', 'x86_64'), ('CMAKE_PREFIX_PATH', '/mnt/c/work/ubuntu_work/HiveFlight/ros2_ws/install:/home/ivano/hiveflight_ws/install/hiveflight_interfaces:/home/ivano/hiveflight_ws/install/hiveflight:/opt/ros/humble'), ('WSLENV', '')]), 'shell': False}
[32.515113] (-) TimerEvent: {}
[32.616050] (-) TimerEvent: {}
[32.717004] (-) TimerEvent: {}
[32.818233] (-) TimerEvent: {}
[32.919196] (-) TimerEvent: {}
[33.020197] (-) TimerEvent: {}
[33.121049] (-) TimerEvent: {}
[33.124270] (hiveflight_sim) StdoutLine: {'line': b'-- The C compiler identification is GNU 11.4.0\n'}
[33.221219] (-) TimerEvent: {}
[33.322003] (-) TimerEvent: {}
[33.422733] (-) TimerEvent: {}
[33.523273] (-) TimerEvent: {}
[33.623940] (-) TimerEvent: {}
[33.724677] (-) TimerEvent: {}
[33.767920] (hiveflight_sim) StdoutLine: {'line': b'-- The CXX compiler identification is GNU 11.4.0\n'}
[33.824819] (-) TimerEvent: {}
[33.925508] (-) TimerEvent: {}
[34.026411] (-) TimerEvent: {}
[34.062940] (hiveflight_sim) StdoutLine: {'line': b'-- Detecting C compiler ABI info\n'}
[34.126514] (-) TimerEvent: {}
[34.227180] (-) TimerEvent: {}
[34.327982] (-) TimerEvent: {}
[34.428995] (-) TimerEvent: {}
[34.529764] (-) TimerEvent: {}
[34.630514] (-) TimerEvent: {}
[34.731605] (-) TimerEvent: {}
[34.832294] (-) TimerEvent: {}
[34.933507] (-) TimerEvent: {}
[35.034811] (-) TimerEvent: {}
[35.135280] (-) TimerEvent: {}
[35.140580] (hiveflight_sim) StdoutLine: {'line': b'-- Detecting C compiler ABI info - done\n'}
[35.164714] (hiveflight_sim) StdoutLine: {'line': b'-- Check for working C compiler: /usr/bin/cc - skipped\n'}
[35.166022] (hiveflight_sim) StdoutLine: {'line': b'-- Detecting C compile features\n'}
[35.167112] (hiveflight_sim) StdoutLine: {'line': b'-- Detecting C compile features - done\n'}
[35.232392] (hiveflight_sim) StdoutLine: {'line': b'-- Detecting CXX compiler ABI info\n'}
[35.235315] (-) TimerEvent: {}
[35.335824] (-) TimerEvent: {}
[35.436497] (-) TimerEvent: {}
[35.537084] (-) TimerEvent: {}
[35.637680] (-) TimerEvent: {}
[35.738469] (-) TimerEvent: {}
[35.839256] (-) TimerEvent: {}
[35.939835] (-) TimerEvent: {}
[36.040561] (-) TimerEvent: {}
[36.141158] (-) TimerEvent: {}
[36.241768] (-) TimerEvent: {}
[36.257261] (hiveflight_sim) StdoutLine: {'line': b'-- Detecting CXX compiler ABI info - done\n'}
[36.278712] (hiveflight_sim) StdoutLine: {'line': b'-- Check for working CXX compiler: /usr/bin/c++ - skipped\n'}
[36.279832] (hiveflight_sim) StdoutLine: {'line': b'-- Detecting CXX compile features\n'}
[36.281123] (hiveflight_sim) StdoutLine: {'line': b'-- Detecting CXX compile features - done\n'}
[36.341907] (-) TimerEvent: {}
[36.369523] (hiveflight_sim) StdoutLine: {'line': b'-- Found ament_cmake: 1.3.14 (/opt/ros/humble/share/ament_cmake/cmake)\n'}
[36.442096] (-) TimerEvent: {}
[36.543032] (-) TimerEvent: {}
[36.643790] (-) TimerEvent: {}
[36.744584] (-) TimerEvent: {}
[36.845362] (-) TimerEvent: {}
[36.946221] (-) TimerEvent: {}
[37.046924] (-) TimerEvent: {}
[37.147621] (-) TimerEvent: {}
[37.248148] (-) TimerEvent: {}
[37.248797] (hiveflight_sim) StdoutLine: {'line': b'-- Found Python3: /usr/bin/python3 (found version "3.10.12") found components: Interpreter \n'}
[37.348288] (-) TimerEvent: {}
[37.448921] (-) TimerEvent: {}
[37.549652] (-) TimerEvent: {}
[37.650209] (-) TimerEvent: {}
[37.750811] (-) TimerEvent: {}
[37.851563] (-) TimerEvent: {}
[37.952099] (-) TimerEvent: {}
[38.052767] (-) TimerEvent: {}
[38.150425] (hiveflight_sim) StdoutLine: {'line': b'-- Found rclcpp: 16.0.19 (/opt/ros/humble/share/rclcpp/cmake)\n'}
[38.155837] (-) TimerEvent: {}
[38.256400] (-) TimerEvent: {}
[38.357071] (-) TimerEvent: {}
[38.457977] (-) TimerEvent: {}
[38.558890] (-) TimerEvent: {}
[38.660302] (-) TimerEvent: {}
[38.761311] (-) TimerEvent: {}
[38.816757] (hiveflight_sim) StdoutLine: {'line': b'-- Found rosidl_generator_c: 3.1.8 (/opt/ros/humble/share/rosidl_generator_c/cmake)\n'}
[38.861495] (-) TimerEvent: {}
[38.957307] (hiveflight_sim) StdoutLine: {'line': b'-- Found rosidl_adapter: 3.1.8 (/opt/ros/humble/share/rosidl_adapter/cmake)\n'}
[38.961581] (-) TimerEvent: {}
[39.062809] (-) TimerEvent: {}
[39.104729] (hiveflight_sim) StdoutLine: {'line': b'-- Found rosidl_generator_cpp: 3.1.8 (/opt/ros/humble/share/rosidl_generator_cpp/cmake)\n'}
[39.163004] (-) TimerEvent: {}
[39.249508] (hiveflight_sim) StdoutLine: {'line': b'-- Using all available rosidl_typesupport_c: rosidl_typesupport_fastrtps_c;rosidl_typesupport_introspection_c\n'}
[39.263106] (-) TimerEvent: {}
[39.363885] (-) TimerEvent: {}
[39.443401] (hiveflight_sim) StdoutLine: {'line': b'-- Using all available rosidl_typesupport_cpp: rosidl_typesupport_fastrtps_cpp;rosidl_typesupport_introspection_cpp\n'}
[39.464250] (-) TimerEvent: {}
[39.565235] (-) TimerEvent: {}
[39.666180] (-) TimerEvent: {}
[39.767304] (-) TimerEvent: {}
[39.868712] (-) TimerEvent: {}
[39.898115] (hiveflight_sim) StdoutLine: {'line': b'-- Found rmw_implementation_cmake: 6.1.2 (/opt/ros/humble/share/rmw_implementation_cmake/cmake)\n'}
[39.936376] (hiveflight_sim) StdoutLine: {'line': b'-- Found rmw_fastrtps_cpp: 6.2.10 (/opt/ros/humble/share/rmw_fastrtps_cpp/cmake)\n'}
[39.968840] (-) TimerEvent: {}
[40.069682] (-) TimerEvent: {}
[40.171272] (-) TimerEvent: {}
[40.271765] (-) TimerEvent: {}
[40.372288] (-) TimerEvent: {}
[40.472917] (-) TimerEvent: {}
[40.573706] (-) TimerEvent: {}
[40.674260] (-) TimerEvent: {}
[40.774904] (-) TimerEvent: {}
[40.875496] (-) TimerEvent: {}
[40.976189] (-) TimerEvent: {}
[41.076791] (-) TimerEvent: {}
[41.177557] (-) TimerEvent: {}
[41.278181] (-) TimerEvent: {}
[41.378778] (-) TimerEvent: {}
[41.479342] (-) TimerEvent: {}
[41.580116] (-) TimerEvent: {}
[41.624478] (hiveflight_sim) StdoutLine: {'line': b'-- Found OpenSSL: /usr/lib/x86_64-linux-gnu/libcrypto.so (found version "3.0.2")  \n'}
[41.680253] (-) TimerEvent: {}
[41.780842] (-) TimerEvent: {}
[41.881555] (-) TimerEvent: {}
[41.982336] (-) TimerEvent: {}
[42.082931] (-) TimerEvent: {}
[42.183668] (-) TimerEvent: {}
[42.284519] (-) TimerEvent: {}
[42.385092] (-) TimerEvent: {}
[42.485780] (-) TimerEvent: {}
[42.586651] (-) TimerEvent: {}
[42.587813] (hiveflight_sim) StdoutLine: {'line': b'-- Found FastRTPS: /opt/ros/humble/include  \n'}
[42.686873] (-) TimerEvent: {}
[42.787821] (-) TimerEvent: {}
[42.888667] (-) TimerEvent: {}
[42.989644] (-) TimerEvent: {}
[43.090202] (-) TimerEvent: {}
[43.190932] (-) TimerEvent: {}
[43.291679] (-) TimerEvent: {}
[43.392280] (-) TimerEvent: {}
[43.493211] (-) TimerEvent: {}
[43.593918] (-) TimerEvent: {}
[43.694493] (-) TimerEvent: {}
[43.795053] (-) TimerEvent: {}
[43.895820] (-) TimerEvent: {}
[43.996460] (-) TimerEvent: {}
[44.097012] (-) TimerEvent: {}
[44.197538] (-) TimerEvent: {}
[44.298170] (-) TimerEvent: {}
[44.385310] (hiveflight_sim) StdoutLine: {'line': b"-- Using RMW implementation 'rmw_fastrtps_cpp' as default\n"}
[44.398287] (-) TimerEvent: {}
[44.498894] (-) TimerEvent: {}
[44.531008] (hiveflight_sim) StdoutLine: {'line': b'-- Looking for pthread.h\n'}
[44.599082] (-) TimerEvent: {}
[44.699680] (-) TimerEvent: {}
[44.800256] (-) TimerEvent: {}
[44.900908] (-) TimerEvent: {}
[45.001713] (-) TimerEvent: {}
[45.102423] (-) TimerEvent: {}
[45.203061] (-) TimerEvent: {}
[45.303632] (-) TimerEvent: {}
[45.404338] (-) TimerEvent: {}
[45.479192] (hiveflight_sim) StdoutLine: {'line': b'-- Looking for pthread.h - found\n'}
[45.489561] (hiveflight_sim) StdoutLine: {'line': b'-- Performing Test CMAKE_HAVE_LIBC_PTHREAD\n'}
[45.504485] (-) TimerEvent: {}
[45.605181] (-) TimerEvent: {}
[45.706135] (-) TimerEvent: {}
[45.807041] (-) TimerEvent: {}
[45.908061] (-) TimerEvent: {}
[46.008812] (-) TimerEvent: {}
[46.109760] (-) TimerEvent: {}
[46.210396] (-) TimerEvent: {}
[46.311062] (-) TimerEvent: {}
[46.411641] (-) TimerEvent: {}
[46.429623] (hiveflight_sim) StdoutLine: {'line': b'-- Performing Test CMAKE_HAVE_LIBC_PTHREAD - Success\n'}
[46.434785] (hiveflight_sim) StdoutLine: {'line': b'-- Found Threads: TRUE  \n'}
[46.511815] (-) TimerEvent: {}
[46.612520] (-) TimerEvent: {}
[46.658022] (hiveflight_sim) StdoutLine: {'line': b'-- Found geometry_msgs: 4.9.1 (/opt/ros/humble/share/geometry_msgs/cmake)\n'}
[46.712725] (-) TimerEvent: {}
[46.729516] (hiveflight_sim) StdoutLine: {'line': b'-- Found hiveflight_interfaces: 0.0.1 (/mnt/c/work/ubuntu_work/HiveFlight/ros2_ws/install/share/hiveflight_interfaces/cmake)\n'}
[46.812843] (-) TimerEvent: {}
[46.913412] (-) TimerEvent: {}
[47.014060] (-) TimerEvent: {}
[47.114675] (-) TimerEvent: {}
[47.215153] (-) TimerEvent: {}
[47.315667] (-) TimerEvent: {}
[47.416252] (-) TimerEvent: {}
[47.517135] (-) TimerEvent: {}
[47.617654] (-) TimerEvent: {}
[47.718149] (-) TimerEvent: {}
[47.818858] (-) TimerEvent: {}
[47.908976] (hiveflight_sim) StdoutLine: {'line': b'-- Configuring done\n'}
[47.919105] (-) TimerEvent: {}
[48.019987] (-) TimerEvent: {}
[48.120876] (-) TimerEvent: {}
[48.221899] (-) TimerEvent: {}
[48.322656] (-) TimerEvent: {}
[48.339101] (hiveflight_sim) StdoutLine: {'line': b'-- Generating done\n'}
[48.422861] (-) TimerEvent: {}
[48.506748] (hiveflight_sim) StdoutLine: {'line': b'-- Build files have been written to: /mnt/c/work/ubuntu_work/HiveFlight/ros2_ws/build/hiveflight_sim\n'}
[48.517843] (hiveflight_sim) CommandEnded: {'returncode': 0}
[48.522893] (-) TimerEvent: {}
[48.523848] (hiveflight_sim) JobProgress: {'identifier': 'hiveflight_sim', 'progress': 'build'}
[48.528892] (hiveflight_sim) Command: {'cmd': ['/usr/bin/cmake', '--build', '/mnt/c/work/ubuntu_work/HiveFlight/ros2_ws/build/hiveflight_sim', '--', '-j16', '-l16'], 'cwd': '/mnt/c/work/ubuntu_work/HiveFlight/ros2_ws/build/hiveflight_sim', 'env': OrderedDict([('LESSOPEN', '| /usr/bin/lesspipe %s'), ('USER', 'ivano'), ('SHLVL', '2'), ('LD_LIBRARY_PATH', '/mnt/c/work/ubuntu_work/HiveFlight/ros2_ws/install/lib:/usr/lib/x86_64-linux-gnu/gazebo-11/plugins:/home/ivano/hiveflight_ws/install/hiveflight_interfaces/lib:/opt/ros/humble/opt/rviz_ogre_vendor/lib:/opt/ros/humble/lib/x86_64-linux-gnu:/opt/ros/humble/lib'), ('MOTD_SHOWN', 'update-motd'), ('HOME', '/home/ivano'), ('OLDPWD', '/mnt/c/work/ubuntu_work/HiveFlight'), ('ROS_PYTHON_VERSION', '3'), ('DBUS_SESSION_BUS_ADDRESS', 'unix:path=/run/user/1000/bus'), ('WSL_DISTRO_NAME', 'Ubuntu-22.04'), ('WAYLAND_DISPLAY', 'wayland-0'), ('COLCON_PREFIX_PATH', '/mnt/c/work/ubuntu_work/HiveFlight/ros2_ws/install:/home/ivano/hiveflight_ws/install'), ('ROS_DISTRO', 'humble'), ('LOGNAME', 'ivano'), ('NAME', 'LAPTOP-7K9MEH4D'), ('WSL_INTEROP', '/run/WSL/331_interop'), ('PULSE_SERVER', 'unix:/mnt/wslg/PulseServer'), ('_', '/usr/bin/colcon'), ('ROS_VERSION', '2'), ('TERM', 'xterm-256color'), ('ROS_LOCALHOST_ONLY', '0'), ('PATH', '/opt/ros/humble/bin:/usr/local/sbin:/usr/local/bin:/usr/sbin:/usr/bin:/sbin:/bin:/usr/games:/usr/local/games:/usr/lib/wsl/lib:/mnt/c/Users/ivano/AppData/Roaming/Code/User/globalStorage/github.copilot-chat/debugCommand:/mnt/c/Users/ivano/AppData/Roaming/Code/User/globalStorage/github.copilot-chat/copilotCli:/mnt/c/windows/system32:/mnt/c/windows:/mnt/c/windows/System32/Wbem:/mnt/c/windows/System32/WindowsPowerShell/v1.0/:/mnt/c/windows/System32/OpenSSH/:/mnt/c/Program Files/HP/1E.Performance.Assist/Extensibility/NomadBranch:/mnt/c/Program Files/CMake/bin:/mnt/c/Program Files (x86)/Windows Kits/10/Windows Performance Toolkit/:/mnt/c/Program Files/Git/cmd:/mnt/c/windows/system32:/mnt/c/windows:/mnt/c/windows/System32/Wbem:/mnt/c/windows/System32/WindowsPowerShell/v1.0/:/mnt/c/windows/System32/OpenSSH/:/mnt/c/Program Files/HP/1E.Performance.Assist/Extensibility/NomadBranch:/mnt/c/Program Files/CMake/bin:/mnt/c/Program Files (x86)/Windows Kits/10/Windows Performance Toolkit/:/mnt/c/Program Files/Git/cmd:/mnt/c/vcpkg:/mnt/c/Users/ivano/AppData/Local/Programs/Microsoft VS Code/bin:/snap/bin'), ('XDG_RUNTIME_DIR', '/run/user/1000'), ('DISPLAY', ':0'), ('LANG', 'C.UTF-8'), ('LS_COLORS', 'rs=0:di=01;34:ln=01;36:mh=00:pi=40;33:so=01;35:do=01;35:bd=40;33;01:cd=40;33;01:or=40;31;01:mi=00:su=37;41:sg=30;43:ca=30;41:tw=30;42:ow=34;42:st=37;44:ex=01;32:*.tar=01;31:*.tgz=01;31:*.arc=01;31:*.arj=01;31:*.taz=01;31:*.lha=01;31:*.lz4=01;31:*.lzh=01;31:*.lzma=01;31:*.tlz=01;31:*.txz=01;31:*.tzo=01;31:*.t7z=01;31:*.zip=01;31:*.z=01;31:*.dz=01;31:*.gz=01;31:*.lrz=01;31:*.lz=01;31:*.lzo=01;31:*.xz=01;31:*.zst=01;31:*.tzst=01;31:*.bz2=01;31:*.bz=01;31:*.tbz=01;31:*.tbz2=01;31:*.tz=01;31:*.deb=01;31:*.rpm=01;31:*.jar=01;31:*.war=01;31:*.ear=01;31:*.sar=01;31:*.rar=01;31:*.alz=01;31:*.ace=01;31:*.zoo=01;31:*.cpio=01;31:*.7z=01;31:*.rz=01;31:*.cab=01;31:*.wim=01;31:*.swm=01;31:*.dwm=01;31:*.esd=01;31:*.jpg=01;35:*.jpeg=01;35:*.mjpg=01;35:*.mjpeg=01;35:*.gif=01;35:*.bmp=01;35:*.pbm=01;35:*.pgm=01;35:*.ppm=01;35:*.tga=01;35:*.xbm=01;35:*.xpm=01;35:*.tif=01;35:*.tiff=01;35:*.png=01;35:*.svg=01;35:*.svgz=01;35:*.mng=01;35:*.pcx=01;35:*.mov=01;35:*.mpg=01;35:*.mpeg=01;35:*.m2v=01;35:*.mkv=01;35:*.webm=01;35:*.webp=01;35:*.ogm=01;35:*.mp4=01;35:*.m4v=01;35:*.mp4v=01;35:*.vob=01;35:*.qt=01;35:*.nuv=01;35:*.wmv=01;35:*.asf=01;35:*.rm=01;35:*.rmvb=01;35:*.flc=01;35:*.avi=01;35:*.fli=01;35:*.flv=01;35:*.gl=01;35:*.dl=01;35:*.xcf=01;35:*.xwd=01;35:*.yuv=01;35:*.cgm=01;35:*.emf=01;35:*.ogv=01;35:*.ogx=01;35:*.aac=00;36:*.au=00;36:*.flac=00;36:*.m4a=00;36:*.mid=00;36:*.midi=00;36:*.mka=00;36:*.mp3=00;36:*.mpc=00;36:*.ogg=00;36:*.ra=00;36:*.wav=00;36:*.oga=00;36:*.opus=00;36:*.spx=00;36:*.xspf=00;36:'), ('AMENT_PREFIX_PATH', '/mnt/c/work/ubuntu_work/HiveFlight/ros2_ws/install:/home/ivano/hiveflight_ws/install/hiveflight_interfaces:/home/ivano/hiveflight_ws/install/hiveflight:/opt/ros/humble'), ('SHELL', '/bin/bash'), ('LESSCLOSE', '/usr/bin/lesspipe %s %s'), ('PWD', '/mnt/c/work/ubuntu_work/HiveFlight/ros2_ws/build/hiveflight_sim'), ('XDG_DATA_DIRS', '/usr/local/share:/usr/share:/var/lib/snapd/desktop'), ('PYTHONPATH', '/mnt/c/work/ubuntu_work/HiveFlight/ros2_ws/install/local/lib/python3.10/dist-packages:/home/ivano/hiveflight_ws/install/hiveflight_interfaces/local/lib/python3.10/dist-packages:/opt/ros/humble/lib/python3.10/site-packages:/opt/ros/humble/local/lib/python3.10/dist-packages'), ('COLCON', '1'), ('WSL2_GUI_APPS_ENABLED', '1'), ('HOSTTYPE', 'x86_64'), ('CMAKE_PREFIX_PATH', '/mnt/c/work/ubuntu_work/HiveFlight/ros2_ws/install:/home/ivano/hiveflight_ws/install/hiveflight_interfaces:/home/ivano/hiveflight_ws/install/hiveflight:/opt/ros/humble'), ('WSLENV', '')]), 'shell': False}
[48.623033] (-) TimerEvent: {}
[48.723656] (-) TimerEvent: {}
[48.824318] (-) TimerEvent: {}
[48.925087] (-) TimerEvent: {}
[49.025679] (-) TimerEvent: {}
[49.126271] (-) TimerEvent: {}
[49.185319] (hiveflight_sim) StdoutLine: {'line': b'[ 20%] \x1b[32mBuilding CXX object CMakeFiles/hiveflight_ros2_adapter.dir/src/DroneRos2Adapter.cpp.o\x1b[0m\n'}
[49.189742] (hiveflight_sim) StdoutLine: {'line': b'[ 60%] \x1b[32mBuilding CXX object CMakeFiles/hiveflight_ros2_adapter.dir/src/DroneCommunication3D.cpp.o\x1b[0m\n'}
[49.191589] (hiveflight_sim) StdoutLine: {'line': b'[ 60%] \x1b[32mBuilding CXX object CMakeFiles/hiveflight_ros2_adapter.dir/mnt/c/work/ubuntu_work/HiveFlight/SwarmSimulation3D.cpp.o\x1b[0m\n'}
[49.207917] (hiveflight_sim) StdoutLine: {'line': b'[ 80%] \x1b[32mBuilding CXX object CMakeFiles/hiveflight_ros2_adapter.dir/mnt/c/work/ubuntu_work/HiveFlight/SpatialGrid3D.cpp.o\x1b[0m\n'}
[49.226395] (-) TimerEvent: {}
[49.327084] (-) TimerEvent: {}
[49.427675] (-) TimerEvent: {}
[49.528323] (-) TimerEvent: {}
[49.629042] (-) TimerEvent: {}
[49.729682] (-) TimerEvent: {}
[49.830354] (-) TimerEvent: {}
[49.931055] (-) TimerEvent: {}
[50.032130] (-) TimerEvent: {}
[50.133003] (-) TimerEvent: {}
[50.234021] (-) TimerEvent: {}
[50.334877] (-) TimerEvent: {}
[50.435753] (-) TimerEvent: {}
[50.536501] (-) TimerEvent: {}
[50.637204] (-) TimerEvent: {}
[50.737799] (-) TimerEvent: {}
[50.838552] (-) TimerEvent: {}
[50.939249] (-) TimerEvent: {}
[51.040022] (-) TimerEvent: {}
[51.140806] (-) TimerEvent: {}
[51.241555] (-) TimerEvent: {}
[51.342396] (-) TimerEvent: {}
[51.442941] (-) TimerEvent: {}
[51.543578] (-) TimerEvent: {}
[51.644338] (-) TimerEvent: {}
[51.745065] (-) TimerEvent: {}
[51.845698] (-) TimerEvent: {}
[51.946429] (-) TimerEvent: {}
[52.047382] (-) TimerEvent: {}
[52.148012] (-) TimerEvent: {}
[52.248861] (-) TimerEvent: {}
[52.349962] (-) TimerEvent: {}
[52.450682] (-) TimerEvent: {}
[52.551373] (-) TimerEvent: {}
[52.652438] (-) TimerEvent: {}
[52.753375] (-) TimerEvent: {}
[52.854824] (-) TimerEvent: {}
[52.956246] (-) TimerEvent: {}
[53.057025] (-) TimerEvent: {}
[53.157815] (-) TimerEvent: {}
[53.258892] (-) TimerEvent: {}
[53.359685] (-) TimerEvent: {}
[53.460404] (-) TimerEvent: {}
[53.561386] (-) TimerEvent: {}
[53.662683] (-) TimerEvent: {}
[53.764023] (-) TimerEvent: {}
[53.865244] (-) TimerEvent: {}
[53.966521] (-) TimerEvent: {}
[54.067499] (-) TimerEvent: {}
[54.168798] (-) TimerEvent: {}
[54.270048] (-) TimerEvent: {}
[54.371182] (-) TimerEvent: {}
[54.472075] (-) TimerEvent: {}
[54.573027] (-) TimerEvent: {}
[54.674068] (-) TimerEvent: {}
[54.775571] (-) TimerEvent: {}
[54.876832] (-) TimerEvent: {}
[54.977703] (-) TimerEvent: {}
[55.079170] (-) TimerEvent: {}
[55.181864] (-) TimerEvent: {}
[55.283318] (-) TimerEvent: {}
[55.384813] (-) TimerEvent: {}
[55.485962] (-) TimerEvent: {}
[55.586689] (-) TimerEvent: {}
[55.687455] (-) TimerEvent: {}
[55.788586] (-) TimerEvent: {}
[55.889377] (-) TimerEvent: {}
[55.990128] (-) TimerEvent: {}
[56.091094] (-) TimerEvent: {}
[56.191803] (-) TimerEvent: {}
[56.292433] (-) TimerEvent: {}
[56.393175] (-) TimerEvent: {}
[56.493998] (-) TimerEvent: {}
[56.594686] (-) TimerEvent: {}
[56.695364] (-) TimerEvent: {}
[56.796340] (-) TimerEvent: {}
[56.897122] (-) TimerEvent: {}
[56.998051] (-) TimerEvent: {}
[57.099146] (-) TimerEvent: {}
[57.199974] (-) TimerEvent: {}
[57.300746] (-) TimerEvent: {}
[57.401671] (-) TimerEvent: {}
[57.502816] (-) TimerEvent: {}
[57.603519] (-) TimerEvent: {}
[57.704380] (-) TimerEvent: {}
[57.805182] (-) TimerEvent: {}
[57.905870] (-) TimerEvent: {}
[58.006636] (-) TimerEvent: {}
[58.107648] (-) TimerEvent: {}
[58.208631] (-) TimerEvent: {}
[58.309492] (-) TimerEvent: {}
[58.410389] (-) TimerEvent: {}
[58.511640] (-) TimerEvent: {}
[58.612791] (-) TimerEvent: {}
[58.713868] (-) TimerEvent: {}
[58.815175] (-) TimerEvent: {}
[58.916492] (-) TimerEvent: {}
[59.017897] (-) TimerEvent: {}
[59.119707] (-) TimerEvent: {}
[59.221502] (-) TimerEvent: {}
[59.323299] (-) TimerEvent: {}
[59.424990] (-) TimerEvent: {}
[59.527041] (-) TimerEvent: {}
[59.628564] (-) TimerEvent: {}
[59.730079] (-) TimerEvent: {}
[59.831298] (-) TimerEvent: {}
[59.932795] (-) TimerEvent: {}
[60.034451] (-) TimerEvent: {}
[60.135503] (-) TimerEvent: {}
[60.236442] (-) TimerEvent: {}
[60.337186] (-) TimerEvent: {}
[60.437751] (-) TimerEvent: {}
[60.538377] (-) TimerEvent: {}
[60.638894] (-) TimerEvent: {}
[60.739385] (-) TimerEvent: {}
[60.840050] (-) TimerEvent: {}
[60.940549] (-) TimerEvent: {}
[61.041063] (-) TimerEvent: {}
[61.141504] (-) TimerEvent: {}
[61.242276] (-) TimerEvent: {}
[61.342908] (-) TimerEvent: {}
[61.391738] (hiveflight_sim) StdoutLine: {'line': b'[100%] \x1b[32m\x1b[1mLinking CXX static library libhiveflight_ros2_adapter.a\x1b[0m\n'}
[61.443068] (-) TimerEvent: {}
[61.543669] (-) TimerEvent: {}
[61.644306] (-) TimerEvent: {}
[61.744883] (-) TimerEvent: {}
[61.845556] (-) TimerEvent: {}
[61.946308] (-) TimerEvent: {}
[62.047178] (-) TimerEvent: {}
[62.147844] (-) TimerEvent: {}
[62.248566] (-) TimerEvent: {}
[62.349589] (-) TimerEvent: {}
[62.450449] (-) TimerEvent: {}
[62.551460] (-) TimerEvent: {}
[62.652634] (-) TimerEvent: {}
[62.753231] (-) TimerEvent: {}
[62.853810] (-) TimerEvent: {}
[62.954462] (-) TimerEvent: {}
[63.055078] (-) TimerEvent: {}
[63.155765] (-) TimerEvent: {}
[63.256326] (-) TimerEvent: {}
[63.357003] (-) TimerEvent: {}
[63.457541] (-) TimerEvent: {}
[63.558237] (-) TimerEvent: {}
[63.658932] (-) TimerEvent: {}
[63.759474] (-) TimerEvent: {}
[63.860026] (-) TimerEvent: {}
[63.960743] (-) TimerEvent: {}
[64.061586] (-) TimerEvent: {}
[64.162109] (-) TimerEvent: {}
[64.262694] (-) TimerEvent: {}
[64.363169] (-) TimerEvent: {}
[64.463642] (-) TimerEvent: {}
[64.564112] (-) TimerEvent: {}
[64.664704] (-) TimerEvent: {}
[64.765469] (-) TimerEvent: {}
[64.832442] (hiveflight_sim) StdoutLine: {'line': b'[100%] Built target hiveflight_ros2_adapter\n'}
[64.865557] (-) TimerEvent: {}
[64.935433] (hiveflight_sim) CommandEnded: {'returncode': 0}
[64.952774] (hiveflight_sim) JobProgress: {'identifier': 'hiveflight_sim', 'progress': 'install'}
[64.957391] (hiveflight_sim) Command: {'cmd': ['/usr/bin/cmake', '--install', '/mnt/c/work/ubuntu_work/HiveFlight/ros2_ws/build/hiveflight_sim'], 'cwd': '/mnt/c/work/ubuntu_work/HiveFlight/ros2_ws/build/hiveflight_sim', 'env': OrderedDict([('LESSOPEN', '| /usr/bin/lesspipe %s'), ('USER', 'ivano'), ('SHLVL', '2'), ('LD_LIBRARY_PATH', '/mnt/c/work/ubuntu_work/HiveFlight/ros2_ws/install/lib:/usr/lib/x86_64-linux-gnu/gazebo-11/plugins:/home/ivano/hiveflight_ws/install/hiveflight_interfaces/lib:/opt/ros/humble/opt/rviz_ogre_vendor/lib:/opt/ros/humble/lib/x86_64-linux-gnu:/opt/ros/humble/lib'), ('MOTD_SHOWN', 'update-motd'), ('HOME', '/home/ivano'), ('OLDPWD', '/mnt/c/work/ubuntu_work/HiveFlight'), ('ROS_PYTHON_VERSION', '3'), ('DBUS_SESSION_BUS_ADDRESS', 'unix:path=/run/user/1000/bus'), ('WSL_DISTRO_NAME', 'Ubuntu-22.04'), ('WAYLAND_DISPLAY', 'wayland-0'), ('COLCON_PREFIX_PATH', '/mnt/c/work/ubuntu_work/HiveFlight/ros2_ws/install:/home/ivano/hiveflight_ws/install'), ('ROS_DISTRO', 'humble'), ('LOGNAME', 'ivano'), ('NAME', 'LAPTOP-7K9MEH4D'), ('WSL_INTEROP', '/run/WSL/331_interop'), ('PULSE_SERVER', 'unix:/mnt/wslg/PulseServer'), ('_', '/usr/bin/colcon'), ('ROS_VERSION', '2'), ('TERM', 'xterm-256color'), ('ROS_LOCALHOST_ONLY', '0'), ('PATH', '/opt/ros/humble/bin:/usr/local/sbin:/usr/local/bin:/usr/sbin:/usr/bin:/sbin:/bin:/usr/games:/usr/local/games:/usr/lib/wsl/lib:/mnt/c/Users/ivano/AppData/Roaming/Code/User/globalStorage/github.copilot-chat/debugCommand:/mnt/c/Users/ivano/AppData/Roaming/Code/User/globalStorage/github.copilot-chat/copilotCli:/mnt/c/windows/system32:/mnt/c/windows:/mnt/c/windows/System32/Wbem:/mnt/c/windows/System32/WindowsPowerShell/v1.0/:/mnt/c/windows/System32/OpenSSH/:/mnt/c/Program Files/HP/1E.Performance.Assist/Extensibility/NomadBranch:/mnt/c/Program Files/CMake/bin:/mnt/c/Program Files (x86)/Windows Kits/10/Windows Performance Toolkit/:/mnt/c/Program Files/Git/cmd:/mnt/c/windows/system32:/mnt/c/windows:/mnt/c/windows/System32/Wbem:/mnt/c/windows/System32/WindowsPowerShell/v1.0/:/mnt/c/windows/System32/OpenSSH/:/mnt/c/Program Files/HP/1E.Performance.Assist/Extensibility/NomadBranch:/mnt/c/Program Files/CMake/bin:/mnt/c/Program Files (x86)/Windows Kits/10/Windows Performance Toolkit/:/mnt/c/Program Files/Git/cmd:/mnt/c/vcpkg:/mnt/c/Users/ivano/AppData/Local/Programs/Microsoft VS Code/bin:/snap/bin'), ('XDG_RUNTIME_DIR', '/run/user/1000'), ('DISPLAY', ':0'), ('LANG', 'C.UTF-8'), ('LS_COLORS', 'rs=0:di=01;34:ln=01;36:mh=00:pi=40;33:so=01;35:do=01;35:bd=40;33;01:cd=40;33;01:or=40;31;01:mi=00:su=37;41:sg=30;43:ca=30;41:tw=30;42:ow=34;42:st=37;44:ex=01;32:*.tar=01;31:*.tgz=01;31:*.arc=01;31:*.arj=01;31:*.taz=01;31:*.lha=01;31:*.lz4=01;31:*.lzh=01;31:*.lzma=01;31:*.tlz=01;31:*.txz=01;31:*.tzo=01;31:*.t7z=01;31:*.zip=01;31:*.z=01;31:*.dz=01;31:*.gz=01;31:*.lrz=01;31:*.lz=01;31:*.lzo=01;31:*.xz=01;31:*.zst=01;31:*.tzst=01;31:*.bz2=01;31:*.bz=01;31:*.tbz=01;31:*.tbz2=01;31:*.tz=01;31:*.deb=01;31:*.rpm=01;31:*.jar=01;31:*.war=01;31:*.ear=01;31:*.sar=01;31:*.rar=01;31:*.alz=01;31:*.ace=01;31:*.zoo=01;31:*.cpio=01;31:*.7z=01;31:*.rz=01;31:*.cab=01;31:*.wim=01;31:*.swm=01;31:*.dwm=01;31:*.esd=01;31:*.jpg=01;35:*.jpeg=01;35:*.mjpg=01;35:*.mjpeg=01;35:*.gif=01;35:*.bmp=01;35:*.pbm=01;35:*.pgm=01;35:*.ppm=01;35:*.tga=01;35:*.xbm=01;35:*.xpm=01;35:*.tif=01;35:*.tiff=01;35:*.png=01;35:*.svg=01;35:*.svgz=01;35:*.mng=01;35:*.pcx=01;35:*.mov=01;35:*.mpg=01;35:*.mpeg=01;35:*.m2v=01;35:*.mkv=01;35:*.webm=01;35:*.webp=01;35:*.ogm=01;35:*.mp4=01;35:*.m4v=01;35:*.mp4v=01;35:*.vob=01;35:*.qt=01;35:*.nuv=01;35:*.wmv=01;35:*.asf=01;35:*.rm=01;35:*.rmvb=01;35:*.flc=01;35:*.avi=01;35:*.fli=01;35:*.flv=01;35:*.gl=01;35:*.dl=01;35:*.xcf=01;35:*.xwd=01;35:*.yuv=01;35:*.cgm=01;35:*.emf=01;35:*.ogv=01;35:*.ogx=01;35:*.aac=00;36:*.au=00;36:*.flac=00;36:*.m4a=00;36:*.mid=00;36:*.midi=00;36:*.mka=00;36:*.mp3=00;36:*.mpc=00;36:*.ogg=00;36:*.ra=00;36:*.wav=00;36:*.oga=00;36:*.opus=00;36:*.spx=00;36:*.xspf=00;36:'), ('AMENT_PREFIX_PATH', '/mnt/c/work/ubuntu_work/HiveFlight/ros2_ws/install:/home/ivano/hiveflight_ws/install/hiveflight_interfaces:/home/ivano/hiveflight_ws/install/hiveflight:/opt/ros/humble'), ('SHELL', '/bin/bash'), ('LESSCLOSE', '/usr/bin/lesspipe %s %s'), ('PWD', '/mnt/c/work/ubuntu_work/HiveFlight/ros2_ws/build/hiveflight_sim'), ('XDG_DATA_DIRS', '/usr/local/share:/usr/share:/var/lib/snapd/desktop'), ('PYTHONPATH', '/mnt/c/work/ubuntu_work/HiveFlight/ros2_ws/install/local/lib/python3.10/dist-packages:/home/ivano/hiveflight_ws/install/hiveflight_interfaces/local/lib/python3.10/dist-packages:/opt/ros/humble/lib/python3.10/site-packages:/opt/ros/humble/local/lib/python3.10/dist-packages'), ('COLCON', '1'), ('WSL2_GUI_APPS_ENABLED', '1'), ('HOSTTYPE', 'x86_64'), ('CMAKE_PREFIX_PATH', '/mnt/c/work/ubuntu_work/HiveFlight/ros2_ws/install:/home/ivano/hiveflight_ws/install/hiveflight_interfaces:/home/ivano/hiveflight_ws/install/hiveflight:/opt/ros/humble'), ('WSLENV', '')]), 'shell': False}
[64.965696] (-) TimerEvent: {}
[65.039667] (hiveflight_sim) StdoutLine: {'line': b'-- Install configuration: ""\n'}
[65.046543] (hiveflight_sim) StdoutLine: {'line': b'-- Installing: /mnt/c/work/ubuntu_work/HiveFlight/ros2_ws/install/lib/libhiveflight_ros2_adapter.a\n'}
[65.065963] (-) TimerEvent: {}
[65.167534] (-) TimerEvent: {}
[65.268415] (-) TimerEvent: {}
[65.369212] (-) TimerEvent: {}
[65.469996] (-) TimerEvent: {}
[65.570639] (-) TimerEvent: {}
[65.627994] (hiveflight_sim) StdoutLine: {'line': b'-- Up-to-date: /mnt/c/work/ubuntu_work/HiveFlight/ros2_ws/install/include\n'}
[65.644010] (hiveflight_sim) StdoutLine: {'line': b'-- Installing: /mnt/c/work/ubuntu_work/HiveFlight/ros2_ws/install/include/DroneCommunication3D.hpp\n'}
[65.670735] (-) TimerEvent: {}
[65.689256] (hiveflight_sim) StdoutLine: {'line': b'-- Installing: /mnt/c/work/ubuntu_work/HiveFlight/ros2_ws/install/include/DroneRos2Adapter.hpp\n'}
[65.739843] (hiveflight_sim) StdoutLine: {'line': b'-- Installing: /mnt/c/work/ubuntu_work/HiveFlight/ros2_ws/install/include/SpatialGrid3D.hpp\n'}
[65.770866] (-) TimerEvent: {}
[65.787380] (hiveflight_sim) StdoutLine: {'line': b'-- Installing: /mnt/c/work/ubuntu_work/HiveFlight/ros2_ws/install/include/SwarmSimulation3D.hpp\n'}
[65.835524] (hiveflight_sim) StdoutLine: {'line': b'-- Installing: /mnt/c/work/ubuntu_work/HiveFlight/ros2_ws/install/include/Vec3.hpp\n'}
[65.870993] (-) TimerEvent: {}
[65.890133] (hiveflight_sim) StdoutLine: {'line': b'-- Installing: /mnt/c/work/ubuntu_work/HiveFlight/ros2_ws/install/share/hiveflight_sim/environment/library_path.sh\n'}
[65.941660] (hiveflight_sim) StdoutLine: {'line': b'-- Installing: /mnt/c/work/ubuntu_work/HiveFlight/ros2_ws/install/share/hiveflight_sim/environment/library_path.dsv\n'}
[65.971181] (-) TimerEvent: {}
[66.038621] (hiveflight_sim) StdoutLine: {'line': b'-- Installing: /mnt/c/work/ubuntu_work/HiveFlight/ros2_ws/install/share/ament_index/resource_index/package_run_dependencies/hiveflight_sim\n'}
[66.071333] (-) TimerEvent: {}
[66.148243] (hiveflight_sim) StdoutLine: {'line': b'-- Installing: /mnt/c/work/ubuntu_work/HiveFlight/ros2_ws/install/share/ament_index/resource_index/parent_prefix_path/hiveflight_sim\n'}
[66.171490] (-) TimerEvent: {}
[66.257909] (hiveflight_sim) StdoutLine: {'line': b'-- Installing: /mnt/c/work/ubuntu_work/HiveFlight/ros2_ws/install/share/hiveflight_sim/environment/ament_prefix_path.sh\n'}
[66.271722] (-) TimerEvent: {}
[66.329339] (hiveflight_sim) StdoutLine: {'line': b'-- Installing: /mnt/c/work/ubuntu_work/HiveFlight/ros2_ws/install/share/hiveflight_sim/environment/ament_prefix_path.dsv\n'}
[66.371929] (-) TimerEvent: {}
[66.381473] (hiveflight_sim) StdoutLine: {'line': b'-- Installing: /mnt/c/work/ubuntu_work/HiveFlight/ros2_ws/install/share/hiveflight_sim/environment/path.sh\n'}
[66.431175] (hiveflight_sim) StdoutLine: {'line': b'-- Installing: /mnt/c/work/ubuntu_work/HiveFlight/ros2_ws/install/share/hiveflight_sim/environment/path.dsv\n'}
[66.472084] (-) TimerEvent: {}
[66.493019] (hiveflight_sim) StdoutLine: {'line': b'-- Installing: /mnt/c/work/ubuntu_work/HiveFlight/ros2_ws/install/share/hiveflight_sim/local_setup.bash\n'}
[66.545790] (hiveflight_sim) StdoutLine: {'line': b'-- Installing: /mnt/c/work/ubuntu_work/HiveFlight/ros2_ws/install/share/hiveflight_sim/local_setup.sh\n'}
[66.572208] (-) TimerEvent: {}
[66.592961] (hiveflight_sim) StdoutLine: {'line': b'-- Installing: /mnt/c/work/ubuntu_work/HiveFlight/ros2_ws/install/share/hiveflight_sim/local_setup.zsh\n'}
[66.643594] (hiveflight_sim) StdoutLine: {'line': b'-- Installing: /mnt/c/work/ubuntu_work/HiveFlight/ros2_ws/install/share/hiveflight_sim/local_setup.dsv\n'}
[66.672352] (-) TimerEvent: {}
[66.697822] (hiveflight_sim) StdoutLine: {'line': b'-- Installing: /mnt/c/work/ubuntu_work/HiveFlight/ros2_ws/install/share/hiveflight_sim/package.dsv\n'}
[66.765150] (hiveflight_sim) StdoutLine: {'line': b'-- Installing: /mnt/c/work/ubuntu_work/HiveFlight/ros2_ws/install/share/ament_index/resource_index/packages/hiveflight_sim\n'}
[66.772492] (-) TimerEvent: {}
[66.871446] (hiveflight_sim) StdoutLine: {'line': b'-- Installing: /mnt/c/work/ubuntu_work/HiveFlight/ros2_ws/install/share/hiveflight_sim/cmake/hiveflight_ros2_adapterTargetsExport.cmake\n'}
[66.872679] (-) TimerEvent: {}
[66.957460] (hiveflight_sim) StdoutLine: {'line': b'-- Installing: /mnt/c/work/ubuntu_work/HiveFlight/ros2_ws/install/share/hiveflight_sim/cmake/hiveflight_ros2_adapterTargetsExport-noconfig.cmake\n'}
[66.972828] (-) TimerEvent: {}
[67.023872] (hiveflight_sim) StdoutLine: {'line': b'-- Installing: /mnt/c/work/ubuntu_work/HiveFlight/ros2_ws/install/share/hiveflight_sim/cmake/ament_cmake_export_targets-extras.cmake\n'}
[67.072954] (-) TimerEvent: {}
[67.088547] (hiveflight_sim) StdoutLine: {'line': b'-- Installing: /mnt/c/work/ubuntu_work/HiveFlight/ros2_ws/install/share/hiveflight_sim/cmake/ament_cmake_export_dependencies-extras.cmake\n'}
[67.142446] (hiveflight_sim) StdoutLine: {'line': b'-- Installing: /mnt/c/work/ubuntu_work/HiveFlight/ros2_ws/install/share/hiveflight_sim/cmake/hiveflight_simConfig.cmake\n'}
[67.173122] (-) TimerEvent: {}
[67.192545] (hiveflight_sim) StdoutLine: {'line': b'-- Installing: /mnt/c/work/ubuntu_work/HiveFlight/ros2_ws/install/share/hiveflight_sim/cmake/hiveflight_simConfig-version.cmake\n'}
[67.248462] (hiveflight_sim) StdoutLine: {'line': b'-- Installing: /mnt/c/work/ubuntu_work/HiveFlight/ros2_ws/install/share/hiveflight_sim/package.xml\n'}
[67.273269] (-) TimerEvent: {}
[67.300236] (hiveflight_sim) CommandEnded: {'returncode': 0}
[67.373406] (-) TimerEvent: {}
[67.473927] (-) TimerEvent: {}
[67.574550] (-) TimerEvent: {}
[67.675469] (-) TimerEvent: {}
[67.776393] (-) TimerEvent: {}
[67.877127] (-) TimerEvent: {}
[67.977893] (-) TimerEvent: {}
[68.078836] (-) TimerEvent: {}
[68.179852] (-) TimerEvent: {}
[68.235103] (hiveflight_sim) JobEnded: {'identifier': 'hiveflight_sim', 'rc': 0}
[68.242361] (hiveflight_sim_node) JobStarted: {'identifier': 'hiveflight_sim_node'}
[68.280094] (-) TimerEvent: {}
[68.380964] (-) TimerEvent: {}
[68.481815] (-) TimerEvent: {}
[68.570228] (hiveflight_sim_node) JobProgress: {'identifier': 'hiveflight_sim_node', 'progress': 'cmake'}
[68.582027] (-) TimerEvent: {}
[68.616944] (hiveflight_sim_node) Command: {'cmd': ['/usr/bin/cmake', '/mnt/c/work/ubuntu_work/HiveFlight/ros2_ws/src/hiveflight_sim_node', '-DCMAKE_INSTALL_PREFIX=/mnt/c/work/ubuntu_work/HiveFlight/ros2_ws/install'], 'cwd': '/mnt/c/work/ubuntu_work/HiveFlight/ros2_ws/build/hiveflight_sim_node', 'env': OrderedDict([('LESSOPEN', '| /usr/bin/lesspipe %s'), ('USER', 'ivano'), ('SHLVL', '2'), ('LD_LIBRARY_PATH', '/mnt/c/work/ubuntu_work/HiveFlight/ros2_ws/install/lib:/usr/lib/x86_64-linux-gnu/gazebo-11/plugins:/home/ivano/hiveflight_ws/install/hiveflight_interfaces/lib:/opt/ros/humble/opt/rviz_ogre_vendor/lib:/opt/ros/humble/lib/x86_64-linux-gnu:/opt/ros/humble/lib'), ('MOTD_SHOWN', 'update-motd'), ('HOME', '/home/ivano'), ('OLDPWD', '/mnt/c/work/ubuntu_work/HiveFlight'), ('ROS_PYTHON_VERSION', '3'), ('DBUS_SESSION_BUS_ADDRESS', 'unix:path=/run/user/1000/bus'), ('WSL_DISTRO_NAME', 'Ubuntu-22.04'), ('WAYLAND_DISPLAY', 'wayland-0'), ('COLCON_PREFIX_PATH', '/mnt/c/work/ubuntu_work/HiveFlight/ros2_ws/install:/home/ivano/hiveflight_ws/install'), ('ROS_DISTRO', 'humble'), ('LOGNAME', 'ivano'), ('NAME', 'LAPTOP-7K9MEH4D'), ('WSL_INTEROP', '/run/WSL/331_interop'), ('PULSE_SERVER', 'unix:/mnt/wslg/PulseServer'), ('_', '/usr/bin/colcon'), ('ROS_VERSION', '2'), ('TERM', 'xterm-256color'), ('ROS_LOCALHOST_ONLY', '0'), ('PATH', '/opt/ros/humble/bin:/usr/local/sbin:/usr/local/bin:/usr/sbin:/usr/bin:/sbin:/bin:/usr/games:/usr/local/games:/usr/lib/wsl/lib:/mnt/c/Users/ivano/AppData/Roaming/Code/User/globalStorage/github.copilot-chat/debugCommand:/mnt/c/Users/ivano/AppData/Roaming/Code/User/globalStorage/github.copilot-chat/copilotCli:/mnt/c/windows/system32:/mnt/c/windows:/mnt/c/windows/System32/Wbem:/mnt/c/windows/System32/WindowsPowerShell/v1.0/:/mnt/c/windows/System32/OpenSSH/:/mnt/c/Program Files/HP/1E.Performance.Assist/Extensibility/NomadBranch:/mnt/c/Program Files/CMake/bin:/mnt/c/Program Files (x86)/Windows Kits/10/Windows Performance Toolkit/:/mnt/c/Program Files/Git/cmd:/mnt/c/windows/system32:/mnt/c/windows:/mnt/c/windows/System32/Wbem:/mnt/c/windows/System32/WindowsPowerShell/v1.0/:/mnt/c/windows/System32/OpenSSH/:/mnt/c/Program Files/HP/1E.Performance.Assist/Extensibility/NomadBranch:/mnt/c/Program Files/CMake/bin:/mnt/c/Program Files (x86)/Windows Kits/10/Windows Performance Toolkit/:/mnt/c/Program Files/Git/cmd:/mnt/c/vcpkg:/mnt/c/Users/ivano/AppData/Local/Programs/Microsoft VS Code/bin:/snap/bin'), ('XDG_RUNTIME_DIR', '/run/user/1000'), ('DISPLAY', ':0'), ('LANG', 'C.UTF-8'), ('LS_COLORS', 'rs=0:di=01;34:ln=01;36:mh=00:pi=40;33:so=01;35:do=01;35:bd=40;33;01:cd=40;33;01:or=40;31;01:mi=00:su=37;41:sg=30;43:ca=30;41:tw=30;42:ow=34;42:st=37;44:ex=01;32:*.tar=01;31:*.tgz=01;31:*.arc=01;31:*.arj=01;31:*.taz=01;31:*.lha=01;31:*.lz4=01;31:*.lzh=01;31:*.lzma=01;31:*.tlz=01;31:*.txz=01;31:*.tzo=01;31:*.t7z=01;31:*.zip=01;31:*.z=01;31:*.dz=01;31:*.gz=01;31:*.lrz=01;31:*.lz=01;31:*.lzo=01;31:*.xz=01;31:*.zst=01;31:*.tzst=01;31:*.bz2=01;31:*.bz=01;31:*.tbz=01;31:*.tbz2=01;31:*.tz=01;31:*.deb=01;31:*.rpm=01;31:*.jar=01;31:*.war=01;31:*.ear=01;31:*.sar=01;31:*.rar=01;31:*.alz=01;31:*.ace=01;31:*.zoo=01;31:*.cpio=01;31:*.7z=01;31:*.rz=01;31:*.cab=01;31:*.wim=01;31:*.swm=01;31:*.dwm=01;31:*.esd=01;31:*.jpg=01;35:*.jpeg=01;35:*.mjpg=01;35:*.mjpeg=01;35:*.gif=01;35:*.bmp=01;35:*.pbm=01;35:*.pgm=01;35:*.ppm=01;35:*.tga=01;35:*.xbm=01;35:*.xpm=01;35:*.tif=01;35:*.tiff=01;35:*.png=01;35:*.svg=01;35:*.svgz=01;35:*.mng=01;35:*.pcx=01;35:*.mov=01;35:*.mpg=01;35:*.mpeg=01;35:*.m2v=01;35:*.mkv=01;35:*.webm=01;35:*.webp=01;35:*.ogm=01;35:*.mp4=01;35:*.m4v=01;35:*.mp4v=01;35:*.vob=01;35:*.qt=01;35:*.nuv=01;35:*.wmv=01;35:*.asf=01;35:*.rm=01;35:*.rmvb=01;35:*.flc=01;35:*.avi=01;35:*.fli=01;35:*.flv=01;35:*.gl=01;35:*.dl=01;35:*.xcf=01;35:*.xwd=01;35:*.yuv=01;35:*.cgm=01;35:*.emf=01;35:*.ogv=01;35:*.ogx=01;35:*.aac=00;36:*.au=00;36:*.flac=00;36:*.m4a=00;36:*.mid=00;36:*.midi=00;36:*.mka=00;36:*.mp3=00;36:*.mpc=00;36:*.ogg=00;36:*.ra=00;36:*.wav=00;36:*.oga=00;36:*.opus=00;36:*.spx=00;36:*.xspf=00;36:'), ('AMENT_PREFIX_PATH', '/mnt/c/work/ubuntu_work/HiveFlight/ros2_ws/install:/home/ivano/hiveflight_ws/install/hiveflight_interfaces:/home/ivano/hiveflight_ws/install/hiveflight:/opt/ros/humble'), ('SHELL', '/bin/bash'), ('LESSCLOSE', '/usr/bin/lesspipe %s %s'), ('PWD', '/mnt/c/work/ubuntu_work/HiveFlight/ros2_ws/build/hiveflight_sim_node'), ('XDG_DATA_DIRS', '/usr/local/share:/usr/share:/var/lib/snapd/desktop'), ('PYTHONPATH', '/mnt/c/work/ubuntu_work/HiveFlight/ros2_ws/install/local/lib/python3.10/dist-packages:/home/ivano/hiveflight_ws/install/hiveflight_interfaces/local/lib/python3.10/dist-packages:/opt/ros/humble/lib/python3.10/site-packages:/opt/ros/humble/local/lib/python3.10/dist-packages'), ('COLCON', '1'), ('WSL2_GUI_APPS_ENABLED', '1'), ('HOSTTYPE', 'x86_64'), ('CMAKE_PREFIX_PATH', '/mnt/c/work/ubuntu_work/HiveFlight/ros2_ws/install:/home/ivano/hiveflight_ws/install/hiveflight_interfaces:/home/ivano/hiveflight_ws/install/hiveflight:/opt/ros/humble'), ('WSLENV', '')]), 'shell': False}
[68.682203] (-) TimerEvent: {}
[68.782952] (-) TimerEvent: {}
[68.883590] (-) TimerEvent: {}
[68.984182] (-) TimerEvent: {}
[69.084891] (-) TimerEvent: {}
[69.185521] (-) TimerEvent: {}
[69.205274] (hiveflight_sim_node) StdoutLine: {'line': b'-- The C compiler identification is GNU 11.4.0\n'}
[69.285655] (-) TimerEvent: {}
[69.386282] (-) TimerEvent: {}
[69.486761] (-) TimerEvent: {}
[69.587337] (-) TimerEvent: {}
[69.687903] (-) TimerEvent: {}
[69.788448] (-) TimerEvent: {}
[69.807221] (hiveflight_sim_node) StdoutLine: {'line': b'-- The CXX compiler identification is GNU 11.4.0\n'}
[69.888589] (-) TimerEvent: {}
[69.989206] (-) TimerEvent: {}
[70.087838] (hiveflight_sim_node) StdoutLine: {'line': b'-- Detecting C compiler ABI info\n'}
[70.090597] (-) TimerEvent: {}
[70.191103] (-) TimerEvent: {}
[70.291605] (-) TimerEvent: {}
[70.392225] (-) TimerEvent: {}
[70.493052] (-) TimerEvent: {}
[70.593635] (-) TimerEvent: {}
[70.694277] (-) TimerEvent: {}
[70.794968] (-) TimerEvent: {}
[70.895421] (-) TimerEvent: {}
[70.996104] (-) TimerEvent: {}
[71.035676] (hiveflight_sim_node) StdoutLine: {'line': b'-- Detecting C compiler ABI info - done\n'}
[71.058066] (hiveflight_sim_node) StdoutLine: {'line': b'-- Check for working C compiler: /usr/bin/cc - skipped\n'}
[71.059002] (hiveflight_sim_node) StdoutLine: {'line': b'-- Detecting C compile features\n'}
[71.059844] (hiveflight_sim_node) StdoutLine: {'line': b'-- Detecting C compile features - done\n'}
[71.096784] (-) TimerEvent: {}
[71.110635] (hiveflight_sim_node) StdoutLine: {'line': b'-- Detecting CXX compiler ABI info\n'}
[71.196721] (-) TimerEvent: {}
[71.297270] (-) TimerEvent: {}
[71.397972] (-) TimerEvent: {}
[71.498700] (-) TimerEvent: {}
[71.599307] (-) TimerEvent: {}
[71.699910] (-) TimerEvent: {}
[71.800465] (-) TimerEvent: {}
[71.901262] (-) TimerEvent: {}
[72.001878] (-) TimerEvent: {}
[72.057686] (hiveflight_sim_node) StdoutLine: {'line': b'-- Detecting CXX compiler ABI info - done\n'}
[72.080943] (hiveflight_sim_node) StdoutLine: {'line': b'-- Check for working CXX compiler: /usr/bin/c++ - skipped\n'}
[72.082112] (hiveflight_sim_node) StdoutLine: {'line': b'-- Detecting CXX compile features\n'}
[72.082960] (hiveflight_sim_node) StdoutLine: {'line': b'-- Detecting CXX compile features - done\n'}
[72.102071] (-) TimerEvent: {}
[72.175925] (hiveflight_sim_node) StdoutLine: {'line': b'-- Found ament_cmake: 1.3.14 (/opt/ros/humble/share/ament_cmake/cmake)\n'}
[72.202269] (-) TimerEvent: {}
[72.303172] (-) TimerEvent: {}
[72.403733] (-) TimerEvent: {}
[72.504240] (-) TimerEvent: {}
[72.604865] (-) TimerEvent: {}
[72.705382] (-) TimerEvent: {}
[72.805962] (-) TimerEvent: {}
[72.906697] (-) TimerEvent: {}
[73.007511] (-) TimerEvent: {}
[73.022195] (hiveflight_sim_node) StdoutLine: {'line': b'-- Found Python3: /usr/bin/python3 (found version "3.10.12") found components: Interpreter \n'}
[73.107686] (-) TimerEvent: {}
[73.208654] (-) TimerEvent: {}
[73.310108] (-) TimerEvent: {}
[73.410905] (-) TimerEvent: {}
[73.511681] (-) TimerEvent: {}
[73.612980] (-) TimerEvent: {}
[73.713919] (-) TimerEvent: {}
[73.815010] (-) TimerEvent: {}
[73.881551] (hiveflight_sim_node) StdoutLine: {'line': b'-- Found rclcpp: 16.0.19 (/opt/ros/humble/share/rclcpp/cmake)\n'}
[73.915005] (-) TimerEvent: {}
[74.015530] (-) TimerEvent: {}
[74.116190] (-) TimerEvent: {}
[74.216950] (-) TimerEvent: {}
[74.317771] (-) TimerEvent: {}
[74.373562] (hiveflight_sim_node) StdoutLine: {'line': b'-- Found rosidl_generator_c: 3.1.8 (/opt/ros/humble/share/rosidl_generator_c/cmake)\n'}
[74.417934] (-) TimerEvent: {}
[74.446686] (hiveflight_sim_node) StdoutLine: {'line': b'-- Found rosidl_adapter: 3.1.8 (/opt/ros/humble/share/rosidl_adapter/cmake)\n'}
[74.518098] (-) TimerEvent: {}
[74.522068] (hiveflight_sim_node) StdoutLine: {'line': b'-- Found rosidl_generator_cpp: 3.1.8 (/opt/ros/humble/share/rosidl_generator_cpp/cmake)\n'}
[74.598799] (hiveflight_sim_node) StdoutLine: {'line': b'-- Using all available rosidl_typesupport_c: rosidl_typesupport_fastrtps_c;rosidl_typesupport_introspection_c\n'}
[74.618232] (-) TimerEvent: {}
[74.714882] (hiveflight_sim_node) StdoutLine: {'line': b'-- Using all available rosidl_typesupport_cpp: rosidl_typesupport_fastrtps_cpp;rosidl_typesupport_introspection_cpp\n'}
[74.718317] (-) TimerEvent: {}
[74.818775] (-) TimerEvent: {}
[74.919311] (-) TimerEvent: {}
[75.020021] (-) TimerEvent: {}
[75.120777] (-) TimerEvent: {}
[75.135783] (hiveflight_sim_node) StdoutLine: {'line': b'-- Found rmw_implementation_cmake: 6.1.2 (/opt/ros/humble/share/rmw_implementation_cmake/cmake)\n'}
[75.174981] (hiveflight_sim_node) StdoutLine: {'line': b'-- Found rmw_fastrtps_cpp: 6.2.10 (/opt/ros/humble/share/rmw_fastrtps_cpp/cmake)\n'}
[75.220917] (-) TimerEvent: {}
[75.321731] (-) TimerEvent: {}
[75.422556] (-) TimerEvent: {}
[75.523096] (-) TimerEvent: {}
[75.623842] (-) TimerEvent: {}
[75.724711] (-) TimerEvent: {}
[75.825372] (-) TimerEvent: {}
[75.926018] (-) TimerEvent: {}
[76.026806] (-) TimerEvent: {}
[76.127619] (-) TimerEvent: {}
[76.228414] (-) TimerEvent: {}
[76.329278] (-) TimerEvent: {}
[76.430438] (-) TimerEvent: {}
[76.531225] (-) TimerEvent: {}
[76.632187] (-) TimerEvent: {}
[76.733406] (-) TimerEvent: {}
[76.740138] (hiveflight_sim_node) StdoutLine: {'line': b'-- Found OpenSSL: /usr/lib/x86_64-linux-gnu/libcrypto.so (found version "3.0.2")  \n'}
[76.833616] (-) TimerEvent: {}
[76.934821] (-) TimerEvent: {}
[77.036222] (-) TimerEvent: {}
[77.137194] (-) TimerEvent: {}
[77.238234] (-) TimerEvent: {}
[77.339293] (-) TimerEvent: {}
[77.440021] (-) TimerEvent: {}
[77.540962] (-) TimerEvent: {}
[77.641762] (-) TimerEvent: {}
[77.676311] (hiveflight_sim_node) StdoutLine: {'line': b'-- Found FastRTPS: /opt/ros/humble/include  \n'}
[77.741878] (-) TimerEvent: {}
[77.842490] (-) TimerEvent: {}
[77.943035] (-) TimerEvent: {}
[78.043836] (-) TimerEvent: {}
[78.144386] (-) TimerEvent: {}
[78.244929] (-) TimerEvent: {}
[78.345701] (-) TimerEvent: {}
[78.446269] (-) TimerEvent: {}
[78.546797] (-) TimerEvent: {}
[78.647403] (-) TimerEvent: {}
[78.748205] (-) TimerEvent: {}
[78.848710] (-) TimerEvent: {}
[78.949268] (-) TimerEvent: {}
[79.050038] (-) TimerEvent: {}
[79.150707] (-) TimerEvent: {}
[79.251226] (-) TimerEvent: {}
[79.351984] (-) TimerEvent: {}
[79.375062] (hiveflight_sim_node) StdoutLine: {'line': b"-- Using RMW implementation 'rmw_fastrtps_cpp' as default\n"}
[79.452102] (-) TimerEvent: {}
[79.519082] (hiveflight_sim_node) StdoutLine: {'line': b'-- Looking for pthread.h\n'}
[79.552260] (-) TimerEvent: {}
[79.652926] (-) TimerEvent: {}
[79.753574] (-) TimerEvent: {}
[79.854296] (-) TimerEvent: {}
[79.954935] (-) TimerEvent: {}
[80.055499] (-) TimerEvent: {}
[80.156066] (-) TimerEvent: {}
[80.256787] (-) TimerEvent: {}
[80.357523] (-) TimerEvent: {}
[80.431317] (hiveflight_sim_node) StdoutLine: {'line': b'-- Looking for pthread.h - found\n'}
[80.442803] (hiveflight_sim_node) StdoutLine: {'line': b'-- Performing Test CMAKE_HAVE_LIBC_PTHREAD\n'}
[80.457795] (-) TimerEvent: {}
[80.558587] (-) TimerEvent: {}
[80.659193] (-) TimerEvent: {}
[80.759858] (-) TimerEvent: {}
[80.860939] (-) TimerEvent: {}
[80.961892] (-) TimerEvent: {}
[81.062971] (-) TimerEvent: {}
[81.164148] (-) TimerEvent: {}
[81.264845] (-) TimerEvent: {}
[81.364248] (hiveflight_sim_node) StdoutLine: {'line': b'-- Performing Test CMAKE_HAVE_LIBC_PTHREAD - Success\n'}
[81.365173] (-) TimerEvent: {}
[81.371138] (hiveflight_sim_node) StdoutLine: {'line': b'-- Found Threads: TRUE  \n'}
[81.465350] (-) TimerEvent: {}
[81.565916] (-) TimerEvent: {}
[81.606240] (hiveflight_sim_node) StdoutLine: {'line': b'-- Found hiveflight_interfaces: 0.0.1 (/mnt/c/work/ubuntu_work/HiveFlight/ros2_ws/install/share/hiveflight_interfaces/cmake)\n'}
[81.666039] (-) TimerEvent: {}
[81.766717] (-) TimerEvent: {}
[81.867414] (-) TimerEvent: {}
[81.967975] (-) TimerEvent: {}
[82.068526] (-) TimerEvent: {}
[82.144789] (hiveflight_sim_node) StdoutLine: {'line': b'-- Found hiveflight_sim: 0.0.1 (/mnt/c/work/ubuntu_work/HiveFlight/ros2_ws/install/share/hiveflight_sim/cmake)\n'}
[82.168720] (-) TimerEvent: {}
[82.269331] (-) TimerEvent: {}
[82.369953] (-) TimerEvent: {}
[82.470437] (-) TimerEvent: {}
[82.571161] (-) TimerEvent: {}
[82.671876] (-) TimerEvent: {}
[82.772399] (-) TimerEvent: {}
[82.834311] (hiveflight_sim_node) StdoutLine: {'line': b'-- Configuring done\n'}
[82.872637] (-) TimerEvent: {}
[82.973397] (-) TimerEvent: {}
[83.074382] (-) TimerEvent: {}
[83.175331] (-) TimerEvent: {}
[83.276354] (-) TimerEvent: {}
[83.335866] (hiveflight_sim_node) StdoutLine: {'line': b'-- Generating done\n'}
[83.376520] (-) TimerEvent: {}
[83.477207] (-) TimerEvent: {}
[83.558334] (hiveflight_sim_node) StdoutLine: {'line': b'-- Build files have been written to: /mnt/c/work/ubuntu_work/HiveFlight/ros2_ws/build/hiveflight_sim_node\n'}
[83.574074] (hiveflight_sim_node) CommandEnded: {'returncode': 0}
[83.577377] (-) TimerEvent: {}
[83.582276] (hiveflight_sim_node) JobProgress: {'identifier': 'hiveflight_sim_node', 'progress': 'build'}
[83.590114] (hiveflight_sim_node) Command: {'cmd': ['/usr/bin/cmake', '--build', '/mnt/c/work/ubuntu_work/HiveFlight/ros2_ws/build/hiveflight_sim_node', '--', '-j16', '-l16'], 'cwd': '/mnt/c/work/ubuntu_work/HiveFlight/ros2_ws/build/hiveflight_sim_node', 'env': OrderedDict([('LESSOPEN', '| /usr/bin/lesspipe %s'), ('USER', 'ivano'), ('SHLVL', '2'), ('LD_LIBRARY_PATH', '/mnt/c/work/ubuntu_work/HiveFlight/ros2_ws/install/lib:/usr/lib/x86_64-linux-gnu/gazebo-11/plugins:/home/ivano/hiveflight_ws/install/hiveflight_interfaces/lib:/opt/ros/humble/opt/rviz_ogre_vendor/lib:/opt/ros/humble/lib/x86_64-linux-gnu:/opt/ros/humble/lib'), ('MOTD_SHOWN', 'update-motd'), ('HOME', '/home/ivano'), ('OLDPWD', '/mnt/c/work/ubuntu_work/HiveFlight'), ('ROS_PYTHON_VERSION', '3'), ('DBUS_SESSION_BUS_ADDRESS', 'unix:path=/run/user/1000/bus'), ('WSL_DISTRO_NAME', 'Ubuntu-22.04'), ('WAYLAND_DISPLAY', 'wayland-0'), ('COLCON_PREFIX_PATH', '/mnt/c/work/ubuntu_work/HiveFlight/ros2_ws/install:/home/ivano/hiveflight_ws/install'), ('ROS_DISTRO', 'humble'), ('LOGNAME', 'ivano'), ('NAME', 'LAPTOP-7K9MEH4D'), ('WSL_INTEROP', '/run/WSL/331_interop'), ('PULSE_SERVER', 'unix:/mnt/wslg/PulseServer'), ('_', '/usr/bin/colcon'), ('ROS_VERSION', '2'), ('TERM', 'xterm-256color'), ('ROS_LOCALHOST_ONLY', '0'), ('PATH', '/opt/ros/humble/bin:/usr/local/sbin:/usr/local/bin:/usr/sbin:/usr/bin:/sbin:/bin:/usr/games:/usr/local/games:/usr/lib/wsl/lib:/mnt/c/Users/ivano/AppData/Roaming/Code/User/globalStorage/github.copilot-chat/debugCommand:/mnt/c/Users/ivano/AppData/Roaming/Code/User/globalStorage/github.copilot-chat/copilotCli:/mnt/c/windows/system32:/mnt/c/windows:/mnt/c/windows/System32/Wbem:/mnt/c/windows/System32/WindowsPowerShell/v1.0/:/mnt/c/windows/System32/OpenSSH/:/mnt/c/Program Files/HP/1E.Performance.Assist/Extensibility/NomadBranch:/mnt/c/Program Files/CMake/bin:/mnt/c/Program Files (x86)/Windows Kits/10/Windows Performance Toolkit/:/mnt/c/Program Files/Git/cmd:/mnt/c/windows/system32:/mnt/c/windows:/mnt/c/windows/System32/Wbem:/mnt/c/windows/System32/WindowsPowerShell/v1.0/:/mnt/c/windows/System32/OpenSSH/:/mnt/c/Program Files/HP/1E.Performance.Assist/Extensibility/NomadBranch:/mnt/c/Program Files/CMake/bin:/mnt/c/Program Files (x86)/Windows Kits/10/Windows Performance Toolkit/:/mnt/c/Program Files/Git/cmd:/mnt/c/vcpkg:/mnt/c/Users/ivano/AppData/Local/Programs/Microsoft VS Code/bin:/snap/bin'), ('XDG_RUNTIME_DIR', '/run/user/1000'), ('DISPLAY', ':0'), ('LANG', 'C.UTF-8'), ('LS_COLORS', 'rs=0:di=01;34:ln=01;36:mh=00:pi=40;33:so=01;35:do=01;35:bd=40;33;01:cd=40;33;01:or=40;31;01:mi=00:su=37;41:sg=30;43:ca=30;41:tw=30;42:ow=34;42:st=37;44:ex=01;32:*.tar=01;31:*.tgz=01;31:*.arc=01;31:*.arj=01;31:*.taz=01;31:*.lha=01;31:*.lz4=01;31:*.lzh=01;31:*.lzma=01;31:*.tlz=01;31:*.txz=01;31:*.tzo=01;31:*.t7z=01;31:*.zip=01;31:*.z=01;31:*.dz=01;31:*.gz=01;31:*.lrz=01;31:*.lz=01;31:*.lzo=01;31:*.xz=01;31:*.zst=01;31:*.tzst=01;31:*.bz2=01;31:*.bz=01;31:*.tbz=01;31:*.tbz2=01;31:*.tz=01;31:*.deb=01;31:*.rpm=01;31:*.jar=01;31:*.war=01;31:*.ear=01;31:*.sar=01;31:*.rar=01;31:*.alz=01;31:*.ace=01;31:*.zoo=01;31:*.cpio=01;31:*.7z=01;31:*.rz=01;31:*.cab=01;31:*.wim=01;31:*.swm=01;31:*.dwm=01;31:*.esd=01;31:*.jpg=01;35:*.jpeg=01;35:*.mjpg=01;35:*.mjpeg=01;35:*.gif=01;35:*.bmp=01;35:*.pbm=01;35:*.pgm=01;35:*.ppm=01;35:*.tga=01;35:*.xbm=01;35:*.xpm=01;35:*.tif=01;35:*.tiff=01;35:*.png=01;35:*.svg=01;35:*.svgz=01;35:*.mng=01;35:*.pcx=01;35:*.mov=01;35:*.mpg=01;35:*.mpeg=01;35:*.m2v=01;35:*.mkv=01;35:*.webm=01;35:*.webp=01;35:*.ogm=01;35:*.mp4=01;35:*.m4v=01;35:*.mp4v=01;35:*.vob=01;35:*.qt=01;35:*.nuv=01;35:*.wmv=01;35:*.asf=01;35:*.rm=01;35:*.rmvb=01;35:*.flc=01;35:*.avi=01;35:*.fli=01;35:*.flv=01;35:*.gl=01;35:*.dl=01;35:*.xcf=01;35:*.xwd=01;35:*.yuv=01;35:*.cgm=01;35:*.emf=01;35:*.ogv=01;35:*.ogx=01;35:*.aac=00;36:*.au=00;36:*.flac=00;36:*.m4a=00;36:*.mid=00;36:*.midi=00;36:*.mka=00;36:*.mp3=00;36:*.mpc=00;36:*.ogg=00;36:*.ra=00;36:*.wav=00;36:*.oga=00;36:*.opus=00;36:*.spx=00;36:*.xspf=00;36:'), ('AMENT_PREFIX_PATH', '/mnt/c/work/ubuntu_work/HiveFlight/ros2_ws/install:/home/ivano/hiveflight_ws/install/hiveflight_interfaces:/home/ivano/hiveflight_ws/install/hiveflight:/opt/ros/humble'), ('SHELL', '/bin/bash'), ('LESSCLOSE', '/usr/bin/lesspipe %s %s'), ('PWD', '/mnt/c/work/ubuntu_work/HiveFlight/ros2_ws/build/hiveflight_sim_node'), ('XDG_DATA_DIRS', '/usr/local/share:/usr/share:/var/lib/snapd/desktop'), ('PYTHONPATH', '/mnt/c/work/ubuntu_work/HiveFlight/ros2_ws/install/local/lib/python3.10/dist-packages:/home/ivano/hiveflight_ws/install/hiveflight_interfaces/local/lib/python3.10/dist-packages:/opt/ros/humble/lib/python3.10/site-packages:/opt/ros/humble/local/lib/python3.10/dist-packages'), ('COLCON', '1'), ('WSL2_GUI_APPS_ENABLED', '1'), ('HOSTTYPE', 'x86_64'), ('CMAKE_PREFIX_PATH', '/mnt/c/work/ubuntu_work/HiveFlight/ros2_ws/install:/home/ivano/hiveflight_ws/install/hiveflight_interfaces:/home/ivano/hiveflight_ws/install/hiveflight:/opt/ros/humble'), ('WSLENV', '')]), 'shell': False}
[83.677616] (-) TimerEvent: {}
[83.778322] (-) TimerEvent: {}
[83.879213] (-) TimerEvent: {}
[83.980079] (-) TimerEvent: {}
[84.080968] (-) TimerEvent: {}
[84.181931] (-) TimerEvent: {}
[84.282976] (-) TimerEvent: {}
[84.384664] (-) TimerEvent: {}
[84.486779] (-) TimerEvent: {}
[84.588220] (-) TimerEvent: {}
[84.689966] (-) TimerEvent: {}
[84.791087] (-) TimerEvent: {}
[84.892075] (-) TimerEvent: {}
[84.994335] (-) TimerEvent: {}
[85.095253] (-) TimerEvent: {}
[85.098390] (hiveflight_sim_node) StdoutLine: {'line': b'[ 50%] \x1b[32mBuilding CXX object CMakeFiles/simulation_node.dir/src/simulation_node.cpp.o\x1b[0m\n'}
[85.195433] (-) TimerEvent: {}
[85.296231] (-) TimerEvent: {}
[85.396931] (-) TimerEvent: {}
[85.497873] (-) TimerEvent: {}
[85.598552] (-) TimerEvent: {}
[85.699166] (-) TimerEvent: {}
[85.799780] (-) TimerEvent: {}
[85.901032] (-) TimerEvent: {}
[86.002032] (-) TimerEvent: {}
[86.102952] (-) TimerEvent: {}
[86.203679] (-) TimerEvent: {}
[86.304357] (-) TimerEvent: {}
[86.405020] (-) TimerEvent: {}
[86.506117] (-) TimerEvent: {}
[86.607282] (-) TimerEvent: {}
[86.708405] (-) TimerEvent: {}
[86.809097] (-) TimerEvent: {}
[86.909996] (-) TimerEvent: {}
[87.010668] (-) TimerEvent: {}
[87.111615] (-) TimerEvent: {}
[87.212755] (-) TimerEvent: {}
[87.314079] (-) TimerEvent: {}
[87.415177] (-) TimerEvent: {}
[87.516358] (-) TimerEvent: {}
[87.617266] (-) TimerEvent: {}
[87.717925] (-) TimerEvent: {}
[87.818602] (-) TimerEvent: {}
[87.919246] (-) TimerEvent: {}
[88.019884] (-) TimerEvent: {}
[88.120631] (-) TimerEvent: {}
[88.221317] (-) TimerEvent: {}
[88.321979] (-) TimerEvent: {}
[88.422803] (-) TimerEvent: {}
[88.523472] (-) TimerEvent: {}
[88.624005] (-) TimerEvent: {}
[88.724744] (-) TimerEvent: {}
[88.825550] (-) TimerEvent: {}
[88.926423] (-) TimerEvent: {}
[89.027121] (-) TimerEvent: {}
[89.127948] (-) TimerEvent: {}
[89.228784] (-) TimerEvent: {}
[89.329646] (-) TimerEvent: {}
[89.430870] (-) TimerEvent: {}
[89.532716] (-) TimerEvent: {}
[89.633606] (-) TimerEvent: {}
[89.734769] (-) TimerEvent: {}
[89.835878] (-) TimerEvent: {}
[89.936605] (-) TimerEvent: {}
[90.037891] (-) TimerEvent: {}
[90.139217] (-) TimerEvent: {}
[90.239865] (-) TimerEvent: {}
[90.340422] (-) TimerEvent: {}
[90.441254] (-) TimerEvent: {}
[90.542363] (-) TimerEvent: {}
[90.642914] (-) TimerEvent: {}
[90.743521] (-) TimerEvent: {}
[90.844753] (-) TimerEvent: {}
[90.945289] (-) TimerEvent: {}
[91.045918] (-) TimerEvent: {}
[91.146738] (-) TimerEvent: {}
[91.247505] (-) TimerEvent: {}
[91.348029] (-) TimerEvent: {}
[91.448741] (-) TimerEvent: {}
[91.549521] (-) TimerEvent: {}
[91.650089] (-) TimerEvent: {}
[91.750853] (-) TimerEvent: {}
[91.851617] (-) TimerEvent: {}
[91.952639] (-) TimerEvent: {}
[92.053833] (-) TimerEvent: {}
[92.155062] (-) TimerEvent: {}
[92.255845] (-) TimerEvent: {}
[92.357011] (-) TimerEvent: {}
[92.458767] (-) TimerEvent: {}
[92.559776] (-) TimerEvent: {}
[92.660390] (-) TimerEvent: {}
[92.761049] (-) TimerEvent: {}
[92.861704] (-) TimerEvent: {}
[92.962361] (-) TimerEvent: {}
[93.062995] (-) TimerEvent: {}
[93.163825] (-) TimerEvent: {}
[93.264421] (-) TimerEvent: {}
[93.365188] (-) TimerEvent: {}
[93.466086] (-) TimerEvent: {}
[93.566757] (-) TimerEvent: {}
[93.667735] (-) TimerEvent: {}
[93.768795] (-) TimerEvent: {}
[93.869881] (-) TimerEvent: {}
[93.970843] (-) TimerEvent: {}
[94.072093] (-) TimerEvent: {}
[94.174243] (-) TimerEvent: {}
[94.274960] (-) TimerEvent: {}
[94.376109] (-) TimerEvent: {}
[94.477191] (-) TimerEvent: {}
[94.578267] (-) TimerEvent: {}
[94.679336] (-) TimerEvent: {}
[94.780225] (-) TimerEvent: {}
[94.880923] (-) TimerEvent: {}
[94.981635] (-) TimerEvent: {}
[95.082342] (-) TimerEvent: {}
[95.183275] (-) TimerEvent: {}
[95.283942] (-) TimerEvent: {}
[95.385093] (-) TimerEvent: {}
[95.485899] (-) TimerEvent: {}
[95.586536] (-) TimerEvent: {}
[95.687234] (-) TimerEvent: {}
[95.788229] (-) TimerEvent: {}
[95.889160] (-) TimerEvent: {}
[95.991018] (-) TimerEvent: {}
[96.091842] (-) TimerEvent: {}
[96.192713] (-) TimerEvent: {}
[96.293549] (-) TimerEvent: {}
[96.394638] (-) TimerEvent: {}
[96.495480] (-) TimerEvent: {}
[96.596359] (-) TimerEvent: {}
[96.697186] (-) TimerEvent: {}
[96.798139] (-) TimerEvent: {}
[96.898873] (-) TimerEvent: {}
[96.999549] (-) TimerEvent: {}
[97.100437] (-) TimerEvent: {}
[97.201236] (-) TimerEvent: {}
[97.301961] (-) TimerEvent: {}
[97.402898] (-) TimerEvent: {}
[97.503942] (-) TimerEvent: {}
[97.605151] (-) TimerEvent: {}
[97.706096] (-) TimerEvent: {}
[97.806710] (-) TimerEvent: {}
[97.907285] (-) TimerEvent: {}
[98.007866] (-) TimerEvent: {}
[98.048634] (hiveflight_sim_node) StdoutLine: {'line': b'[100%] \x1b[32m\x1b[1mLinking CXX executable simulation_node\x1b[0m\n'}
[98.108046] (-) TimerEvent: {}
[98.208689] (-) TimerEvent: {}
[98.309364] (-) TimerEvent: {}
[98.410293] (-) TimerEvent: {}
[98.510815] (-) TimerEvent: {}
[98.611355] (-) TimerEvent: {}
[98.717703] (-) TimerEvent: {}
[98.818371] (-) TimerEvent: {}
[98.919274] (-) TimerEvent: {}
[99.020047] (-) TimerEvent: {}
[99.120788] (-) TimerEvent: {}
[99.221509] (-) TimerEvent: {}
[99.322147] (-) TimerEvent: {}
[99.422845] (-) TimerEvent: {}
[99.523609] (-) TimerEvent: {}
[99.624216] (-) TimerEvent: {}
[99.724736] (-) TimerEvent: {}
[99.825376] (-) TimerEvent: {}
[99.925998] (-) TimerEvent: {}
[100.026496] (-) TimerEvent: {}
[100.127079] (-) TimerEvent: {}
[100.227753] (-) TimerEvent: {}
[100.328339] (-) TimerEvent: {}
[100.428862] (-) TimerEvent: {}
[100.529419] (-) TimerEvent: {}
[100.630082] (-) TimerEvent: {}
[100.730576] (-) TimerEvent: {}
[100.831095] (-) TimerEvent: {}
[100.932248] (-) TimerEvent: {}
[101.034150] (-) TimerEvent: {}
[101.134896] (-) TimerEvent: {}
[101.235615] (-) TimerEvent: {}
[101.336497] (-) TimerEvent: {}
[101.437346] (-) TimerEvent: {}
[101.537961] (-) TimerEvent: {}
[101.638821] (-) TimerEvent: {}
[101.739402] (-) TimerEvent: {}
[101.839891] (-) TimerEvent: {}
[101.940663] (-) TimerEvent: {}
[102.041607] (-) TimerEvent: {}
[102.120341] (hiveflight_sim_node) StdoutLine: {'line': b'[100%] Built target simulation_node\n'}
[102.141803] (-) TimerEvent: {}
[102.226728] (hiveflight_sim_node) CommandEnded: {'returncode': 0}
[102.241924] (-) TimerEvent: {}
[102.247857] (hiveflight_sim_node) JobProgress: {'identifier': 'hiveflight_sim_node', 'progress': 'install'}
[102.253624] (hiveflight_sim_node) Command: {'cmd': ['/usr/bin/cmake', '--install', '/mnt/c/work/ubuntu_work/HiveFlight/ros2_ws/build/hiveflight_sim_node'], 'cwd': '/mnt/c/work/ubuntu_work/HiveFlight/ros2_ws/build/hiveflight_sim_node', 'env': OrderedDict([('LESSOPEN', '| /usr/bin/lesspipe %s'), ('USER', 'ivano'), ('SHLVL', '2'), ('LD_LIBRARY_PATH', '/mnt/c/work/ubuntu_work/HiveFlight/ros2_ws/install/lib:/usr/lib/x86_64-linux-gnu/gazebo-11/plugins:/home/ivano/hiveflight_ws/install/hiveflight_interfaces/lib:/opt/ros/humble/opt/rviz_ogre_vendor/lib:/opt/ros/humble/lib/x86_64-linux-gnu:/opt/ros/humble/lib'), ('MOTD_SHOWN', 'update-motd'), ('HOME', '/home/ivano'), ('OLDPWD', '/mnt/c/work/ubuntu_work/HiveFlight'), ('ROS_PYTHON_VERSION', '3'), ('DBUS_SESSION_BUS_ADDRESS', 'unix:path=/run/user/1000/bus'), ('WSL_DISTRO_NAME', 'Ubuntu-22.04'), ('WAYLAND_DISPLAY', 'wayland-0'), ('COLCON_PREFIX_PATH', '/mnt/c/work/ubuntu_work/HiveFlight/ros2_ws/install:/home/ivano/hiveflight_ws/install'), ('ROS_DISTRO', 'humble'), ('LOGNAME', 'ivano'), ('NAME', 'LAPTOP-7K9MEH4D'), ('WSL_INTEROP', '/run/WSL/331_interop'), ('PULSE_SERVER', 'unix:/mnt/wslg/PulseServer'), ('_', '/usr/bin/colcon'), ('ROS_VERSION', '2'), ('TERM', 'xterm-256color'), ('ROS_LOCALHOST_ONLY', '0'), ('PATH', '/opt/ros/humble/bin:/usr/local/sbin:/usr/local/bin:/usr/sbin:/usr/bin:/sbin:/bin:/usr/games:/usr/local/games:/usr/lib/wsl/lib:/mnt/c/Users/ivano/AppData/Roaming/Code/User/globalStorage/github.copilot-chat/debugCommand:/mnt/c/Users/ivano/AppData/Roaming/Code/User/globalStorage/github.copilot-chat/copilotCli:/mnt/c/windows/system32:/mnt/c/windows:/mnt/c/windows/System32/Wbem:/mnt/c/windows/System32/WindowsPowerShell/v1.0/:/mnt/c/windows/System32/OpenSSH/:/mnt/c/Program Files/HP/1E.Performance.Assist/Extensibility/NomadBranch:/mnt/c/Program Files/CMake/bin:/mnt/c/Program Files (x86)/Windows Kits/10/Windows Performance Toolkit/:/mnt/c/Program Files/Git/cmd:/mnt/c/windows/system32:/mnt/c/windows:/mnt/c/windows/System32/Wbem:/mnt/c/windows/System32/WindowsPowerShell/v1.0/:/mnt/c/windows/System32/OpenSSH/:/mnt/c/Program Files/HP/1E.Performance.Assist/Extensibility/NomadBranch:/mnt/c/Program Files/CMake/bin:/mnt/c/Program Files (x86)/Windows Kits/10/Windows Performance Toolkit/:/mnt/c/Program Files/Git/cmd:/mnt/c/vcpkg:/mnt/c/Users/ivano/AppData/Local/Programs/Microsoft VS Code/bin:/snap/bin'), ('XDG_RUNTIME_DIR', '/run/user/1000'), ('DISPLAY', ':0'), ('LANG', 'C.UTF-8'), ('LS_COLORS', 'rs=0:di=01;34:ln=01;36:mh=00:pi=40;33:so=01;35:do=01;35:bd=40;33;01:cd=40;33;01:or=40;31;01:mi=00:su=37;41:sg=30;43:ca=30;41:tw=30;42:ow=34;42:st=37;44:ex=01;32:*.tar=01;31:*.tgz=01;31:*.arc=01;31:*.arj=01;31:*.taz=01;31:*.lha=01;31:*.lz4=01;31:*.lzh=01;31:*.lzma=01;31:*.tlz=01;31:*.txz=01;31:*.tzo=01;31:*.t7z=01;31:*.zip=01;31:*.z=01;31:*.dz=01;31:*.gz=01;31:*.lrz=01;31:*.lz=01;31:*.lzo=01;31:*.xz=01;31:*.zst=01;31:*.tzst=01;31:*.bz2=01;31:*.bz=01;31:*.tbz=01;31:*.tbz2=01;31:*.tz=01;31:*.deb=01;31:*.rpm=01;31:*.jar=01;31:*.war=01;31:*.ear=01;31:*.sar=01;31:*.rar=01;31:*.alz=01;31:*.ace=01;31:*.zoo=01;31:*.cpio=01;31:*.7z=01;31:*.rz=01;31:*.cab=01;31:*.wim=01;31:*.swm=01;31:*.dwm=01;31:*.esd=01;31:*.jpg=01;35:*.jpeg=01;35:*.mjpg=01;35:*.mjpeg=01;35:*.gif=01;35:*.bmp=01;35:*.pbm=01;35:*.pgm=01;35:*.ppm=01;35:*.tga=01;35:*.xbm=01;35:*.xpm=01;35:*.tif=01;35:*.tiff=01;35:*.png=01;35:*.svg=01;35:*.svgz=01;35:*.mng=01;35:*.pcx=01;35:*.mov=01;35:*.mpg=01;35:*.mpeg=01;35:*.m2v=01;35:*.mkv=01;35:*.webm=01;35:*.webp=01;35:*.ogm=01;35:*.mp4=01;35:*.m4v=01;35:*.mp4v=01;35:*.vob=01;35:*.qt=01;35:*.nuv=01;35:*.wmv=01;35:*.asf=01;35:*.rm=01;35:*.rmvb=01;35:*.flc=01;35:*.avi=01;35:*.fli=01;35:*.flv=01;35:*.gl=01;35:*.dl=01;35:*.xcf=01;35:*.xwd=01;35:*.yuv=01;35:*.cgm=01;35:*.emf=01;35:*.ogv=01;35:*.ogx=01;35:*.aac=00;36:*.au=00;36:*.flac=00;36:*.m4a=00;36:*.mid=00;36:*.midi=00;36:*.mka=00;36:*.mp3=00;36:*.mpc=00;36:*.ogg=00;36:*.ra=00;36:*.wav=00;36:*.oga=00;36:*.opus=00;36:*.spx=00;36:*.xspf=00;36:'), ('AMENT_PREFIX_PATH', '/mnt/c/work/ubuntu_work/HiveFlight/ros2_ws/install:/home/ivano/hiveflight_ws/install/hiveflight_interfaces:/home/ivano/hiveflight_ws/install/hiveflight:/opt/ros/humble'), ('SHELL', '/bin/bash'), ('LESSCLOSE', '/usr/bin/lesspipe %s %s'), ('PWD', '/mnt/c/work/ubuntu_work/HiveFlight/ros2_ws/build/hiveflight_sim_node'), ('XDG_DATA_DIRS', '/usr/local/share:/usr/share:/var/lib/snapd/desktop'), ('PYTHONPATH', '/mnt/c/work/ubuntu_work/HiveFlight/ros2_ws/install/local/lib/python3.10/dist-packages:/home/ivano/hiveflight_ws/install/hiveflight_interfaces/local/lib/python3.10/dist-packages:/opt/ros/humble/lib/python3.10/site-packages:/opt/ros/humble/local/lib/python3.10/dist-packages'), ('COLCON', '1'), ('WSL2_GUI_APPS_ENABLED', '1'), ('HOSTTYPE', 'x86_64'), ('CMAKE_PREFIX_PATH', '/mnt/c/work/ubuntu_work/HiveFlight/ros2_ws/install:/home/ivano/hiveflight_ws/install/hiveflight_interfaces:/home/ivano/hiveflight_ws/install/hiveflight:/opt/ros/humble'), ('WSLENV', '')]), 'shell': False}
[102.335579] (hiveflight_sim_node) StdoutLine: {'line': b'-- Install configuration: ""\n'}
[102.342043] (-) TimerEvent: {}
[102.352340] (hiveflight_sim_node) StdoutLine: {'line': b'-- Installing: /mnt/c/work/ubuntu_work/HiveFlight/ros2_ws/install/lib/hiveflight_sim_node/simulation_node\n'}
[102.442169] (-) TimerEvent: {}
[102.542674] (-) TimerEvent: {}
[102.643287] (-) TimerEvent: {}
[102.660547] (hiveflight_sim_node) StdoutLine: {'line': b'-- Set runtime path of "/mnt/c/work/ubuntu_work/HiveFlight/ros2_ws/install/lib/hiveflight_sim_node/simulation_node" to ""\n'}
[102.668898] (hiveflight_sim_node) StdoutLine: {'line': b'-- Installing: /mnt/c/work/ubuntu_work/HiveFlight/ros2_ws/install/share/hiveflight_sim_node/launch\n'}
[102.696166] (hiveflight_sim_node) StdoutLine: {'line': b'-- Installing: /mnt/c/work/ubuntu_work/HiveFlight/ros2_ws/install/share/hiveflight_sim_node/launch/hiveflight.launch.py\n'}
[102.743421] (-) TimerEvent: {}
[102.771651] (hiveflight_sim_node) StdoutLine: {'line': b'-- Installing: /mnt/c/work/ubuntu_work/HiveFlight/ros2_ws/install/lib/hiveflight_sim_node/gazebo_swarm_bridge.py\n'}
[102.838547] (hiveflight_sim_node) StdoutLine: {'line': b'-- Installing: /mnt/c/work/ubuntu_work/HiveFlight/ros2_ws/install/share/ament_index/resource_index/package_run_dependencies/hiveflight_sim_node\n'}
[102.843521] (-) TimerEvent: {}
[102.929551] (hiveflight_sim_node) StdoutLine: {'line': b'-- Installing: /mnt/c/work/ubuntu_work/HiveFlight/ros2_ws/install/share/ament_index/resource_index/parent_prefix_path/hiveflight_sim_node\n'}
[102.943829] (-) TimerEvent: {}
[103.010808] (hiveflight_sim_node) StdoutLine: {'line': b'-- Installing: /mnt/c/work/ubuntu_work/HiveFlight/ros2_ws/install/share/hiveflight_sim_node/environment/ament_prefix_path.sh\n'}
[103.044167] (-) TimerEvent: {}
[103.069043] (hiveflight_sim_node) StdoutLine: {'line': b'-- Installing: /mnt/c/work/ubuntu_work/HiveFlight/ros2_ws/install/share/hiveflight_sim_node/environment/ament_prefix_path.dsv\n'}
[103.130685] (hiveflight_sim_node) StdoutLine: {'line': b'-- Installing: /mnt/c/work/ubuntu_work/HiveFlight/ros2_ws/install/share/hiveflight_sim_node/environment/path.sh\n'}
[103.144356] (-) TimerEvent: {}
[103.189610] (hiveflight_sim_node) StdoutLine: {'line': b'-- Installing: /mnt/c/work/ubuntu_work/HiveFlight/ros2_ws/install/share/hiveflight_sim_node/environment/path.dsv\n'}
[103.244570] (-) TimerEvent: {}
[103.247476] (hiveflight_sim_node) StdoutLine: {'line': b'-- Installing: /mnt/c/work/ubuntu_work/HiveFlight/ros2_ws/install/share/hiveflight_sim_node/local_setup.bash\n'}
[103.301040] (hiveflight_sim_node) StdoutLine: {'line': b'-- Installing: /mnt/c/work/ubuntu_work/HiveFlight/ros2_ws/install/share/hiveflight_sim_node/local_setup.sh\n'}
[103.344728] (-) TimerEvent: {}
[103.356523] (hiveflight_sim_node) StdoutLine: {'line': b'-- Installing: /mnt/c/work/ubuntu_work/HiveFlight/ros2_ws/install/share/hiveflight_sim_node/local_setup.zsh\n'}
[103.412156] (hiveflight_sim_node) StdoutLine: {'line': b'-- Installing: /mnt/c/work/ubuntu_work/HiveFlight/ros2_ws/install/share/hiveflight_sim_node/local_setup.dsv\n'}
[103.444869] (-) TimerEvent: {}
[103.466582] (hiveflight_sim_node) StdoutLine: {'line': b'-- Installing: /mnt/c/work/ubuntu_work/HiveFlight/ros2_ws/install/share/hiveflight_sim_node/package.dsv\n'}
[103.531150] (hiveflight_sim_node) StdoutLine: {'line': b'-- Installing: /mnt/c/work/ubuntu_work/HiveFlight/ros2_ws/install/share/ament_index/resource_index/packages/hiveflight_sim_node\n'}
[103.544994] (-) TimerEvent: {}
[103.626532] (hiveflight_sim_node) StdoutLine: {'line': b'-- Installing: /mnt/c/work/ubuntu_work/HiveFlight/ros2_ws/install/share/hiveflight_sim_node/cmake/hiveflight_sim_nodeConfig.cmake\n'}
[103.645154] (-) TimerEvent: {}
[103.692409] (hiveflight_sim_node) StdoutLine: {'line': b'-- Installing: /mnt/c/work/ubuntu_work/HiveFlight/ros2_ws/install/share/hiveflight_sim_node/cmake/hiveflight_sim_nodeConfig-version.cmake\n'}
[103.745363] (-) TimerEvent: {}
[103.754997] (hiveflight_sim_node) StdoutLine: {'line': b'-- Installing: /mnt/c/work/ubuntu_work/HiveFlight/ros2_ws/install/share/hiveflight_sim_node/package.xml\n'}
[103.806907] (hiveflight_sim_node) CommandEnded: {'returncode': 0}
[103.845482] (-) TimerEvent: {}
[103.946013] (-) TimerEvent: {}
[104.046550] (-) TimerEvent: {}
[104.147028] (-) TimerEvent: {}
[104.247461] (-) TimerEvent: {}
[104.348017] (-) TimerEvent: {}
[104.448484] (-) TimerEvent: {}
[104.549122] (-) TimerEvent: {}
[104.640128] (hiveflight_sim_node) JobEnded: {'identifier': 'hiveflight_sim_node', 'rc': 0}
[104.647792] (-) EventReactorShutdown: {}
